id_jogo,nm_jogo,ano_publicacao,ano_nacional,qt_jogadores_min,qt_jogadores_max,vl_tempo_jogo,idade_minima,qt_tem,qt_teve,qt_favorito,qt_quer,qt_jogou,n_mecanicas,n_categorias,nota_media,qt_avaliacoes,cluster
37648,Tainted Grail: Monarcas da Ruína,2023,2026.0,1,4.0,120,14,262,8,17,276,75,6,0,9.67,38,0
23795,Frosthaven,2022,2025.0,1,4.0,120,12,426,14,68,806,202,17,2,9.64,90,0
40874,The Elder Scrolls: Betrayal of the Second Era,2025,2026.0,1,4.0,240,14,478,11,55,591,221,7,1,9.6,82,0
66596,Breachers - Fendas de Sempreterna,2026,2026.0,1,4.0,60,14,130,3,15,137,24,7,1,9.55,24,0
63567,Brass Birmingham: Deluxe Edition,2018,2021.0,2,4.0,120,14,485,14,54,160,371,11,1,9.51,144,0
78916,Monstros & Tesouros - Campos de Batalha,2026,2026.0,1,4.0,120,14,134,6,7,104,29,11,2,9.46,18,0
78912,Trickerion: Anniversary Edition,2025,2026.0,1,4.0,180,14,212,3,21,104,157,6,0,9.45,48,0
36265,The Castles of Burgundy: Special Edition,2023,2023.0,1,4.0,120,12,713,35,200,1693,1250,8,2,9.42,445,0
63556,Puerto Rico 1897: Edição Especial ,2025,2026.0,1,5.0,120,14,645,10,69,526,886,8,1,9.34,250,0
35379,Terra Mystica: Big Box 2022,2022,2025.0,1,5.0,150,14,226,15,29,216,132,10,1,9.34,71,0
48357,Dragon Eclipse,2024,2026.0,1,2.0,120,12,136,3,18,383,46,4,1,9.33,30,0
50473,Terra Mystica: Era da Inovação,2023,2025.0,1,5.0,200,14,644,47,132,1099,1041,4,0,9.31,315,0
44772,Calamandara,2024,2024.0,2,4.0,90,13,295,14,41,315,237,10,2,9.27,132,0
24320,Seven Galaxies,2020,2020.0,2,6.0,30,10,124,9,26,48,42,4,2,9.26,47,0
77106,Everdell Silverfrost,2025,2026.0,1,4.0,60,10,213,3,20,401,160,4,0,9.26,38,0
85965,Nippon: Zaibatsu - Edição Imperial,2026,2026.0,1,4.0,120,12,134,0,10,82,242,6,0,9.25,54,0
53416,Ticket to Ride Legacy: Lendas do Oeste,2023,2023.0,2,5.0,90,10,694,42,64,813,758,10,1,9.25,241,0
64469,SETI: Busca por Inteligência Extraterrestre,2024,2025.0,1,4.0,160,14,1497,80,242,2047,2340,7,0,9.23,677,0
56534,Duna: Imperium - Uprising,2023,2025.0,1,6.0,120,13,1081,50,166,1033,1339,12,2,9.22,412,0
31155,Voidfall,2023,2025.0,1,4.0,180,14,447,34,62,625,412,11,1,9.22,133,0
63029,O Último Dado,2024,2024.0,4,6.0,40,14,100,2,24,51,66,4,3,9.15,61,0
53447,Carcassonne Big Box 7,2021,2024.0,2,6.0,35,7,190,11,21,156,140,3,0,9.13,58,0
41866,Slay the Spire: O Jogo de Tabuleiro,2024,2024.0,1,4.0,150,12,1067,101,186,1760,1204,6,2,9.13,504,0
13494,Brass: Birmingham,2018,2019.0,2,4.0,120,14,2734,386,585,3515,3652,7,0,9.12,1641,1
13196,Brass: Lancashire,2017,2019.0,2,4.0,180,13,1099,290,246,1160,1642,7,0,9.12,745,1
27167,ISS Vanguard,2022,2024.0,1,4.0,120,13,498,43,48,662,301,4,1,9.12,125,0
71120,Unmatched: The Witcher - A Queda dos Reinos,2024,2026.0,2,3.0,40,9,161,5,5,151,87,3,2,9.11,32,0
33119,Hegemonia: Conduza Sua Classe À Vitória - Edição Ampliada,2023,2026.0,2,4.0,180,14,762,121,162,1744,1344,7,1,9.11,459,0
37857,Dune: Guerra por Arrakis,2024,2024.0,1,4.0,120,14,544,49,47,619,307,8,2,9.11,119,0
23628,Trickerion: Lendas Da Ilusão – Big Box,2019,2024.0,1,4.0,180,14,501,86,66,530,742,9,0,9.11,231,0
13749,Projeto Gaia,2017,2018.0,1,4.0,150,14,2313,417,555,2951,3047,11,2,9.1,1572,1
48200,Unmatched Aventuras: Contos Fantásticos,2023,2026.0,1,4.0,60,9,330,12,24,278,260,8,0,9.09,91,0
25048,Gloomhaven: Presas do Leão,2020,2022.0,1,4.0,120,14,2161,392,267,1477,1361,18,3,9.09,776,1
77025,DC Super Heroes United: Hush,2025,2026.0,1,4.0,30,14,101,2,5,63,49,4,3,9.09,23,0
8624,Gloomhaven,2017,2020.0,1,4.0,120,12,2438,402,615,3018,1853,27,2,9.09,1336,1
38684,Imperium: Horizontes,2024,2025.0,1,4.0,120,14,194,5,20,263,95,7,1,9.09,40,0
17559,Mage Knight: Edição Definitiva,2018,2019.0,1,5.0,150,14,1472,255,337,1874,1071,11,1,9.09,692,1
76427,Nippon: Zaibatsu,2026,2026.0,1,4.0,120,14,221,2,15,360,326,8,0,9.08,77,0
37012,Clank!: Catacombs,2022,2025.0,2,4.0,90,14,1823,89,229,1626,2300,12,2,9.07,650,0
32873,La Granja: Deluxe Master Set,2023,2023.0,1,4.0,120,14,624,82,81,646,881,13,1,9.07,300,0
14910,Twilight Imperium (4ª Edição),2017,2019.0,3,6.0,480,14,1139,223,359,1847,1706,17,2,9.07,775,1
71121,Unmatched: The Witcher - Aço e Prata,2024,2026.0,2,3.0,40,9,176,2,8,182,116,3,2,9.07,34,0
32507,Ark Nova,2021,2023.0,1,4.0,120,14,2289,200,462,2168,3250,4,0,9.07,1205,1
31174,Great Western Trail: Nova Zelândia,2023,2024.0,1,4.0,150,12,1017,90,93,520,1161,9,0,9.06,385,0
35575,Agricola 15: Edição de Aniversário ,2022,2023.0,1,4.0,120,12,849,69,90,523,686,12,0,9.05,266,0
24301,Clash of Cultures: Monumental,2021,2021.0,2,4.0,240,14,1042,149,153,877,1278,7,2,9.05,530,0
9330,Star Wars: Rebellion,2016,2018.0,2,4.0,240,14,1921,393,381,2141,1513,18,3,9.04,1024,1
433,Guerra do Anel (Segunda Edição),2012,2024.0,2,4.0,150,12,1565,339,292,1752,995,11,4,9.03,690,1
30881,Robinson Crusoe: Edição de Colecionador,2022,2024.0,1,4.0,120,14,476,40,44,527,289,5,0,9.03,123,0
23123,Kanban EV,2020,2022.0,1,4.0,180,14,254,32,38,506,340,4,0,9.03,127,0
65868,O Senhor dos Anéis: Duelo pela Terra Média,2024,2024.0,2,2.0,45,10,3010,106,276,1268,2305,5,1,9.02,967,0
34906,Marvel Zombies: X-Men Resistance,2023,2024.0,1,6.0,60,14,500,27,51,339,264,5,1,9.02,135,0
40533,Unmatched: Houdini vs. O Gênio,2022,2025.0,2,2.0,20,9,327,11,13,141,225,6,2,9.02,82,0
53972,Galactic Cruise,2025,2025.0,1,4.0,150,14,327,15,45,605,674,16,0,8.99,176,0
29783,Great Western Trail: Segunda Edição,2021,2022.0,1,4.0,150,12,1398,239,234,1503,1877,7,0,8.99,833,0
8858,Terraforming Mars,2016,2017.0,1,5.0,120,12,6716,866,1692,3963,7787,17,0,8.99,4027,1
35527,Unmatched: Battle of Legends - Volume 2,2022,2025.0,2,4.0,40,9,465,21,27,264,420,3,4,8.96,132,0
22012,Clank!: Legacy – Acquisitions Incorporated,2019,2026.0,2,4.0,100,13,139,21,27,401,194,18,0,8.95,64,0
68203,Shackleton Base: Uma Jornada para a Lua,2024,2026.0,1,4.0,120,14,586,16,42,453,829,2,0,8.95,209,0
28900,Ultimate Railroads,2021,2022.0,1,4.0,120,12,447,69,68,711,754,4,0,8.95,269,0
20444,Tainted Grail: A Queda de Avalon,2019,2021.0,1,4.0,120,14,815,197,129,1034,485,13,2,8.95,308,0
63306,Harmonies,2024,2024.0,1,4.0,30,10,4991,152,572,2148,5651,6,1,8.94,2006,1
33148,O Senhor dos Anéis: Card Game (Revised Core Set),2022,2022.0,1,4.0,60,13,956,152,166,805,587,9,3,8.94,343,0
80826,Orloj: The Prague Astronomical Clock,2025,2026.0,1,4.0,120,14,252,4,12,356,321,7,0,8.93,82,0
62977,Unmatched: Origem do Sol,2024,2026.0,2,2.0,40,9,247,11,6,103,128,6,1,8.93,50,0
56124,Nucleum,2023,2023.0,1,4.0,150,14,680,82,85,610,1091,11,0,8.93,324,0
23952,Rococo: Deluxe Edition,2020,2020.0,1,5.0,120,14,404,67,40,530,745,4,0,8.93,212,0
61700,Wyrmspan,2024,2024.0,1,5.0,90,14,1554,97,171,1450,2167,7,1,8.93,625,0
66494,Feljong,2024,2024.0,4,4.0,90,10,188,16,5,60,84,4,2,8.93,35,0
21032,Sleeping Gods,2021,2023.0,1,4.0,120,13,736,122,74,1439,467,6,1,8.93,205,0
41546,Andromeda's Edge,2024,2025.0,2,4.0,200,14,441,34,51,484,595,5,2,8.92,180,0
20829,O Senhor dos Anéis: Jornadas na Terra Média,2019,2019.0,1,5.0,60,14,3277,524,607,2506,2355,10,3,8.92,1407,1
187,The Castles of Burgundy,2011,2017.0,2,4.0,90,12,3369,828,658,2780,4786,11,1,8.91,2325,1
17363,Eclipse: O Segundo Despertar da Galáxia,2020,2022.0,2,6.0,200,14,706,88,129,952,1181,17,2,8.91,403,0
10959,Spirit Island,2017,2019.0,1,4.0,120,12,2147,441,382,2251,2218,12,0,8.91,1119,1
36830,Tiranos da Umbreterna (Segunda Edição),2021,2024.0,2,4.0,90,14,1178,61,118,622,1440,2,1,8.9,458,0
11478,Lisboa,2017,2017.0,1,4.0,120,12,1452,350,279,1756,1801,5,0,8.9,881,1
29022,Ticket to Ride: Europa - 15 Anos,2021,2021.0,2,5.0,60,8,823,78,105,573,873,8,1,8.9,380,0
71312,Athos Bulcão | Master Pieces,2026,2026.0,1,6.0,60,10,102,4,3,95,206,5,2,8.9,54,0
25957,The Thing: The Boardgame,2022,2022.0,1,8.0,90,14,545,124,121,1361,1131,9,1,8.89,349,0
13588,Clãs da Caledônia,2017,2017.0,1,4.0,120,12,1659,485,360,2210,2772,8,0,8.89,1339,1
46714,Inventores do Sul do Tigre,2024,2025.0,1,4.0,120,12,142,7,5,157,114,7,1,8.88,45,0
34903,O Legado de Yu,2023,2023.0,1,1.0,60,12,332,91,27,359,233,4,0,8.88,143,0
32088,Arkham Horror: The Card Game (Revised Edition),2021,2021.0,1,4.0,120,14,1956,248,265,1193,1292,16,3,8.88,668,0
82928,Gatos e Masmorras,2026,2026.0,2,6.0,20,8,111,0,7,92,72,14,4,8.87,23,0
15950,Root,2018,2019.0,2,4.0,90,13,3953,680,853,4083,4769,11,2,8.87,2171,1
8285,7 Wonders Duel,2015,2017.0,2,2.0,30,10,8754,948,1142,2591,7110,16,1,8.87,4383,1
31173,Great Western Trail: Argentina,2022,2023.0,1,4.0,150,12,1178,138,83,413,1095,7,0,8.86,422,0
30978,O Inconsciente,2024,2024.0,1,4.0,120,12,635,58,82,1152,1040,12,1,8.86,290,0
37434,Wingspan: Ásia,2022,2023.0,1,2.0,70,14,1515,110,56,652,1290,3,2,8.86,385,0
16788,Everdell,2018,2021.0,1,4.0,80,13,4310,503,677,3622,5059,10,0,8.77,2138,1
35743,Engis,2023,2023.0,1,4.0,75,10,132,17,7,89,122,4,1,8.77,60,0
8627,Through The Ages: Uma Nova História da Civilização,2015,2017.0,2,4.0,180,14,1415,387,273,1405,1749,7,0,8.77,951,1
31237,Keep the Heroes Out!,2022,2022.0,1,4.0,50,10,1168,119,172,1497,1435,9,2,8.77,478,0
54747,Inferno,2024,2024.0,1,4.0,120,14,434,49,37,603,766,11,0,8.76,212,0
11112,Mansions of Madness (2ª Edição),2016,2017.0,1,5.0,180,14,3986,793,845,3275,3886,13,4,8.76,2227,1
80859,Memoir '44 (Edição Revisada),2025,2025.0,2,8.0,60,8,141,9,13,189,78,15,1,8.76,53,0
67183,DCeased: Gotham City Outbreak,2024,2026.0,1,4.0,60,14,149,7,13,107,64,9,2,8.76,27,0
27957,Descent: Lendas da Escuridão,2021,2021.0,1,4.0,180,14,909,152,123,1081,601,13,3,8.76,315,0
7231,Pandemic Legacy: 1ª Temporada,2015,2015.0,2,4.0,60,13,1394,301,206,1601,1271,9,0,8.76,765,1
8201,Arcadia Quest: Inferno,2017,2018.0,2,4.0,60,13,752,152,111,736,436,9,2,8.76,294,0
6764,Scythe,2016,2017.0,1,5.0,90,14,3688,613,868,3677,5384,16,3,8.75,2448,1
5058,Five Tribes,2014,2018.0,2,4.0,80,13,2736,564,528,2479,4340,13,0,8.75,2029,1
66640,Star Wars: The Deckbuilding Game – Clone Wars Edition,2024,2026.0,2,2.0,30,12,169,0,8,235,78,3,3,8.75,34,0
66495,Geeks Vs Trolls,2026,2026.0,1,6.0,15,10,239,10,15,156,191,4,1,8.75,170,0
38119,Horizontes de Spirit Island ,2022,2026.0,1,3.0,120,13,194,12,6,102,90,9,1,8.75,26,0
80863,Galhos,2026,2026.0,1,4.0,30,14,101,3,4,98,143,6,3,8.74,47,0
25051,Unmatched: Becos e Brumas,2020,2023.0,2,4.0,40,9,586,96,56,485,640,3,3,8.74,205,0
33831,Monstros & Tesouros,2022,2022.0,1,4.0,120,14,420,50,42,275,173,4,2,8.74,126,0
1860,Caverna: The Cave Farmers,2013,2022.0,1,7.0,210,14,2238,376,361,2185,2788,6,0,8.74,1323,1
9712,Catan: Plus,2019,2020.0,3,6.0,75,10,470,61,62,467,407,5,0,8.74,164,0
24553,Hansa Teutonica: Big Box,2020,2021.0,3,5.0,90,12,1127,196,99,607,1555,7,0,8.73,528,0
47270,Marvel United: Spider-Geddon,2023,2024.0,1,5.0,40,14,757,33,36,260,362,5,3,8.73,141,0
24241,Foundations of Rome,2022,2024.0,2,4.0,90,13,137,14,28,547,378,7,1,8.73,82,0
2194,Concordia,2013,2017.0,2,5.0,100,12,1016,264,193,1714,2195,13,0,8.73,869,1
68254,Dorfromantik: Sakura,2024,2026.0,1,6.0,90,10,199,6,10,193,120,6,0,8.72,40,0
23070,High Frontier 4 All,2020,2022.0,1,5.0,240,14,265,34,37,361,195,10,1,8.72,87,0
58195,Yokohama: Segunda Edição,2024,2024.0,2,4.0,90,14,339,26,19,365,417,9,0,8.72,130,0
9538,Anachrony,2017,2022.0,1,4.0,120,14,1301,223,196,1269,1838,6,1,8.72,749,0
25979,7 Wonders: Segunda Edição,2020,2021.0,3,7.0,30,10,2442,183,273,1259,2585,4,2,8.71,1092,1
83772,Nevasca,2026,2026.0,2,5.0,30,14,287,6,40,199,208,3,1,8.71,115,0
23420,Marco Polo II: Ao Serviço do Khan,2019,2020.0,2,4.0,120,12,586,140,91,587,952,7,0,8.71,414,0
78021,Feya's Swamp,2025,2026.0,2,4.0,100,12,380,9,14,445,434,8,0,8.71,88,0
78102,Aristofarsa,2025,2025.0,2,6.0,30,14,138,5,9,80,136,7,3,8.71,51,0
8581,Food Chain Magnate,2015,2025.0,2,5.0,240,14,975,159,185,1658,1645,8,0,8.71,591,0
39754,Inventions: Evolution of Ideas,2024,2024.0,1,4.0,150,14,123,14,13,278,222,3,1,8.71,53,0
11178,Clank!: Uma Aventura de Construção de Baralho,2016,2023.0,2,4.0,60,12,2979,570,506,2476,4818,12,2,8.71,1938,1
52715,Planta Nubo,2023,2024.0,1,4.0,120,12,129,6,2,175,121,5,0,8.7,36,0
54714,Doggerland,2023,2024.0,1,4.0,120,14,420,46,24,362,517,4,0,8.7,174,0
9611,Tiranos da Umbreterna,2016,2018.0,2,4.0,60,14,1270,198,208,1128,2196,7,1,8.69,804,1
13280,Luna Maris,2022,2022.0,1,4.0,120,12,635,94,43,475,748,5,0,8.69,300,0
36126,Azul: Mestre Chocolatier,2022,2023.0,2,4.0,45,8,983,57,81,541,1215,5,2,8.69,426,0
14457,Carcassonne Plus,2017,2019.0,2,6.0,35,7,805,112,120,645,729,2,0,8.69,350,0
51774,Esdras e Neemias,2024,2025.0,1,4.0,120,13,380,35,21,469,419,7,1,8.68,125,0
41867,The White Castle,2023,2023.0,1,4.0,80,12,1584,135,139,969,2266,8,1,8.68,715,0
26163,Carnegie,2022,2022.0,1,4.0,150,14,578,120,65,537,1036,15,0,8.67,396,0
77966,The White Castle Duel,2025,2026.0,2,2.0,40,10,115,3,3,95,81,9,0,8.67,22,0
22705,Wonderland's War,2022,2024.0,2,5.0,125,13,981,104,101,1188,1357,11,4,8.66,390,0
10672,Agricola: Edição Revisada,2016,2023.0,1,4.0,120,12,1826,501,304,1870,2551,12,0,8.66,1222,1
79022,Star Wars: Battle of Hoth,2025,2025.0,2,4.0,30,8,395,12,19,280,284,14,1,8.66,106,0
46380,Azul Mini,2023,2023.0,2,4.0,45,8,3425,162,214,692,2682,6,3,8.66,1176,0
36707,World Wonders,2023,2023.0,1,5.0,70,12,1859,226,214,1271,2780,6,2,8.65,967,0
42403,Estudiosos do Sul do Tigre,2023,2024.0,1,4.0,90,12,310,40,21,212,380,7,2,8.65,113,0
29982,Zombicide: Undead or Alive,2022,2023.0,1,6.0,60,14,655,73,61,433,479,8,2,8.65,207,0
14981,Azul,2017,2018.0,2,4.0,45,8,9428,752,1147,3561,10300,5,2,8.65,5079,1
70797,Zenkai: Adventure,2025,2025.0,1,6.0,90,10,195,19,16,113,159,7,0,8.65,67,0
29058,Carcassonne: Edição do 20° Aniversário,2021,2021.0,2,5.0,45,7,758,87,94,541,831,3,1,8.64,363,0
21960,O Bom do Videogame,2023,2023.0,2,5.0,60,12,545,62,41,613,762,8,0,8.63,267,0
21122,Pax Pamir: Segunda Edição,2019,2022.0,1,5.0,120,14,617,109,105,737,963,10,0,8.63,342,0
16085,Teotihuacan: City of Gods,2018,2019.0,1,4.0,120,12,1540,328,184,977,2033,8,1,8.63,915,1
77825,Everdell Farshore: Edição de Colecionador,2023,2025.0,1,4.0,80,10,219,16,12,108,223,4,1,8.62,62,0
62114,Fate: Defensores de Grimheim,2024,2025.0,1,4.0,180,14,796,48,72,681,803,10,0,8.62,246,0
66840,Azul Mini: Pavilhão de Verão,2024,2024.0,2,4.0,45,8,568,27,22,211,518,6,3,8.62,165,0
59347,Potion Rush,2025,2025.0,2,6.0,20,14,186,3,16,102,194,3,2,8.62,56,0
26735,Massive Darkness 2: Hellscape,2021,2022.0,1,6.0,60,14,549,53,71,617,301,7,2,8.62,153,0
8424,Mombasa,2015,2017.0,2,4.0,150,12,1080,404,136,988,1636,13,0,8.62,794,1
29986,Tiny Epic Dungeons,2021,2023.0,1,4.0,60,14,1969,207,193,1273,1264,8,2,8.61,579,0
366,Robinson Crusoé: Aventuras na Ilha Amaldiçoada,2012,2016.0,1,4.0,120,14,2587,882,399,2384,2619,19,0,8.61,1536,1
7333,As Viagens de Marco Polo,2015,2016.0,2,4.0,100,12,1801,575,344,1337,2963,9,1,8.61,1537,1
36576,Village: Big Box,2022,2023.0,1,5.0,120,12,378,69,41,376,512,6,0,8.6,191,0
9109,Grand Austria Hotel,2015,2018.0,2,4.0,90,12,1285,362,189,1213,1996,5,1,8.6,923,1
18167,Zombicide: Dark Side,2019,2020.0,1,6.0,60,14,263,45,17,303,119,6,2,8.6,69,0
64128,Oikos,2024,2024.0,2,6.0,60,14,296,25,20,186,386,10,2,8.6,132,0
98,Lords of Waterdeep,2012,2026.0,2,5.0,60,12,1789,386,449,2068,3427,8,0,8.6,1559,1
10425,Aeon's End,2016,2023.0,1,4.0,60,14,651,104,67,757,747,10,0,8.6,301,0
25929,Imperium: Lendas,2021,2022.0,1,4.0,120,12,517,98,31,250,305,2,1,8.6,185,0
6550,Orléans,2014,2017.0,2,4.0,90,12,1824,392,222,1087,2694,11,0,8.6,1204,1
25894,Cascadia,2021,2022.0,1,4.0,45,14,2109,237,210,1948,3391,2,2,8.59,1140,1
52890,Star Wars: Unlimited,2024,2024.0,2,4.0,20,12,113,12,8,92,133,4,2,8.59,47,0
62689,Faith Battle,2024,2024.0,2,8.0,30,8,146,7,14,39,46,1,1,8.59,35,0
28281,Sanduíche,2020,2020.0,2,6.0,10,7,132,8,7,60,121,2,1,8.57,50,0
27320,Unmatched: Chapeuzinho Vermelho vs. Beowulf,2020,2023.0,2,2.0,20,9,423,58,20,270,336,3,3,8.57,137,0
76468,Grasse (2ª Edição),2025,2025.0,1,4.0,90,14,562,32,19,182,499,4,1,8.57,158,0
32942,Azul: Jardim da Rainha,2021,2022.0,2,4.0,60,10,977,88,91,848,1352,5,2,8.57,425,0
4699,La Granja,2014,2019.0,1,4.0,120,12,1805,585,184,1268,2376,9,0,8.57,1145,1
14946,Star Wars: Legion,2018,2018.0,2,2.0,120,12,323,68,50,321,146,6,2,8.56,115,0
24015,Kemet: Blood and Sand,2021,2021.0,2,5.0,120,13,605,113,62,594,661,10,2,8.56,249,0
25605,The Red Cathedral,2020,2021.0,1,4.0,60,10,1605,262,124,911,2118,3,0,8.56,763,0
14346,Brazil: Imperial,2021,2021.0,1,4.0,100,14,2084,390,247,1878,2342,6,1,8.56,1068,1
25167,Os Desejos do Sultão,2021,2021.0,1,4.0,60,14,349,39,38,180,357,5,0,8.56,171,0
56126,Critter Kitchen,2025,2025.0,1,5.0,70,10,722,31,45,591,810,3,0,8.56,235,0
7714,The Gallerist,2015,2023.0,1,4.0,120,12,1086,353,151,954,1606,11,0,8.56,810,1
10546,Pandemic Iberia,2016,2023.0,2,5.0,45,8,537,79,34,505,456,10,0,8.56,199,0
68249,Bomb Busters,2024,2026.0,2,5.0,30,10,864,14,49,889,1123,8,0,8.55,278,0
22860,Destinos,2021,2022.0,1,3.0,150,14,630,153,53,712,532,11,2,8.55,250,0
26212,Paleo,2020,2022.0,1,4.0,60,10,436,90,43,639,485,3,0,8.55,189,0
65898,Black Forest,2024,2025.0,1,4.0,120,14,352,26,19,515,486,8,0,8.55,134,0
50577,Trio,2021,2023.0,2,6.0,15,8,5658,124,324,1003,5418,3,3,8.55,1997,1
21822,Maracaibo,2019,2020.0,1,4.0,120,12,996,355,97,1138,1309,18,0,8.54,646,1
9711,Viticulture - Edição Essencial,2015,2017.0,1,6.0,90,14,3039,580,442,1847,4124,7,0,8.54,1866,1
19212, Chicago 1875: City of the Big Shoulders,2019,2026.0,1,4.0,180,14,160,38,37,393,329,12,0,8.54,130,0
25200,Pandemic Legacy: Season 0,2020,2021.0,1,4.0,60,14,644,62,12,254,391,5,0,8.54,143,0
70711,Águas Rasas,2025,2026.0,1,4.0,45,14,491,5,19,389,709,8,2,8.54,160,0
24726,Praga Caput Regni,2020,2022.0,1,4.0,120,12,438,115,30,411,675,9,0,8.54,248,0
21221,Star Wars: Orla Exterior,2019,2019.0,1,4.0,180,14,1234,230,136,661,1310,7,0,8.53,605,0
35666,Tiletum,2022,2025.0,1,4.0,120,14,391,39,21,404,635,6,1,8.53,191,0
23524,Convidados Indesejados,2016,2023.0,1,8.0,75,12,1569,175,126,1365,1797,4,0,8.53,656,0
8688,Empires: Age of Discovery,2015,2018.0,2,6.0,150,10,149,63,35,456,410,5,1,8.52,176,0
77063,Finspan,2025,2025.0,1,5.0,60,10,866,49,47,622,1210,4,1,8.52,294,0
55669,Decrypto: 5th Anniversary Edition,2023,2023.0,3,8.0,45,12,1459,78,78,629,1154,3,1,8.52,440,0
47450,Cyclades: Legendary,2025,2025.0,2,6.0,120,13,568,32,45,560,593,10,1,8.52,193,0
32897,Scout,2019,2024.0,2,5.0,20,9,4591,131,264,1199,4818,4,2,8.52,1589,1
25928,Imperium: Clássicos,2021,2022.0,1,4.0,120,12,684,139,58,383,641,2,1,8.52,283,0
