cluster,variavel,count,mean,std,min,p25,mediana,p75,max
0,ano_publicacao,57.0,2020.0526315789473,3.587782107532148,2012.0,2018.0,2021.0,2023.0,2025.0
0,ano_nacional,57.0,2022.0526315789473,2.7217447964205066,2016.0,2021.0,2022.0,2024.0,2026.0
0,qt_jogadores_min,57.0,1.4385964912280702,0.5351082620650945,1.0,1.0,1.0,2.0,3.0
0,qt_jogadores_max,57.0,4.631578947368421,1.2046276684307364,2.0,4.0,4.0,5.0,8.0
0,vl_tempo_jogo,57.0,84.03508771929825,44.354885748069634,10.0,60.0,75.0,120.0,180.0
0,idade_minima,57.0,11.929824561403509,2.111699122260885,7.0,10.0,12.0,14.0,14.0
0,qt_tem,57.0,1035.3508771929824,1036.7877329801627,113.0,423.0,644.0,1459.0,5658.0
0,qt_teve,57.0,160.3859649122807,183.85084738780245,3.0,39.0,87.0,230.0,882.0
0,qt_favorito,57.0,104.63157894736842,112.36207919981395,7.0,30.0,53.0,136.0,449.0
0,qt_quer,57.0,735.421052631579,539.9173199722483,39.0,376.0,617.0,988.0,2384.0
0,qt_jogou,57.0,1231.4912280701753,1209.4886038972809,46.0,410.0,747.0,1636.0,5418.0
0,n_mecanicas,57.0,6.7894736842105265,3.7736721510697504,1.0,4.0,6.0,9.0,19.0
0,n_categorias,57.0,0.8947368421052632,0.9389243565742775,0.0,0.0,1.0,2.0,3.0
0,tx_retencao,57.0,0.8726727590216616,0.073515928562154,0.7028301886792453,0.8260869565217391,0.8794178794178794,0.9319148936170212,0.9899193548387096
0,idx_desejo,57.0,0.8604284577046953,0.4707234131475356,0.1772711205372923,0.567601246105919,0.8555276381909548,0.9947089947089948,3.0604026845637584
0,tx_fidelizacao,57.0,0.09757561304062015,0.04951475653789933,0.0186335403726708,0.0599613152804642,0.0904522613065326,0.1194805194805194,0.2509782001117943
0,diversidade_mecanica,57.0,6.7894736842105265,3.7736721510697504,1.0,4.0,6.0,9.0,19.0
0,amplitude_publico,57.0,3.192982456140351,1.1563272598315644,0.0,3.0,3.0,4.0,7.0
0,nota_media,57.0,8.573333333333334,0.03567378656127003,8.52,8.54,8.57,8.6,8.64
0,nota_rank,57.0,8.110877192982455,0.34907162947777015,7.07,7.96,8.14,8.4,8.53
0,qt_avaliacoes,57.0,505.1578947368421,513.0986325911591,35.0,160.0,250.0,763.0,1997.0
0,tx_satisfacao,57.0,5.327306058316513,1.7686166748583325,2.1549295774647885,4.288888888888889,5.166666666666667,6.16358024691358,11.916666666666666
0,tx_conversao,57.0,0.25295081334477504,0.08058025697043193,0.12190812720848057,0.18960244648318042,0.23508137432188064,0.29980483410899267,0.48980242192479284
1,ano_publicacao,56.0,2020.857142857143,3.738879615502588,2013.0,2017.0,2022.0,2024.0,2026.0
1,ano_nacional,56.0,2022.482142857143,2.9044860063424234,2015.0,2021.0,2023.0,2025.0,2026.0
1,qt_jogadores_min,56.0,1.5357142857142858,0.6019448997521802,1.0,1.0,1.0,2.0,3.0
1,qt_jogadores_max,56.0,4.517857142857143,1.095296911652418,2.0,4.0,4.0,5.0,8.0
1,vl_tempo_jogo,56.0,91.07142857142857,52.938337076900446,15.0,48.75,85.0,120.0,240.0
1,idade_minima,56.0,12.107142857142858,2.0773984729907777,7.0,10.0,13.0,14.0,14.0
1,qt_tem,56.0,1154.5535714285713,1542.4533694987094,101.0,258.5,610.5,1324.25,9428.0
1,qt_teve,56.0,158.05357142857142,200.63249257765324,0.0,14.0,83.5,196.5,793.0
1,qt_favorito,56.0,160.33928571428572,239.30872238677304,2.0,18.25,61.5,198.5,1147.0
1,qt_quer,56.0,922.8214285714286,959.8950720524871,80.0,253.75,539.0,1269.5,3677.0
1,qt_jogou,56.0,1393.9464285714287,1833.3990134535547,64.0,204.75,620.5,1927.25,10300.0
1,n_mecanicas,56.0,7.785714285714286,3.473087626642562,2.0,5.0,7.0,9.25,16.0
1,n_categorias,56.0,1.1964285714285714,1.2123552263281563,0.0,0.0,1.0,2.0,4.0
1,tx_retencao,56.0,0.8974511738029697,0.054550980532883195,0.7847013321873657,0.8572909857449367,0.8981804718078916,0.9426087565347274,1.0
1,idx_desejo,56.0,0.9805082348022621,0.547506790846982,0.2020437956204379,0.681336291913215,0.8971281139199706,1.154133315713962,3.9927007299270074
1,tx_fidelizacao,56.0,0.10950812955384974,0.05442992813835409,0.0155038759689922,0.06269156766331732,0.10147808358817531,0.14946457813148983,0.2353579175704989
1,diversidade_mecanica,56.0,7.785714285714286,3.473087626642562,2.0,5.0,7.0,9.25,16.0
1,amplitude_publico,56.0,2.982142857142857,1.1830787482984069,0.0,2.0,3.0,3.25,6.0
1,nota_media,56.0,8.715714285714286,0.03798837826384375,8.65,8.69,8.72,8.75,8.77
1,nota_rank,56.0,8.088035714285715,0.5389802480538668,6.82,7.73,8.27,8.535,8.71
1,qt_avaliacoes,56.0,602.4107142857143,872.5286507780542,22.0,87.75,253.0,774.75,5079.0
1,tx_satisfacao,56.0,4.831486731367343,2.6500945669305067,2.076923076923077,3.3437306158617632,4.04832995951417,5.516232169208067,18.0
1,tx_conversao,56.0,0.23250967863763136,0.0881814790871484,0.08415841584158416,0.16002740977615348,0.2292018731903121,0.30046325162507714,0.43037974683544306
2,ano_publicacao,70.0,2021.1714285714286,3.2301632236383586,2011.0,2019.0,2022.0,2024.0,2026.0
2,ano_nacional,70.0,2022.6714285714286,2.764796444384647,2017.0,2021.0,2023.5,2025.0,2026.0
2,qt_jogadores_min,70.0,1.4428571428571428,0.673208073132556,1.0,1.0,1.0,2.0,4.0
2,qt_jogadores_max,70.0,4.128571428571429,1.0757057484009542,1.0,4.0,4.0,4.0,8.0
2,vl_tempo_jogo,70.0,113.42857142857143,67.48345399538319,20.0,60.0,120.0,142.5,480.0
2,idade_minima,70.0,12.471428571428572,1.931594134548228,7.0,12.0,13.0,14.0,14.0
2,qt_tem,70.0,1272.4857142857143,1514.8603680126987,100.0,330.5,749.0,1562.25,8754.0
2,qt_teve,70.0,169.67142857142858,214.62645145600362,0.0,21.0,88.5,235.0,948.0
2,qt_favorito,70.0,207.5142857142857,288.9652074165824,3.0,29.75,87.5,273.75,1692.0
2,qt_quer,70.0,1120.1714285714286,989.9371956572577,51.0,370.25,657.0,1750.0,4083.0
2,qt_jogou,70.0,1364.142857142857,1579.6878363953704,49.0,302.5,938.0,1690.0,7787.0
2,n_mecanicas,70.0,8.642857142857142,4.969576176154302,2.0,5.0,7.0,11.0,27.0
2,n_categorias,70.0,1.2142857142857142,1.1658530141135282,0.0,0.0,1.0,2.0,4.0
2,tx_retencao,70.0,0.9008823393760487,0.058647045282576964,0.7737873134328358,0.8577643163630425,0.9078588553774853,0.9533439456909383,1.0
2,idx_desejo,70.0,1.0614909480616297,0.5164210742988466,0.2959789810372401,0.6866682260305437,1.0346736596736599,1.2832045883592342,2.884892086330935
2,tx_fidelizacao,70.0,0.13338608908482863,0.06720970385404133,0.0242914979757085,0.08765915104980042,0.1265995658285616,0.1862437006496045,0.315188762071993
2,diversidade_mecanica,70.0,8.642857142857142,4.969576176154302,2.0,5.0,7.0,11.0,27.0
2,amplitude_publico,70.0,2.6857142857142855,1.2340913120428436,0.0,2.0,3.0,3.0,7.0
2,nota_media,70.0,8.993285714285715,0.08974555705076416,8.86,8.9125,8.99,9.0775,9.15
2,nota_rank,70.0,8.375857142857143,0.5572564597245705,6.9,8.15,8.55,8.82,9.03
2,qt_avaliacoes,70.0,617.1428571428571,822.4336682774825,23.0,123.5,333.5,767.5,4383.0
2,tx_satisfacao,70.0,3.8765086836801257,2.2615741539789047,2.0,2.6931673863347725,3.403078775369797,3.94468954248366,18.0
2,tx_conversao,70.0,0.21297520148675883,0.07357326278348049,0.087527352297593,0.16335649905891447,0.20748287447857744,0.2582695170052839,0.40397350993377484
3,ano_publicacao,20.0,2023.5,2.013114894621608,2018.0,2023.0,2023.5,2025.0,2026.0
3,ano_nacional,20.0,2024.75,1.7434086394791457,2020.0,2024.75,2025.0,2026.0,2026.0
3,qt_jogadores_min,20.0,1.2,0.41039134083406165,1.0,1.0,1.0,1.0,2.0
3,qt_jogadores_max,20.0,4.3,0.8645047258706176,2.0,4.0,4.0,5.0,6.0
3,vl_tempo_jogo,20.0,126.0,49.672612384015316,30.0,112.5,120.0,152.5,240.0
3,idade_minima,20.0,12.9,1.4832396974191326,10.0,12.0,14.0,14.0,14.0
3,qt_tem,20.0,448.8,357.6710632322445,124.0,193.0,360.5,644.25,1497.0
3,qt_teve,20.0,20.05,21.107431966265494,0.0,5.25,12.5,34.25,80.0
3,qt_favorito,20.0,65.8,66.98122282047645,7.0,19.5,47.5,68.25,242.0
3,qt_quer,20.0,572.95,547.6109332459738,48.0,154.25,392.0,807.75,2047.0
3,qt_jogou,20.0,498.2,602.6500773993758,24.0,117.75,229.0,790.0,2340.0
3,n_mecanicas,20.0,8.15,3.3603727863375354,4.0,6.0,7.5,10.25,17.0
3,n_categorias,20.0,1.0,0.7947194142390263,0.0,0.0,1.0,2.0,2.0
3,tx_retencao,20.0,0.9622590046220173,0.020812766408869043,0.9293139293139292,0.9476867711119075,0.9626623376623376,0.9777331509025908,1.0
3,idx_desejo,20.0,1.2171426691156417,0.6501274534633552,0.3298969072164948,0.8056577577230128,1.060821382007823,1.475288152903414,2.8161764705882355
3,tx_fidelizacao,20.0,0.13170193593849447,0.05405578673724072,0.0522388059701492,0.09776663123394452,0.12185159972770584,0.1550772411217226,0.2805049088359046
3,diversidade_mecanica,20.0,8.15,3.3603727863375354,4.0,6.0,7.5,10.25,17.0
3,amplitude_publico,20.0,3.1,0.8522416262267903,1.0,3.0,3.0,3.25,5.0
3,nota_media,20.0,9.379,0.14828493198107345,9.22,9.2575,9.335,9.4725,9.67
3,nota_rank,20.0,8.120000000000001,0.6720667260105398,6.92,7.58,8.29,8.712499999999999,9.07
3,qt_avaliacoes,20.0,164.45,176.6439997044308,18.0,44.75,86.0,243.25,677.0
3,tx_satisfacao,20.0,2.502023794008199,0.945679740874469,1.3235294117647058,1.876923076923077,2.3360389610389607,2.699380165289256,5.4
3,tx_conversao,20.0,0.15150573804269138,0.06832754118530511,0.057803468208092484,0.07643796527029895,0.16027692788104983,0.19954158644698797,0.27325581395348836
