,n_jogos_com_mecanica,ano_publicacao,ano_nacional,qt_jogadores_min,qt_jogadores_max,vl_tempo_jogo,idade_minima,qt_tem,qt_teve,qt_favorito,qt_quer,qt_jogou,n_mecanicas,n_categorias,nota_media,qt_avaliacoes
Acertos e Falhas Críticas,4,-0.020338782151668826,-0.02037761435375591,-0.04599725534696702,0.07733572697079164,0.0795645022712334,0.017008083944277254,0.02999055384515107,0.05553562155202325,0.0664751853832811,0.08089149853104068,-0.0104911213756625,0.3218616813169412,0.08494127149998044,0.05399770208978877,0.02114154782789883
Acordos,2,-0.04292988360675405,-0.023292570152999015,-0.07420758157344745,0.05441187403686942,0.13842170796756328,0.08709673384151516,-0.04859257080023413,-0.0398366599169554,-0.035890298355156024,-0.04152881958081878,-0.04448603441690177,0.05202875565664789,-0.05490512272424697,-0.06259531313967288,-0.04423181420512958
Alianças,1,-0.020187186631009907,-0.016429515571310734,0.06571909259414001,0.10172167872645346,0.12212082472871087,0.0614340596791221,-0.020327443569768414,-0.02212571391544036,-0.007109706058155366,0.0039809960484809325,-0.0032184233274632134,0.1554888349092918,0.05833040939650164,0.019975548154913078,-0.012965297572018844
Alocação de Diferentes Tipos de Trabalhadores,18,-0.014915939761932855,0.020508340190518778,-0.08666067301668895,-0.03266167226918329,0.1976655845936743,0.16793936607541443,-0.07062109928989545,-0.011335001977822582,-0.05842305390666452,-0.04866401869395343,-0.03167641120868021,0.06656493890418823,-0.21950007343991274,0.020675970650140058,-0.03527469991783935
Alocação de Trabalhadores,46,0.023633104797919524,0.10179035498457849,-0.2052307880894299,-0.07551120356763752,0.15021330910951672,0.13583736656206125,-0.13016008034555515,-0.034173547248828505,-0.10624711373760504,-0.09029299668205656,-0.07699518196075325,-0.007158189128206576,-0.37368777940464704,-0.08592235236781243,-0.07994278335659405
Alocação de Trabalhadores com Dados,9,-0.05493123334430535,-0.10185914236352538,-0.03976149794580123,-0.03332568859496725,0.01156904126304139,-0.05226955208469539,0.007340763951773459,0.09419008558859965,0.031298166473405484,0.019404143351263097,0.05815004999640768,0.008444934383884797,-0.019515065127220798,-0.03630852925751203,0.05733760710339499
Apostas e Blefes,2,0.0572398448090054,0.048349728953952495,0.2605510641912152,0.009511018632460923,0.012589621061287028,-0.03812024186547902,-0.03788487029495624,-0.04573890232968234,-0.043900507870776595,-0.03274976516449621,-0.03510209563602528,-0.00811838214688014,0.1744310894778545,-0.016170535301876315,-0.044506090703114023
Apostas em Metas,1,0.0,-0.041696119063553756,-0.05234264011922657,-0.024962375147595955,-0.04927047595227496,0.0614340596791221,-0.03911714489045778,-0.039864448203897306,-0.03567377739619452,-0.05975886671548897,-0.041763000318329295,-0.0481513811332,-0.07108022565803206,-0.07553338161672685,-0.03540690345432981
Ação / Evento,4,0.010169391075834415,0.030535071354704964,-0.04599725534696706,-0.050299659818401066,0.08573158663971772,0.08819655901001497,-0.002939497451611227,0.015597299558165408,0.04844904624570488,0.09711249693710766,-0.026797642502126517,0.21072822887740073,0.11753688230243031,0.051248383423064946,-0.0005427372395812591
Bônus de Fim de Jogo,49,0.05614899712787286,0.03777565691105439,-0.01398774588550239,-0.10685194485612753,-0.02044427604991217,0.018536715426271923,0.21895429379704723,0.11172057470278378,0.22114846930928767,0.2077304932146358,0.2742945501933371,0.29699106445442297,-0.09345428614498102,-0.00013855995386584385,0.23811369861548184
Cabo-de-Guerra,2,-0.042929883606754086,-0.04120314492973686,0.09317174130888392,-0.21499325838958153,-0.12192054080404273,-0.06316363700687785,0.25140958865251645,0.16674182452848826,0.18839556808222024,0.05960588729521687,0.15546149508375293,0.03999932809594228,0.08269660459701397,-0.010367438072151824,0.22922185428536304
Camadas de Componentes,2,-0.04292988360675408,-0.07702429448321263,0.09317174130888389,-0.21499325838958147,-0.1089034283654624,-0.11325042728967555,0.35740463093646924,0.19394346347409946,0.24802712780961786,0.12006430870895811,0.22930612994245242,0.06405818321735349,-0.009037880283826658,0.041860436995369565,0.29319684744023505
Campanha / Batalhas Dirigidas por Cartas,12,-0.035957991594729385,0.008978948462604601,-0.08132094187415013,0.04270367214449074,-0.0119773074257256,-0.08530018267249072,0.01880311015138668,0.06680252118748546,0.060961503911672,0.07680790099820389,-0.0635273797864063,0.31210244571361045,0.13096293608072201,0.12057877654895467,-0.007908971503824785
Captura de Peças,1,0.06056155989302968,0.03410369141317529,0.06571909259414001,-0.024962375147595972,-0.012543768663492272,0.026105124509541933,-0.04195928458602421,-0.048914822840865124,-0.03473210471472072,-0.048612647190701457,-0.04737628822962046,0.036698708884504876,0.05833040939650162,0.11821330449145691,-0.03917941478799415
Cartas Multiuso,17,-3.469446951953614e-18,-0.0003460495303886351,0.04365804821061349,-0.05922848276883524,-0.04306800597199183,0.005014574791754895,0.029496729160823403,0.019580107819846457,-0.0009563379720712167,-0.0163256463133176,0.01072767356394478,0.23489221471908886,-0.09280922921529042,0.11617817649495787,0.025437053255555626
Cartas de Comando,5,0.10942464128219712,0.0656114703821326,-0.0115590962169894,0.05806991925713775,-0.03386054290455141,-0.1484993508658562,-0.06359853770058264,-0.0780981759800613,-0.0636980416475843,-0.05418667393293458,-0.06955941737614355,0.1135475533282914,-0.01439799512776898,-0.010352908294735653,-0.07057370570394267
Cenário / Missão / Campanha,29,0.04442940987981339,0.025998805045347823,-0.185599099132996,-0.03077831921747111,0.0006998335460158128,0.08078385175871763,-0.03438546568887052,0.03763343591746651,-0.003131180944311078,0.0277574151182701,-0.12632362362730004,0.3181926650128457,0.15720375667027786,0.14866298617082885,-0.0678159898724115
Cerco de Área,5,-0.11854336138904689,-0.11699868883052092,-0.06488856285446312,-0.08499068279624777,0.0546181725853786,-0.020832359967947002,0.11152376633226536,0.142824342168898,0.19960065413446684,0.09581426496124584,0.11824171453545355,0.12887854988675046,-0.10208178545588201,-0.04733191798091739,0.13950812464857945
Cobertura de Grade,4,0.020338782151668816,0.03053507135470499,0.07295106102799236,0.07733572697079165,-0.11469865533602207,-0.018586153588591645,-0.002700873891489761,0.047693850566927834,0.015401124493481837,-0.006993038986958079,0.02247538593058485,0.09959477643786024,0.15013249310488022,-0.05872436324588036,0.02396781419624452
Colecionar Conjuntos,51,-0.11079585617505841,-0.09039317125992402,0.06459075422288306,-0.07258196176134771,-0.10722068460941822,-0.07593628705837403,0.12821443500596558,0.14539201910525246,0.10573922887621612,0.07732935841368982,0.1435223626750535,0.09941358553303106,-0.19871241752301744,-0.16063667839365653,0.1504205566022739
Colocação de Peças,46,1.3877787807814457e-17,0.004600341196644507,-0.06701611990218824,0.009236684886988148,-0.051457904661547274,-0.1359537902745635,0.11174608574577437,0.05337355665431963,0.10468154536887189,0.06792270597229685,0.12798763501893418,0.012708581870194836,-0.00575724396229698,-0.00925117036012317,0.11145387154176374
Combinação,5,0.13678080160274642,0.07702460533292343,0.1484293036954317,0.0008456784357835853,-0.10298453938105924,-0.08466585541690161,0.08831994217586298,-0.05912925510272652,0.01116556167655304,-0.03490510123072393,0.06486799050207215,-0.039762412256298924,0.10251372530971507,-0.022679244856796253,0.034729374818016176
Compartilhamento entre Vizinhos,1,0.10093593315504952,0.08463689839766134,0.06571909259414005,0.10172167872645346,-0.09823941900398518,-0.1505395513383586,-0.05164361243758402,-0.05398303263756714,-0.04540439510475734,-0.06702455055386897,-0.05509455910764584,0.10457878089866873,0.18774104445103526,0.00906024189529682,-0.04972310031028683
Compra Aberta,37,-0.05857557485707559,-0.009435129982481971,0.09840463102958427,-0.13303604535332592,-0.04975642274773706,-0.0811126166774876,0.19304588402904543,0.07580337030234371,0.12642602831961863,0.13167460881248916,0.19884736625184984,0.14161211721927475,-0.007572442933918799,-0.021355255960077146,0.17178698019622654
Compra Fechada,6,-0.01669063040228572,-0.03030631049515218,-0.03221698238813999,0.016639971398247005,0.0144347813966814,-0.05208828067644661,0.10251707162056341,0.10525150935793064,0.17687762986313427,0.11984744162442616,0.11767294144114367,0.1681955718770699,-0.12280803816364484,0.047290771905626035,0.12359554791490898
Compra Futura,8,-0.18160558160174603,0.016347715728531206,0.10422114573160694,-0.003480735303307954,0.07402182800356827,0.12600154542073025,0.039796610221272566,0.050942103555546125,0.06277823552236989,0.11853624075874114,0.08001472774967747,0.20945756279713712,0.02821580384597645,0.0290279862465007,0.051784732965072536
Comprometer Forças,2,-0.04292988360675408,-0.059113719706474735,-0.07420758157344749,0.09931272944127792,0.008250583581760252,0.062053338700116284,0.09642774928344228,0.0936053424577411,0.1625848929763317,0.16987081076422794,0.14004265574415012,0.14826417614229276,0.12856384703743426,0.057335362941302245,0.12245972744491745
Comunicação Limitada,6,0.008345315201142865,0.011474205841118721,0.016589341677475174,0.06901073409350501,-0.023521962431379807,0.006331172236916156,0.059849669522308066,0.037906408355976674,0.0560697273347621,0.08837780767818451,-0.009936012017416528,0.29447184466088194,0.11793261175586059,0.08451766743979613,0.01462744270839262
Conexões,8,0.10169912569697778,0.02543973296933076,0.019253705637164338,0.019312466844160117,-0.04051561210280325,-0.02655300957176427,-0.07866901753214411,-0.08531891106676512,-0.07118227417738929,-0.08242430810793315,-0.05311377057541705,0.14839209497031122,0.02821580384597648,0.03393773562830335,-0.06631888212773857
Construção a partir de Modelo,11,6.938893903907228e-18,-0.04026347359458807,0.07752095474380777,-0.006561959705386429,-0.2111530698164691,-0.28267536075306576,0.2479610036547487,0.0877414586347229,0.14258836561081684,0.10000180648273427,0.25737671181429567,-0.13231688692276622,0.15841216862407465,-0.12192868211067524,0.22133262591300823
"Construção de Baralho, Bolsas e Peças",38,-0.06884482706829011,-0.012287270831275638,-0.10271884504435418,-0.10204370196512726,0.10891039844119664,0.1653713840425175,-0.032367630395520874,0.008545128902689058,-0.004265502528306108,0.033021516403082984,-0.04682939255053964,0.17720585904037894,0.08427302746186568,0.1288991587778145,-0.04094574868596468
Construção de Redes e Rotas,16,-0.08392486878062783,-0.1405191448096274,0.1198343135149621,0.04434841829773153,0.0941746604843379,0.0075517198641234864,-0.021709585164962693,0.01553068245090223,0.015218648069304034,0.03991268217643111,0.014429043751913038,0.08642812560631108,-0.14419081483864388,0.11069758264579457,0.008431141930696079
Contratos,29,-0.11309304333043409,-0.12060556784925239,-0.06749058150290765,0.0072419574629343595,0.05458701658923398,0.010097981469839713,0.06503406753860405,0.16960397253868403,0.13798728631376656,0.11387336776924725,0.13768032877532227,0.12126244855672473,-0.2182358033775622,-0.12869565959174603,0.14358642376239183
Cooperativo,40,0.0035532657108843582,0.013298155440536166,-0.3061832402521906,-0.030811345705783637,-0.013974537754716462,0.17135976534396302,-0.03984186521038637,0.00919300051659409,-0.01171349905603087,0.037373256443885824,-0.1513833136736426,0.19266839900688862,0.13734322316126596,0.1502468959800573,-0.09075612562313601
Corrida,5,-0.00911872010684978,-0.07134614902735759,0.14842930369543192,0.058069919257137864,0.19839608525651478,0.011084387756530313,0.030215284144871873,0.0656404572197427,0.09042456595343328,0.09245770491637359,0.03898405861731668,0.151875044724439,0.1317416554190861,0.05251140817177328,0.044604269505967534
Crescimento Automático de Recursos,11,-0.08740425221670682,-0.024635394933591168,-0.14155218418416882,-0.006561959705386457,0.07469575980346763,0.06695509306489221,0.023449228085738898,0.10554278655618263,0.019497252772470712,0.05332525709084148,0.03408560123352327,0.1038524686926049,-0.061708785039620864,-0.06369774855261875,0.035498221117255965
Criação de Baralho,5,0.0729497608547981,0.05419833543134173,-0.06488856285446315,-0.11360280320692491,-0.033860542904551434,0.027042761618768944,-0.04455523529353524,-0.05177062200376046,-0.03307202210589176,-0.04624281516007023,-0.08428684637506152,0.08288556021137335,0.16096958552845714,0.14742419969964043,-0.06585472948138188
Dedução,4,-0.010169391075834422,0.04326324278182023,0.013476902840512645,0.3006976538518789,-0.1177821975202642,-0.08977462865432938,0.11313760768303077,-0.029082558380168683,0.0021187061815835847,0.041711548534848125,0.10532759442863034,-0.0628310386660835,-0.012845560907369425,-0.11371073658035252,0.055154201709024867
Eliminação de Jogadores,9,0.013732808336076336,0.05283466736063162,0.20118131050188987,0.05285411758055322,-0.05297349124433404,0.031847133659757734,-0.05841383812604232,-0.058989360154372804,-0.03756579405685625,-0.05613980309095069,-0.03629594133966974,0.10079896427902903,0.13454553234933897,0.11962473881932945,-0.04498695628762154
Empréstimos,5,-0.04559360053424883,-0.08275928397814844,0.041770370420484315,-0.027766441974893516,0.060148092303499205,0.09087625706772354,0.027338580535317916,0.035878874463924376,0.05355991280139596,0.08167941766117265,0.06258597854815087,0.02156157397753727,-0.07285385534651102,0.12030625926310677,0.044735352178816454
Encadeamento,2,-0.10016972841575941,-0.05911371970647475,0.009482079867718228,-0.03538983677194757,0.008250583581760248,0.011966548417318656,0.05837250706956269,0.144929189524932,0.08359532691951757,0.08436282074924648,0.08970760602906001,0.027969900535236673,-0.00903788028382666,-0.0161705353018763,0.09434638640151176
Escalada,1,-0.0403743732620198,0.034103691413175305,0.06571909259414004,0.03837965178942877,-0.0982394190039852,-0.11521061616877853,0.18414871786126288,-0.006559069539855697,0.03526556460816647,0.0243744495493884,0.16691097778392025,-0.06512139913674099,0.05833040939650164,-0.08644868787634312,0.10175773939531228
Escolha Narrativa,7,-0.18590268778366253,-0.15077316031602797,-0.09528830877361245,-0.04274277985312574,0.04146687765737889,0.08367278219657992,0.07580270696978593,0.21505250320338165,0.13820077023069063,0.2143034984383072,0.06394032818246018,0.40461103284610855,0.00770518575979919,-0.0039355285139349196,0.10332279603175372
Especulação de Commodities,3,-0.14055849671068235,-0.0285986855498826,-0.09111228502892531,-0.0434517447776062,0.08471485074521504,0.024942014230504066,-0.011349746068586587,0.09003776261639677,0.016946956119510644,0.040512091320422286,0.025990596543786035,0.07372756872248865,-0.1237286037793128,-0.08239642108649713,0.0374865270501923
Eventos,12,-0.17379695937452544,-0.11103596761369049,0.023826518001343333,-0.08892738667833212,0.1770099230465605,0.13495098554848317,0.021537485230710494,0.14751391801106212,0.03337867498556739,0.07097426725741054,-0.012132064414252063,0.31714035891970643,0.03491714119493245,0.04847893356004272,0.02781458627406215
Ficha de Vantagem,3,-0.14055849671068235,-0.0725799974182627,-0.022609344803474075,-0.006698810653214291,0.02788836680873045,-0.016055790537045138,0.01265373704111637,0.0812155829454504,0.02404998177455675,0.06686063236747941,0.0456682876217254,0.132806633659325,-0.12372860377931286,-0.011145824094339465,0.04186437434161341
Fila de Ações,7,-0.16266485181070472,-0.14107821209171573,-0.04998730952058355,-0.0670474978088247,0.12132301314600313,0.09722870780384706,0.10676210048712405,0.25075168814613513,0.1560261610778515,0.19824146920086413,0.07876601250118023,0.3134500565222906,-0.017122635021776106,0.10286532785504246,0.11627638171518073
Fila de Recursos,1,0.06056155989302969,0.03410369141317532,-0.05234264011922656,-0.02496237514759597,0.02418293862529039,0.061434059679122084,-0.03464340648076983,-0.036244298349110166,-0.03598766829001913,-0.024834045537821522,-0.022631044020678538,0.05366872688804586,-0.07108022565803208,-0.02095685031864704,-0.03144093000099037
Fim por Morte Súbita,4,-0.030508173227503217,-0.05856212863510161,0.13242521921547198,-0.0822085065156993,-0.0992809444148113,-0.0541803911214605,0.25180440984250485,0.19322253070893025,0.23377040650219008,0.17730245828812585,0.194165144496216,0.11669223065932802,0.019750049895080515,0.0292538340892759,0.2346708448294666
Force sua sorte,9,-0.013732808336076329,0.03564646628016974,0.08070990627804442,-0.011780737051087134,-0.007169113335874061,0.007813794875628263,0.012908333035955535,-0.0022243083155381246,0.005140538054933981,0.05195263179978565,0.015652536037738085,0.15274810609504766,0.13454553234933905,0.051868021143082824,-0.0056364167970570055
Fundir e Espalhar,1,0.06056155989302972,0.0341036914131753,-0.05234264011922656,-0.02496237514759596,0.024182938625290404,-0.009223810660038158,-0.024064330947272464,-0.03298616347980174,-0.02186257806791186,0.020493913862980908,-0.009814036623230351,0.07063874489158678,-0.006374908130765208,0.006331415330392876,-0.023895907333661686
Gerenciamento de Mãos,95,-0.05098592555738314,-0.06301143356910907,0.014607239505964598,-0.12832572940903808,-0.008313794097885269,-0.07833771034395456,-0.006769074851459389,0.037323216691070187,0.026480056569268655,0.04235000279278449,-0.04609101449708812,0.07010863721866789,0.03305143937586431,0.09511790076372509,-0.0241768175636103
Grade Hexagonal,21,-0.03248659404439114,-0.03284906848173959,-0.06270703999505464,0.08335514093419749,0.24902889209993292,0.0854206226176819,0.07936870891271583,0.15767231848496838,0.20236736384150208,0.17086045102473518,0.08441968029524408,0.38784597691685685,0.02872502036265527,0.164818612310428,0.11935763552436846
Grade com Quadrados,7,0.0077459453243192734,-0.03443378162428133,0.08591568823850307,0.005866656058272171,-0.06657377623899505,0.0023372285529771226,-0.023780312882787022,0.006413686923164758,-0.008136053278096031,-0.011071799382539958,0.009519656445947803,0.1246166055658104,0.08218864810452514,-0.01650033514557906,0.0060781126776597956
Habilidades 1 vez por Partida,10,-0.02612358762992966,0.012241128050003963,-0.016557425790516504,-0.060265294067426,0.010906202047892076,0.004447937041636929,0.14563261847725323,0.10128570731624702,0.1289162338399902,0.13014067750917907,0.07144377331414757,0.3438201633818253,0.042175891668560915,0.07610096391545852,0.11371210196181016
Impulso de Área,4,-0.08135512860667529,-0.08401847148933209,0.13242521921547193,0.07733572697079168,0.4310883112748385,0.12379079654288383,-0.004132615252218558,0.025809838515498926,0.05129527874111166,0.08109946004906715,-0.004411522458570433,0.2705693186525378,0.11753688230243034,0.12273066875787952,0.00910555139718516
Influência / Maioria na Área,38,-0.08333847487214065,-0.0939194301357868,0.08799998615080351,0.05712655104524139,0.1781274677481818,-0.04388870316957636,-0.0467742940999595,0.051560775168675424,-0.033224515138659094,-0.00010023288651130405,-0.03428560806100101,0.13456241692414214,-0.055094993513765525,-0.08857157440755445,-0.031240209478347103
Investimento,4,-0.22372660366835712,-0.09674664291644733,0.013476902840512634,-0.018390813121102894,0.09189867100820204,0.017008083944277247,-0.02722607312619599,0.08434957075307135,-0.01416806865324404,0.01804552778343247,0.01806885493253748,0.1508871391022636,-0.14322800411716924,-0.12333335191388553,0.02216485116816193
Jogadores com Diferentes Habilidades,80,-0.19957356918871527,-0.20279900209658486,-0.07557854684360066,-0.05016108376327126,0.13686676861335553,0.13218143111329284,0.08010563755531053,0.20667268367391706,0.18695402434441188,0.18153002681559363,0.03144490770067884,0.35256824587477154,0.20505407830091904,0.11753462334975869,0.1009135560101177
Jogo em Equipe,17,-0.03061412142499954,-0.013118423106549945,-0.045863000140442395,0.19692879024471593,0.05285376418611991,0.04073242330846541,0.00952907230537452,0.05032412241874348,0.06322695427939698,0.10118415798886218,-0.03749869150548352,0.2649166670997514,0.2015700447019588,0.07755404622664511,0.002577259439289197
Legado,7,-0.08520539856751203,-0.06351862629721802,-0.004686310267554693,-0.04274277985312574,-0.014902159158120529,0.029449079767511366,0.005058574229253987,0.026416343077859325,0.023781031684725763,0.06473971139694941,-0.048795898459041885,0.31996155483113475,0.007705185759799171,0.15312455438162026,-0.012776963331454581
Leilão / Lances,4,-0.10169391075834414,-0.10947481434356254,0.07295106102799231,0.04542688027349346,0.1350682615875921,0.088196559010015,0.01630946973152035,0.07669016653507123,0.04370532542002694,0.04948930930903923,0.04424883321505412,0.07394859510565858,-0.0780367825122693,-0.08071891257966919,0.05417962709925048
Leilão: Colocação Fixa,1,0.0807487465240396,0.059370294905418335,0.06571909259414005,0.1017216787264535,0.024182938625290404,0.026105124509541965,-0.027590689458438254,-0.0423985531022483,-0.033476541139422285,-0.028384322867939016,-0.03072353409278998,0.03669870888450487,-0.0063749081307652045,-0.08644868787634312,-0.03327882013790378
Leilão: Lance Único,3,-0.15227170476990595,-0.14588218386556281,0.11439653564742852,-0.006698810653214288,0.04919829828491219,0.04544091661427867,-0.021641315798828206,0.04571681236473761,0.007111997520216053,0.04573389309156637,0.015541064040328588,0.03434152543126444,-0.08618464777452883,-0.044396102690679805,0.016326931808323734
Leilão: Lances Restritos,2,-0.042929883606754086,-0.04120314492973687,0.09317174130888393,0.05441187403686941,-0.00042749137729328397,0.03700994355871749,0.041769974927232875,0.07641185369023214,0.06000971001241256,0.0720721445663949,0.08068841398524935,0.0881170383387647,-0.054905122724246976,-0.07807023908560552,0.07871262601639835
Linha de Visão,7,0.030983781297277087,0.033430855945904225,0.04061468898547418,-0.01843806189742679,-0.09945571438136966,-0.17388980434149567,-0.023861094079179274,-0.007477046517595367,-0.0007891016451445874,-0.007777024154346536,-0.0780523941485258,0.27438106666922574,0.05736082732294978,0.05470023576707253,-0.03909241390323037
Mancala,1,-0.14131030641706924,-0.11749592954028275,0.06571909259413998,-0.02496237514759595,-0.024786004426419827,0.02610512450954195,0.08651595609689651,0.15019341917242704,0.11813276057786243,0.13005712356218815,0.14455138093727687,0.08760876289512773,-0.07108022565803203,-0.023685676883550957,0.14431940572383298
Mapa: Adição,10,-0.10449435051971874,-0.07767478950150547,-0.016557425790516576,0.04219580053632166,-0.004936080712194434,-0.018411081172345314,0.05928660302158092,0.1489527257612945,0.09113999750017654,0.10123932848518517,0.014588035799553086,0.16264724790201343,0.06310915819354354,-0.006001447522905963,0.04796312059573886
Mapa: Modificação,4,0.04067756430333765,0.005078728500474531,0.01347690284051268,0.07733572697079165,-0.049944269466936905,-0.018586153588591652,0.011457457342383886,0.014320732188498723,0.047500302080569295,0.03634614136976444,-0.03290080575610655,0.30476422709547346,0.21532371470978012,0.012757922088934224,0.0005292948311705712
Marcadores de Ordens,3,-0.02342641611844707,-0.05791956012880267,-0.02260934480347407,0.03005412347117764,0.006578435332548711,0.0044431118467294604,0.04963620274830502,0.061680756531212015,0.07941715611132635,0.10403602846296361,0.041922740906200406,0.19188569859616134,0.10153513224939127,-0.03331267649189967,0.05280899257016612
Marcas,5,-0.10030592117534737,-0.12841182378131177,-0.011559096216989417,-0.08499068279624782,0.004848895122292947,0.011084387756530253,0.31900304237009647,0.21919060121816816,0.37910315755938695,0.2056856637633979,0.2812154015779995,0.15954054300366854,-0.072853855346511,0.1375631304499917,0.32175673413284944
Memória,4,0.020338782151668833,0.017806899927589777,0.013476902840512643,0.045426880273493474,-0.1455340771784436,-0.12536886618719825,0.07790086197176098,-0.060084908786359706,-0.024129882387167734,-0.03760497444045884,0.05617238768035876,-0.10557467421975292,-0.04544117170981938,-0.15632517591456865,0.02372417054380095
Mercado,13,-0.040411134801261614,-0.05385387565416344,0.04174592076239533,-0.07468761387688144,0.1004070275099468,0.14756603752831776,0.060825726822508565,0.06164652167070735,0.0812862004920193,0.06844503365176789,0.06642501360819203,0.1315806109211357,-0.11622012218929303,0.1265475490797306,0.0842755722579582
Mercado de Ações,3,-0.1171320805922353,-0.07257999741826268,-0.022609344803474048,-0.0434517447776062,0.10602478222139676,0.024942014230504073,-0.03178019161615819,0.0734436627591405,-0.033684867780561546,-0.009214791601114542,-0.012903377683368588,0.19188569859616122,-0.1237286037793128,-0.1283134724814435,-0.002306982303878845
Minijogo no Final,1,-2.168404344971009e-19,0.008837087920932293,-0.05234264011922656,-0.02496237514759595,-0.04927047595227495,0.061434059679122084,0.04614704597653595,0.020954069356526498,0.012979311146619424,0.03048422914075338,0.0006641008111798515,0.002758672877422917,0.05833040939650164,-0.061889248792207134,0.004059368959389485
Mover-se pelo Baralho,2,0.057239844809005395,0.06626030373069039,0.00948207986771821,0.00951101863246093,0.03862384593844764,0.06205333870011628,-0.037661015928992236,-0.048561713918377845,-0.040562920572601364,-0.020868778187739724,-0.03473734889895941,0.02796990053523668,0.1285638470374342,0.01477931658998831,-0.044163245080633476
Movimento Oculto,2,-0.20033945683151894,-0.059113719706474735,0.09317174130888388,-0.03538983677194757,0.16445593284472387,0.037009943558717444,0.04856022402814078,0.11131206969592197,0.08226029200024748,0.12205422770999119,0.0002783378593641892,0.1602936037029983,0.2202983319182747,0.07667902037371717,0.043879510772373696
Movimento Ponto-a-Ponto,22,-0.15004267382388906,-0.07571823259984849,0.05973144407207741,-0.13795621650623968,-0.016659321536652994,0.009995390071644905,-0.023836296812138037,0.07349684293204824,-0.009424353699177969,0.006113769274746071,0.019115189231024423,0.12833375560020566,-0.08988212274419305,-0.06081933299211964,0.01708601394572765
Movimento Programado,7,-0.054221617270234924,-0.1216883156430913,0.04061468898547417,-0.04274277985312576,-0.010204739423495576,-0.09255425069789287,-0.061565717495272086,-0.00928284186489416,-0.06365973693040108,-0.05193968442455468,-0.04455998865369331,-0.06421684539066985,-0.06677827658492663,-0.14528960311993422,-0.04373195032279592
Movimento Tridimensional,1,-0.020187186631009903,-0.01642951557131073,-0.052342640119226576,-0.02496237514759595,0.024182938625290397,-0.009223810660038162,-0.03443287761443159,-0.012351309307515108,-0.03818490454679138,-0.0406864466397415,-0.026887787353407674,0.019728690880963892,-0.07108022565803204,-0.08099103474653523,-0.027958611846838677
Movimento de Área,24,-0.013132294128252689,-0.030714018220082365,0.06040768278199563,-0.07496857009999282,0.009049286618826449,-0.025020246650253736,-0.015364040058190864,0.06744432941404749,0.01534139269932519,0.02829110894563458,-0.049177506226812134,0.13579056976941187,0.24744034348419464,-0.0114293172280629,-0.022209293438796143
Movimento em Grades,23,0.05796884729778422,-0.027658226064594726,0.0209399785965518,0.04107879472033078,0.21209861607337904,0.14823373423011438,-0.041888002953009915,-0.016850244064180474,0.02635047777868119,0.06554591415822744,-0.05434422526212278,0.3926141006411784,0.12483264844989522,0.1509121661253432,-0.032772399550788936
Movimento em Trilha,9,0.05493123334430535,0.009864164659476905,-0.1602329021696468,-0.05487064013884734,0.09901376272464683,0.03184713365975776,-0.03360145629107017,-0.001608635302101761,-0.05283330778682129,-0.028393550643029786,-0.014084586234352344,0.08925471054213598,-0.12955834903904925,-0.045590271404943365,-0.026265838419618846
Múltiplos Mapas,2,0.08585976721350806,0.06626030373069039,-0.07420758157344749,0.05441187403686941,-0.01778364129540034,0.08709673384151509,-0.052062313472676085,-0.056260290978456494,-0.052355729026153895,-0.07436248309786506,-0.06603925069806685,0.039999328095942276,0.08269660459701392,0.08441648334668383,-0.05821991560233632
Narração de Histórias,8,-0.0799064559047682,-0.03820438771626604,-0.15068117455172086,-0.09465354389318015,0.08283240031944296,0.10057578625531446,-0.0065479766872183435,0.08181577512867015,0.021437977048413853,0.09212377358806198,-0.05831502307035373,0.2460968434932326,0.02821580384597646,0.1831941168351061,-0.014211274761414313
Negociação,7,-0.18590268778366262,-0.1798580049889647,0.17651768674456098,0.1516949637924659,0.21292269797118965,-0.011218697054290058,-0.005261223609858731,0.024193825727337706,0.001740176785871489,0.03157019539773282,-0.009398347515227692,0.026944130933148184,-0.091606097366502,-0.06466542723354919,-0.0024215180429842734
Ordem de Fases Variável,9,-0.04119842500822901,-0.03310633804167784,0.08070990627804435,0.09594402066831341,0.2322628620947122,0.1279804887962757,-0.061922659799674734,-0.03805647769753573,-0.0387402181899305,-0.0174972490744131,-0.03184094174834535,0.1354317254897081,-0.06353237869195218,-0.014960522318420922,-0.03942655396830265
Ordem de Turno: Baseado em Estatísticas,7,-0.1394270158377469,-0.12168831564309132,0.04061468898547414,-0.06704749780882469,0.08844107500362847,0.09722870780384704,0.0555468219744238,0.10795494837512118,0.0924328748123047,0.10877564954299633,0.10035838324624105,0.0725246190950572,-0.09160609736650197,0.17406589876769424,0.08691739525216995
Ordem do Turno: Ação de Reivindicação,15,-0.19450439965384483,-0.06595794982092856,0.04264958486384779,-0.015449654710666356,0.011895516931067687,-0.1504951826762161,0.15307434779113716,0.15107302116224625,0.10973746471406004,0.08874948182109485,0.1853382160738414,-0.011634312888179881,-0.04291044816970492,-0.16593184495627428,0.18783797218705203
Ordem do Turno: Leilão,3,-0.1054188725330118,-0.11656130928664275,0.04589359542197722,0.10355999171996147,-0.007628185651572451,0.06593981899805329,0.09364258844942713,0.15305333169458518,0.10200113511711392,0.1041797477777657,0.14405674301142224,0.0638810578996826,-0.0861846477745288,-0.11089665988336042,0.13901890846276596
Ordem do Turno: Ordem de Passe,4,-0.050846955379172075,-0.07129030006221686,-0.10547141353444667,0.013518033576195323,0.1350682615875921,0.08819655901001497,0.012544520227381666,0.06702472787902346,0.0742232627318884,0.11899004863349535,0.04695873195716883,0.014107505330521432,-0.0454411717098193,0.1777170420923522,0.05598259012733312
Ordem do Turno: Progressivo,13,-0.023092077029292328,-0.05385387565416347,-0.12706726479071712,-0.002230812839811285,0.06889832959502531,0.06674065980623074,0.21781254132349487,0.129146145445293,0.2021993463404751,0.19308941139618474,0.23311755821647542,0.16555154989623266,-0.005195723109638964,0.04772971139384355,0.1883699737723237
Papéis Ocultos,2,-0.11447968961801079,0.048349728953952516,0.009482079867718231,0.1891144402500948,-0.04381786617256095,0.03700994355871745,0.005580185763053273,0.054342599451340005,0.05934219255277753,0.09489768604883349,0.06825386613073102,0.01594047297453107,-0.05490512272424696,-0.03551419273429161,0.05718192092461932
Papéis com Informações Assimétricas,4,0.040677564303337646,0.10690409991739636,0.07295106102799227,0.14115342036538803,0.008643032033663949,0.05260232147714611,-0.036108172308494994,-0.048595802459359495,-0.04500225402015069,0.0051935059693948085,-0.0244647731502191,-0.020087403112414103,-0.04544117170981937,-0.05460038524579479,-0.039623179091534094
Passar Ficha de Ação,1,-0.020187186631009907,-0.016429515571310734,0.06571909259414001,0.10172167872645346,0.12212082472871087,0.0614340596791221,-0.020327443569768414,-0.02212571391544036,-0.007109706058155366,0.0039809960484809325,-0.0032184233274632134,0.1554888349092918,0.05833040939650164,0.019975548154913078,-0.012965297572018844
"Pedra, Papel e Tesoura",2,0.1287896508202621,0.10208145328416615,0.09317174130888392,0.1442135848456864,-0.1305986157630963,-0.0631636370068778,-0.07220920640943584,-0.07525011439331714,-0.06392603165982805,-0.09572484884424992,-0.07598688898168153,0.06405818321735349,0.22029833191827472,-0.018104901045117798,-0.06857385340124916
Pegar e Entregar,6,-0.0500718912068571,-0.05119656866328762,-0.032216982388140046,0.016639971398246987,0.10047006740695348,-0.022878554219765233,-0.06027614739990886,-0.02345246144580359,-0.06655483538200663,-0.07787879422218734,-0.06205089754110489,0.1190881324611429,-0.12280803816364474,-0.07341461664456211,-0.05539206269219828
Pegue o Líder,1,-0.04037437326201979,0.03410369141317529,-0.05234264011922653,-0.02496237514759597,0.09763635320285569,0.061434059679122084,-0.031117047969604045,-0.02284974388639778,-0.02688483236910554,-0.030861260540114004,-0.023753701602936758,0.01972869088096389,-0.07108022565803206,0.07455207945299286,-0.02960303986407697
Peças como Mapa,1,0.10093593315504952,0.08463689839766134,0.06571909259414005,0.10172167872645346,-0.09823941900398518,-0.1505395513383586,-0.05164361243758402,-0.05398303263756714,-0.04540439510475734,-0.06702455055386897,-0.05509455910764584,0.10457878089866873,0.18774104445103526,0.00906024189529682,-0.04972310031028683
Pistas Direcionadas,2,0.028619922404502698,-0.005381995376261137,0.09317174130888398,0.09931272944127789,-0.004766528856820038,0.03700994355871749,-0.003560534180476622,-0.017254167207391365,-0.038337862373817866,-0.027306751426376254,-0.026978191037739976,-0.020147809707585743,0.036829362156593645,-0.11675755395043613,-0.026335272711644486
Pontos de Ação,25,0.004301020151346795,0.004004270924252691,0.02304738933435331,-0.024996513795573445,0.07273026584347944,0.1390469467356134,-0.12908512246450765,-0.1126832240578455,-0.1274171156963355,-0.1451708144728241,-0.1557034509526795,0.05084966041587373,-0.02016954324510072,0.005235422883932919,-0.14104668179853216
Pontos de Movimento,11,-0.1935379870512794,-0.07933367024708032,0.041008764922478305,0.03261679971206806,0.021690678814340284,0.04510318970126982,0.0639957975733343,0.18704823766827505,0.10269053644949172,0.167386606179236,0.1149535836207288,0.38725569543105015,-0.001675797676794849,-0.052726703099652064,0.10753448105739946
Pontos de Vitória Ocultos,4,-0.18304903936501943,-0.13493115719779303,0.01347690284051263,0.013518033576195325,0.011726574217906113,0.034805202710711684,0.0486031915346254,0.15073107397573915,0.05809461192458337,0.09865141217050373,0.11305669692787915,0.09959477643786024,-0.11063239331471926,0.005884625422125289,0.10451640569409748
Pontos de Vitória como Recurso,13,-0.2482398280648928,-0.22726833843478758,-0.059541990569472125,-0.0022308128398112886,0.1354166918598595,0.1172565208825351,0.281886641930465,0.34748465240940507,0.3633271093679274,0.2889751507445608,0.3201091012377151,0.24805240169289683,-0.11622012218929301,0.05709420696048352,0.35229860076518327
Pontuar e Reiniciar,4,0.040677564303337646,0.06871958563605067,0.07295106102799234,0.07733572697079162,-0.12086573970450634,-0.17876022248650156,0.04025136693037413,-0.0600849087863597,-0.03298482792843323,-0.057236541742160384,0.03232527874974953,0.022656232441255315,0.15013249310488025,-0.0972148245800111,-0.0014198543883782028
Preparação Variável,50,-0.14761594768866376,-0.09653553963570372,-0.022397854961703798,-0.12047233340013308,0.1775839908083116,0.14320994371066514,0.17538893937386757,0.22878068739765725,0.2445490000171227,0.25049703433814874,0.22189253463660596,0.41950452616582473,-0.15693923470289878,0.027940190470624345,0.22056623362130306
Produção Aleatória,1,0.08074874652403957,0.08463689839766134,0.06571909259414,-0.1516464290216453,-0.07375494747813006,-0.07988168099919839,-0.05143308357124574,-0.05289698768113096,-0.04665995868005572,-0.06677685678665143,-0.05467356251429897,0.019728690880963885,-0.071080225658032,-0.04551628940278299,-0.04981983137012434
Propriedade,8,-0.07990645590476825,0.052715784691729356,0.01925370563716436,-0.026273937450775997,0.06521125568769351,0.024298508759067257,0.045042809883574134,0.05354747668407982,0.054984580236296224,0.07257438843811057,0.08218612442232094,0.026261159316659576,-0.1813381539857271,-0.040690454975098114,0.06198348310423956
RPG,12,-0.08390198038770191,-0.1560415611423011,-0.18646840174964358,-0.05131851272895416,0.10795689652784055,0.16641543815147936,0.099053112479427,0.16578414099376249,0.15815370178304747,0.17673951764196275,-0.008327061330769117,0.3423299249501862,0.32305452585230127,0.11085744940438237,0.06012085838027017
Reconhecimento de Padrões,2,0.14309961202251345,0.11999202806090403,-0.07420758157344748,0.05441187403686941,-0.09588631592688213,-0.013076846724080226,-0.07392542321515981,-0.07473687592264523,-0.0659285840387332,-0.09449578122596472,-0.07131149898838261,-0.05623609238970256,0.12856384703743423,-0.006498706585668489,-0.06672248703985416
Recuperação de Ação,12,-0.08390198038770189,-0.11853689986845893,-0.08132094187415016,-0.0889273866783321,0.04253823982589537,0.061533929474825166,0.04480311090564272,0.10452515805176699,0.09171263075496433,0.14732623827661795,0.03548602161955418,0.2617233136526508,-0.022710335736541333,0.012023956767896606,0.049581834502067185
Recurso para Mover,7,-0.12393512518910835,-0.07321357452153021,-0.0046863102675547205,-0.04274277985312574,0.11662559341137811,0.05656093098204565,0.023153562221122827,0.11503922242990886,0.045099235603289746,0.06249039369308658,0.09264041199073307,0.10508211063927791,-0.09160609736650197,-0.06780662889146004,0.07793525274389101
Rei da Colina,2,-0.12878965082026217,-0.16657716836690198,0.09317174130888378,0.09931272944127789,0.32066128210768746,0.08709673384151509,0.09859167482109425,0.13800047017086128,0.20552851621285312,0.21751181273013825,0.1522119332444387,0.20841131394582077,0.12856384703743423,0.028319876792679107,0.14735031963700593
Rendimentos,25,-0.09032142317828246,-0.08212733147291776,0.023047389334353366,-0.11946472151767426,0.21488224820534402,0.16915524560209821,0.11902829338083776,0.1284245431644312,0.1943932394486111,0.17002397915853687,0.1328493682111204,0.2894779442168811,-0.1856005444069369,0.09418892362357958,0.15409800546751345
Resolução com Testes de Estatísticas,5,-0.0638310407479483,-0.15123809368289345,-0.11821802949193685,-0.027766441974893533,0.10438745004846423,0.13875137865443948,0.1259310587900315,0.18386916234313103,0.16089276832482763,0.15843275735391837,0.05107027007697397,0.18253703784135705,0.2778813059659414,-0.038703482387474945,0.09533326389849625
Resolução de Conflitos por Cartas,11,-0.08116109134408492,0.006620762388402639,0.11403314456513713,-0.026151339414113677,-0.031314402174787065,0.012325334655836268,0.05309005628200998,0.0977057239492507,0.12521193879846357,0.1346262052657795,0.05080892639266629,0.21931304254900855,0.2584671475621179,0.04770055912366225,0.07441814395036506
Resolução por Símbolos nos Dados,7,4.163336342344337e-17,-0.05382367807290577,-0.004686310267554698,0.03017137401397116,0.05086171712662882,0.002337228552977102,-0.014005788119322137,0.07420046611407416,-0.006208983997321865,0.0026775510889595726,-0.04691127757106903,0.21577758188962848,0.007705185759799199,0.04213542913542804,-0.010846916180915316
Rolagem de Dados,55,-0.060421691804863134,-0.1105058562011725,-0.007146134728400158,0.053135539560707094,0.23073843227249352,0.2484403028634513,-0.055011173694429184,0.07005906237934834,-0.009383286740833047,0.02716935696500703,-0.08063849341763968,0.1335063843231818,0.1995926526475928,0.06302393143056016,-0.04743447703209684
Rondel,7,0.07745945324319274,0.04312580417021645,-0.09528830877361244,-0.042742779853125745,0.0109336493823167,0.01589315416024424,-0.035554172256960614,-0.029980034691626738,-0.062455318629917246,-0.042720649891821116,-0.01795991097773311,-0.01863635722876084,0.032533006541374504,-0.10445398156708968,-0.038906832446447756
Seguir Ação,3,0.011713208059223535,-0.013938248260422587,0.0458935954219772,0.06680705759556951,0.3191240969832141,0.10693762376560254,-0.02793230501078597,-0.01981937947657834,0.006929868657266133,0.009516625761429687,-0.003295236108760957,0.1623461661277432,-0.011096735764960779,0.09018835829450658,-0.010669793155439629
Seleção de Ação,7,0.1161891798647891,0.08190559706746531,0.040614688985474184,-0.018438061897426784,0.1682972104922526,0.05656093098204565,-0.08713296615342608,-0.09054363249334085,-0.06016692385899795,-0.07351412606301362,-0.07686777530465712,0.10508211063927794,-0.041950455803351355,0.11333600004807998,-0.07761912433130269
Seleção de Ação Simultânea,14,-0.23426416118447063,-0.1263830800815519,-0.03936950587669615,-0.04405524123285075,0.12398717656913613,0.032650140085815016,0.057252444745296484,0.1957828542739577,0.06451668243708031,0.11219310254528801,0.040916138039575986,0.2591782733819063,-0.09617170996299351,0.05238823314694309,0.07105361724278797
Semi-Cooperativo,1,0.0201871866310099,-0.01642951557131074,-0.052342640119226555,0.22840573260050304,-0.012543768663492282,0.0614340596791221,-0.028801230439883224,-0.009093174438206689,-0.009620833208752216,0.03774991297913338,-0.0055572932905012026,0.019728690880963896,-0.0063749081307652045,0.01451789502510519,-0.0181887748032464
Simulação,7,0.007745945324319322,0.09160054529177758,0.04061468898547419,0.07878080992536907,0.09313849473825339,-0.024774622661557177,-0.06778586961747703,-0.051510671524804943,-0.04655699706353055,-0.020417556039434806,-0.08225240641315112,0.1311281038746545,0.05736082732294986,0.017005815872139386,-0.07064126155627613
Sistema de Sorteio de Fichas,2,-0.05723984480900542,0.030439154177214624,0.009482079867718249,0.009511018632460917,-0.013444603815873576,0.06205333870011631,-0.02061077505473443,-0.023156409620118328,-0.030105147038318947,0.008043574356682518,-0.013117815029236885,0.06405818321735351,0.08269660459701389,-0.08000460482884704,-0.026266703587148374
Solo / Solitário,60,-0.037169702488002734,-0.05045633264785823,-0.4637648962409374,-0.02571000997927798,0.17191709998565266,0.23490980407769735,0.10406427486002359,0.16346886197793897,0.18118733728690475,0.23581188453686383,0.09475497198209937,0.36129246131585524,-0.009047898167598704,0.09555339335357121,0.10819854153065986
Suporte sem Recompensa,2,-0.1144796896180108,-0.11284544403668839,0.09317174130888392,0.05441187403686942,0.07767518325418851,0.037009943558717465,0.012892761717877196,0.04664402239126138,0.010613417999418994,0.01354511512424464,0.04560640963836832,0.14826417614229273,-0.009037880283826676,-0.031645461247808614,0.03654261445128976
Tabuleiro Modular,49,0.009908646551977554,-0.05730495878582588,-0.09125338982446825,0.09005581974496367,0.10574387375816051,0.18038416624490405,0.021255965787464887,0.07949929889819299,0.07791499867230996,0.07188777203400173,-0.05284158426613856,0.34974479640619177,0.20297102772113051,0.15478686401838437,0.014011310886778539
Tempo Real,2,0.11447968961801076,0.11999202806090403,0.09317174130888393,0.09931272944127789,-0.1305986157630963,-0.1633372175724731,-0.045122828127792156,-0.07294054127529354,-0.055025798864694074,-0.04837648202555035,-0.043259159028589296,0.07608761077805909,0.0826966045970138,-0.04905475293698241,-0.05300866214063185
Toma Essa,16,-0.07343426018304935,-0.09456340147833157,0.21186343953086612,0.14309864405026712,-0.13644357007776572,0.025910990911034548,0.05691146840119041,0.11570838011097945,0.17425932597088545,0.07936481104929469,0.09002896567376319,0.082018749004632,0.12481077424574162,-0.015511562948599896,0.12336871896843465
Traidor,2,-0.057239844809005395,-0.11284544403668839,-0.07420758157344744,0.1891144402500948,0.060319033336081476,0.08709673384151516,0.08754819276687034,0.1587866282330736,0.14745449722460388,0.16553981058550887,0.08347375270466145,0.07608761077805909,0.12856384703743415,-0.0045643408424269945,0.1029860960880218
Valorização dos Recursos Não Escolhidos,9,-0.13732808336076335,0.0614287679008626,-0.03976149794580125,0.16057887529995374,0.24891899951597035,0.10394715001214619,0.010384129689107714,0.04887655179968177,0.06055200396998179,0.08062563154606828,0.05138799704529029,0.14120385235815464,-0.08554103547431788,0.1038457771686967,0.0456245702650664
Vazas / Truques,1,0.08074874652403956,0.05937029490541831,0.06571909259413997,0.10172167872645342,-0.0859971832410576,0.06143405967912208,-0.050222542589800766,-0.05217295771017353,-0.044776613317108076,-0.06801532562273893,-0.05210080555495719,-0.01421134512611805,0.12303572692376842,-0.03460098314316673,-0.04701463063483548
Votação,3,-0.011713208059223518,-0.01393824826042258,0.11439653564742847,0.1770658599687453,0.3191240969832141,0.10693762376560242,-0.02536704727387114,0.004336588670060552,0.034067069236801244,0.10734157270341256,0.011714092396205206,0.09342059036810078,0.026447220239823235,0.08860501169468091,-0.0015773410886419995
Zona de Controle,4,-0.05084695537917208,-0.10947481434356249,0.07295106102799236,0.07733572697079166,-0.0684455225723898,-0.0007890348221572183,0.03460394267416607,0.05973005719521374,0.08513382063094771,0.07802162958227497,0.07808722098615575,0.13378968488079576,0.18272810390733016,-0.06559765991268929,0.06704401194827236
Árvores / Trilhas de Tecnologia,21,-0.12994637617756458,-0.20130069404968468,0.04586037253369664,-0.018579157919068078,0.2659154966304818,0.1422743484910898,0.1524642423139153,0.17856194201297276,0.23678867737001077,0.1701581458131834,0.17429010988836913,0.26690475830837457,-0.07540317845197003,0.12843261599776984,0.199014254903623
