id_jogo,nm_jogo,ano_publicacao,ano_nacional,qt_jogadores_min,qt_jogadores_max,vl_tempo_jogo,idade_minima,qt_tem,qt_teve,qt_favorito,qt_quer,qt_jogou,n_mecanicas,mecanicas,n_categorias,categorias,temas,link,tx_retencao,idx_desejo,tx_fidelizacao,diversidade_mecanica,amplitude_publico,nota_media,nota_rank,qt_avaliacoes
37648,Tainted Grail: Monarcas da Ruína,2023,2026.0,1,4.0,120,14,262,8,17,276,75,6,"Construção de Baralho, Bolsas e Peças;Movimento de Área;Narração de Histórias;Rolagem de Dados;Tabuleiro Modular;Cenário / Missão / Campanha",0,,Aventura;Fantasia;Mitologia,https://ludopedia.com.br/jogo/tainted-grail-kings-of-ruin,0.9703703703703703,1.0534351145038168,0.0648854961832061,6,3.0,9.67,7.58,38
23795,Frosthaven,2022,2025.0,1,4.0,120,12,426,14,68,806,202,17,"Seleção de Ação Simultânea;Campanha / Batalhas Dirigidas por Cartas;Cooperativo;Gerenciamento de Mãos;Jogadores com Diferentes Habilidades;Movimento em Grades;Narração de Histórias;RPG;Tabuleiro Modular;Legado;Cenário / Missão / Campanha;Cartas Multiuso;Comunicação Limitada;Construção de Baralho, Bolsas e Peças;Criação de Baralho;Habilidades 1 vez por Partida;Solo / Solitário",2,Miniaturas;Dungeon Crawler,Aventura;Fantasia;Luta / Artes Marciais,https://ludopedia.com.br/jogo/frosthaven,0.9681818181818181,1.892018779342723,0.1596244131455399,17,3.0,9.64,8.34,90
40874,The Elder Scrolls: Betrayal of the Second Era,2025,2026.0,1,4.0,240,14,478,11,55,591,221,7,Cooperativo;Rolagem de Dados;Tabuleiro Modular;Cenário / Missão / Campanha;Árvores / Trilhas de Tecnologia;Grade Hexagonal;Preparação Variável,1,Dungeon Crawler,Aventura;Fantasia;Tema de Video Game,https://ludopedia.com.br/jogo/the-elder-scrolls-betrayal-of-the-second-era,0.9775051124744376,1.2364016736401673,0.11506276150627615,7,3.0,9.6,8.24,82
66596,Breachers - Fendas de Sempreterna,2026,2026.0,1,4.0,60,14,130,3,15,137,24,7,Colocação de Peças;Cooperativo;Movimento em Grades;Jogadores com Diferentes Habilidades;Resolução por Símbolos nos Dados;Rolagem de Dados;Tabuleiro Modular,1,Dungeon Crawler,Aventura;Fantasia,https://ludopedia.com.br/jogo/breachers-fendas-de-sempreterna,0.9774436090225563,1.0538461538461539,0.11538461538461539,7,3.0,9.55,7.15,24
63567,Brass Birmingham: Deluxe Edition,2018,2021.0,2,4.0,120,14,485,14,54,160,371,11,Colocação de Peças;Gerenciamento de Mãos;Árvores / Trilhas de Tecnologia;Cartas Multiuso;Construção de Redes e Rotas;Empréstimos;Marcas;Mercado;Ordem de Turno: Baseado em Estatísticas;Preparação Variável;Rendimentos,1,Expansão ou Suplemento,Economia / Produção,https://ludopedia.com.br/jogo/brass-birmingham-deluxe-edition,0.9719438877755511,0.32989690721649484,0.11134020618556702,11,2.0,9.51,8.61,144
78916,Monstros & Tesouros - Campos de Batalha,2026,2026.0,1,4.0,120,14,134,6,7,104,29,11,Cenário / Missão / Campanha;Cooperativo;Eliminação de Jogadores;Grade Hexagonal;Jogadores com Diferentes Habilidades;Movimento Ponto-a-Ponto;Múltiplos Mapas;Rolagem de Dados;Seleção de Ação;Solo / Solitário;Tabuleiro Modular,2,Jogo de Guerra;Miniaturas,Fantasia;Medieval,https://ludopedia.com.br/jogo/monstros-tesouros-campos-de-batalha,0.9571428571428572,0.7761194029850746,0.05223880597014925,11,3.0,9.46,6.92,18
78912,Trickerion: Anniversary Edition,2025,2026.0,1,4.0,180,14,212,3,21,104,157,6,"Alocação de Diferentes Tipos de Trabalhadores;Alocação de Trabalhadores;Construção de Baralho, Bolsas e Peças;Fila de Ações;Pontos de Ação;Seleção de Ação Simultânea",0,,História,https://ludopedia.com.br/jogo/trickerion-anniversary-edition,0.986046511627907,0.49056603773584906,0.09905660377358491,6,3.0,9.45,7.69,48
36265,The Castles of Burgundy: Special Edition,2023,2023.0,1,4.0,120,12,713,35,200,1693,1250,8,Colocação de Peças;Rolagem de Dados;Colecionar Conjuntos;Jogo em Equipe;Alocação de Trabalhadores com Dados;Bônus de Fim de Jogo;Movimento em Grades;Solo / Solitário,2,Estratégia Abstrata;Jogo de Dados,Medieval,https://ludopedia.com.br/jogo/the-castles-of-burgundy-special-edition,0.9532085561497327,2.3744740532959328,0.2805049088359046,8,3.0,9.42,9.07,445
63556,Puerto Rico 1897: Edição Especial ,2025,2026.0,1,5.0,120,14,645,10,69,526,886,8,Bônus de Fim de Jogo;Ordem de Fases Variável;Ordem do Turno: Progressivo;Pontos de Vitória Ocultos;Seguir Ação;Seleção de Ação;Valorização dos Recursos Não Escolhidos;Solo / Solitário,1,Miniaturas,Economia / Produção,https://ludopedia.com.br/jogo/puerto-rico-1897-special-edition,0.9847328244274809,0.8155038759689922,0.10697674418604651,8,4.0,9.34,8.78,250
35379,Terra Mystica: Big Box 2022,2022,2025.0,1,5.0,150,14,226,15,29,216,132,10,Construção de Redes e Rotas;Jogadores com Diferentes Habilidades;Árvores / Trilhas de Tecnologia;Bônus de Fim de Jogo;Grade Hexagonal;Ordem do Turno: Ordem de Passe;Pontos de Vitória como Recurso;Valorização dos Recursos Não Escolhidos;Preparação Variável;Rendimentos,1,Jogo Assimétrico,Civilização;Economia / Produção;Fantasia,https://ludopedia.com.br/jogo/terra-mystica-big-box-2022,0.9377593360995851,0.9557522123893806,0.12831858407079647,10,4.0,9.34,7.96,71
48357,Dragon Eclipse,2024,2026.0,1,2.0,120,12,136,3,18,383,46,4,Cenário / Missão / Campanha;Cooperativo;Criação de Baralho;Gerenciamento de Mãos,1,Jogo de Cartas,Fantasia;Medieval,https://ludopedia.com.br/jogo/dragon-eclipse,0.9784172661870504,2.8161764705882355,0.1323529411764706,4,1.0,9.33,7.25,30
50473,Terra Mystica: Era da Inovação,2023,2025.0,1,5.0,200,14,644,47,132,1099,1041,4,Grade Hexagonal;Jogadores com Diferentes Habilidades;Ordem do Turno: Ordem de Passe;Pontos de Vitória como Recurso,0,,Fantasia,https://ludopedia.com.br/jogo/age-of-innovation,0.9319826338639653,1.7065217391304348,0.20496894409937888,4,4.0,9.31,8.86,315
44772,Calamandara,2024,2024.0,2,4.0,90,13,295,14,41,315,237,10,Corrida;Gerenciamento de Mãos;Eventos;Movimento em Grades;Toma Essa;Captura de Peças;Colocação de Peças;Fim por Morte Súbita;Grade com Quadrados;Tabuleiro Modular,2,Estratégia Abstrata;Jogo de Cartas,Aventura;Fantasia;Literatura,https://ludopedia.com.br/jogo/calamandara,0.9546925566343042,1.0677966101694916,0.13898305084745763,10,2.0,9.27,8.37,132
24320,Seven Galaxies,2020,2020.0,2,6.0,30,10,124,9,26,48,42,4,Gerenciamento de Mãos;Eliminação de Jogadores;Jogadores com Diferentes Habilidades;Toma Essa,2,Colecionável;Jogo de Cartas,Ficção Científica;Fantasia,https://ludopedia.com.br/jogo/seven-galaxies,0.9323308270676691,0.3870967741935484,0.20967741935483872,4,4.0,9.26,7.58,47
77106,Everdell Silverfrost,2025,2026.0,1,4.0,60,10,213,3,20,401,160,4,Colecionar Conjuntos;Gerenciamento de Mãos;Alocação de Trabalhadores;Compra Aberta,0,,Animais;Fantasia,https://ludopedia.com.br/jogo/everdell-silverfrost,0.9861111111111112,1.8826291079812207,0.09389671361502347,4,3.0,9.26,7.41,38
85965,Nippon: Zaibatsu - Edição Imperial,2026,2026.0,1,4.0,120,12,134,0,10,82,242,6,Alocação de Diferentes Tipos de Trabalhadores;Alocação de Trabalhadores;Bônus de Fim de Jogo;Contratos;Influência / Maioria na Área;Solo / Solitário,0,,Cultura Oriental;Economia / Produção,https://ludopedia.com.br/jogo/nippon-zaibatsu-emperor-s-edition,1.0,0.6119402985074627,0.07462686567164178,6,3.0,9.25,7.69,54
53416,Ticket to Ride Legacy: Lendas do Oeste,2023,2023.0,2,5.0,90,10,694,42,64,813,758,10,Bônus de Fim de Jogo;Colecionar Conjuntos;Compra Aberta;Conexões;Construção de Redes e Rotas;Contratos;Force sua sorte;Gerenciamento de Mãos;Legado;Compra Fechada,1,Jogo Assimétrico,Transportes,https://ludopedia.com.br/jogo/ticket-to-ride-legacy-legends-of-the-west,0.9429347826086957,1.1714697406340058,0.09221902017291066,10,3.0,9.25,8.69,241
64469,SETI: Busca por Inteligência Extraterrestre,2024,2025.0,1,4.0,160,14,1497,80,242,2047,2340,7,Bônus de Fim de Jogo;Cartas Multiuso;Ordem do Turno: Progressivo;Preparação Variável;Recurso para Mover;Rendimentos;Solo / Solitário,0,,Ciências;Ficção Científica,https://ludopedia.com.br/jogo/seti-search-for-extraterrestrial-intelligence,0.9492707672796449,1.3674014696058785,0.16165664662658652,7,3.0,9.23,9.0,677
56534,Duna: Imperium - Uprising,2023,2025.0,1,6.0,120,13,1081,50,166,1033,1339,12,"Alocação de Trabalhadores;Cartas Multiuso;Compra Aberta;Construção de Baralho, Bolsas e Peças;Jogadores com Diferentes Habilidades;Resolução de Conflitos por Cartas;Valorização dos Recursos Não Escolhidos;Solo / Solitário;Jogo em Equipe;Ordem do Turno: Progressivo;Comprometer Forças;Compra Futura",2,Expansão ou Suplemento;Jogo de Cartas,Ficção Científica;Cultura Pop ou Geek;Política,https://ludopedia.com.br/jogo/dune-imperium-uprising,0.9557913351016799,0.9555966697502313,0.15356151711378355,12,5.0,9.22,8.87,412
31155,Voidfall,2023,2025.0,1,4.0,180,14,447,34,62,625,412,11,Gerenciamento de Mãos;Jogadores com Diferentes Habilidades;Movimento em Grades;Pontos de Ação;Tabuleiro Modular;Impulso de Área;Cartas de Comando;Cooperativo;Eventos;Grade Hexagonal;Solo / Solitário,1,4x,Civilização;Economia / Produção;Ficção Científica,https://ludopedia.com.br/jogo/voidfall,0.9293139293139293,1.3982102908277405,0.13870246085011187,11,3.0,9.22,8.34,133
63029,O Último Dado,2024,2024.0,4,6.0,40,14,100,2,24,51,66,4,Cartas Multiuso;Pontos de Ação;Rolagem de Dados;Eliminação de Jogadores,3,Estratégia Abstrata;Jogo de Cartas;Jogo de Dados,Aventura;Fantasia,https://ludopedia.com.br/jogo/o-ultimo-dado,0.9803921568627451,0.51,0.24,4,2.0,9.15,7.73,61
53447,Carcassonne Big Box 7,2021,2024.0,2,6.0,35,7,190,11,21,156,140,3,Colocação de Peças;Influência / Maioria na Área;Mapa: Adição,0,,Medieval,https://ludopedia.com.br/jogo/carcassonne-big-box-7,0.945273631840796,0.8210526315789474,0.11052631578947368,3,4.0,9.13,7.68,58
41866,Slay the Spire: O Jogo de Tabuleiro,2024,2024.0,1,4.0,150,12,1067,101,186,1760,1204,6,"Construção de Baralho, Bolsas e Peças;Cooperativo;Gerenciamento de Mãos;Rolagem de Dados;Solo / Solitário;Ordem do Turno: Progressivo",2,Jogo de Cartas;Dungeon Crawler,Aventura;Fantasia;Tema de Video Game,https://ludopedia.com.br/jogo/slay-the-spire-the-board-game,0.913527397260274,1.6494845360824741,0.17432052483598875,6,3.0,9.13,8.85,504
13494,Brass: Birmingham,2018,2019.0,2,4.0,120,14,2734,386,585,3515,3652,7,Construção de Redes e Rotas;Gerenciamento de Mãos;Empréstimos;Mercado;Ordem de Turno: Baseado em Estatísticas;Rendimentos;Árvores / Trilhas de Tecnologia,0,,Economia / Produção;Transportes,https://ludopedia.com.br/jogo/brass-birmingham,0.8762820512820513,1.2856620336503293,0.21397220190197513,7,2.0,9.12,9.03,1641
13196,Brass: Lancashire,2017,2019.0,2,4.0,180,13,1099,290,246,1160,1642,7,Construção de Redes e Rotas;Gerenciamento de Mãos;Empréstimos;Rendimentos;Mercado;Ordem de Turno: Baseado em Estatísticas;Árvores / Trilhas de Tecnologia,0,,Economia / Produção;Transportes,https://ludopedia.com.br/jogo/brass-lancashire,0.7912167026637869,1.0555050045495906,0.22383985441310283,7,2.0,9.12,8.93,745
27167,ISS Vanguard,2022,2024.0,1,4.0,120,13,498,43,48,662,301,4,Cooperativo;Narração de Histórias;Rolagem de Dados;Cenário / Missão / Campanha,1,Miniaturas,Aventura;Ficção Científica,https://ludopedia.com.br/jogo/iss-vanguard,0.9205175600739371,1.3293172690763053,0.0963855421686747,4,3.0,9.12,8.23,125
71120,Unmatched: The Witcher - A Queda dos Reinos,2024,2026.0,2,3.0,40,9,161,5,5,151,87,3,Gerenciamento de Mãos;Jogadores com Diferentes Habilidades;Movimento de Área,2,Colecionável;Expansão ou Suplemento,Fantasia;Medieval,https://ludopedia.com.br/jogo/unmatched-the-witcher-realms-fall,0.9698795180722891,0.937888198757764,0.031055900621118012,3,1.0,9.11,7.21,32
33119,Hegemonia: Conduza Sua Classe À Vitória - Edição Ampliada,2023,2026.0,2,4.0,180,14,762,121,162,1744,1344,7,Gerenciamento de Mãos;Jogadores com Diferentes Habilidades;Votação;Ação / Evento;Alocação de Diferentes Tipos de Trabalhadores;Simulação;Papéis com Informações Assimétricas,1,Jogo Assimétrico,Economia / Produção;Política;Educacional,https://ludopedia.com.br/jogo/hegemony-lead-your-class-to-victory-extended-edition,0.8629671574178935,2.288713910761155,0.2125984251968504,7,2.0,9.11,8.8,459
37857,Dune: Guerra por Arrakis,2024,2024.0,1,4.0,120,14,544,49,47,619,307,8,Influência / Maioria na Área;Rolagem de Dados;Jogadores com Diferentes Habilidades;Movimento de Área;Resolução por Símbolos nos Dados;Simulação;Eventos;Jogo em Equipe,2,Jogo de Cartas;Miniaturas,Cultura Pop ou Geek;Literatura;Ficção Científica;Guerra,https://ludopedia.com.br/jogo/dune-war-for-arrakis,0.9173693086003373,1.1378676470588236,0.08639705882352941,8,3.0,9.11,8.19,119
23628,Trickerion: Lendas Da Ilusão – Big Box,2019,2024.0,1,4.0,180,14,501,86,66,530,742,9,Seleção de Ação Simultânea;Alocação de Trabalhadores;Colocação de Peças;Pontos de Ação;Alocação de Diferentes Tipos de Trabalhadores;Fila de Ações;Ordem de Turno: Baseado em Estatísticas;Pegue o Líder;Rolagem de Dados,0,,Fantasia,https://ludopedia.com.br/jogo/trickerion-collector-s-edition,0.8534923339011925,1.0578842315369261,0.1317365269461078,9,3.0,9.11,8.55,231
13749,Projeto Gaia,2017,2018.0,1,4.0,150,14,2313,417,555,2951,3047,11,Construção de Redes e Rotas;Jogadores com Diferentes Habilidades;Tabuleiro Modular;Árvores / Trilhas de Tecnologia;Bônus de Fim de Jogo;Grade Hexagonal;Solo / Solitário;Ordem do Turno: Ordem de Passe;Preparação Variável;Pontos de Vitória como Recurso;Rendimentos,2,Miniaturas;Jogo Assimétrico,Ficção Científica;Economia / Produção;Civilização,https://ludopedia.com.br/jogo/gaia-project,0.8472527472527472,1.275832252485949,0.23994811932555124,11,3.0,9.1,9.0,1572
48200,Unmatched Aventuras: Contos Fantásticos,2023,2026.0,1,4.0,60,9,330,12,24,278,260,8,Campanha / Batalhas Dirigidas por Cartas;Cartas Multiuso;Cooperativo;Gerenciamento de Mãos;Jogadores com Diferentes Habilidades;Linha de Visão;Pontos de Ação;Solo / Solitário,0,,Fantasia,https://ludopedia.com.br/jogo/unmatched-adventures-tales-to-amaze,0.9649122807017544,0.8424242424242424,0.07272727272727272,8,3.0,9.09,7.99,91
25048,Gloomhaven: Presas do Leão,2020,2022.0,1,4.0,120,14,2161,392,267,1477,1361,18,"Cooperativo;Gerenciamento de Mãos;Campanha / Batalhas Dirigidas por Cartas;Movimento em Grades;Seleção de Ação Simultânea;Jogadores com Diferentes Habilidades;Fila de Ações;Recuperação de Ação;Comunicação Limitada;Acertos e Falhas Críticas;Grade Hexagonal;Habilidades 1 vez por Partida;Linha de Visão;Solo / Solitário;Cenário / Missão / Campanha;Construção de Baralho, Bolsas e Peças;Legado;RPG",3,Expansão ou Suplemento;Miniaturas;Dungeon Crawler,Aventura;Fantasia;Medieval;Luta / Artes Marciais,https://ludopedia.com.br/jogo/gloomhaven-jaws-of-the-lion,0.8464551508029768,0.6834798704303563,0.12355391022674687,18,3.0,9.09,8.91,776
77025,DC Super Heroes United: Hush,2025,2026.0,1,4.0,30,14,101,2,5,63,49,4,Cooperativo;Gerenciamento de Mãos;Movimento Ponto-a-Ponto;Tabuleiro Modular,3,Expansão ou Suplemento;Jogo de Entrada;Miniaturas,Cultura Pop ou Geek;Quadrinhos,https://ludopedia.com.br/jogo/dc-super-heroes-united-hush,0.9805825242718447,0.6237623762376238,0.04950495049504951,4,3.0,9.09,6.97,23
8624,Gloomhaven,2017,2020.0,1,4.0,120,12,2438,402,615,3018,1853,27,"Seleção de Ação Simultânea;Gerenciamento de Mãos;Cooperativo;Jogadores com Diferentes Habilidades;Movimento em Grades;Tabuleiro Modular;RPG;Fila de Ações;Recuperação de Ação;Resolução de Conflitos por Cartas;Comunicação Limitada;Acertos e Falhas Críticas;Cenário / Missão / Campanha;Construção de Baralho, Bolsas e Peças;Linha de Visão;Habilidades 1 vez por Partida;Solo / Solitário;Narração de Histórias;Grade Hexagonal;Campanha / Batalhas Dirigidas por Cartas;Legado;Ação / Evento;Bônus de Fim de Jogo;Escolha Narrativa;Jogo em Equipe;Mapa: Modificação;Marcadores de Ordens",2,Miniaturas;Dungeon Crawler,Aventura;Fantasia;Luta / Artes Marciais;Medieval,https://ludopedia.com.br/jogo/gloomhaven,0.8584507042253521,1.2378999179655454,0.25225594749794916,27,3.0,9.09,8.98,1336
38684,Imperium: Horizontes,2024,2025.0,1,4.0,120,14,194,5,20,263,95,7,"Construção de Baralho, Bolsas e Peças;Gerenciamento de Mãos;Bônus de Fim de Jogo;Mercado;Jogadores com Diferentes Habilidades;Solo / Solitário;Mover-se pelo Baralho",1,Jogo de Cartas,Civilização,https://ludopedia.com.br/jogo/imperium-horizons,0.9748743718592965,1.3556701030927836,0.10309278350515463,7,3.0,9.09,7.37,40
17559,Mage Knight: Edição Definitiva,2018,2019.0,1,5.0,150,14,1472,255,337,1874,1071,11,"Colocação de Peças;Construção de Baralho, Bolsas e Peças;Cooperativo;Gerenciamento de Mãos;Jogadores com Diferentes Habilidades;Movimento em Grades;Rolagem de Dados;RPG;Tabuleiro Modular;Compra Aberta;Solo / Solitário",1,Miniaturas,Aventura;Luta / Artes Marciais;Fantasia,https://ludopedia.com.br/jogo/mage-knight-ultimate-edition,0.8523451071221771,1.2730978260869565,0.22894021739130435,11,4.0,9.09,8.88,692
76427,Nippon: Zaibatsu,2026,2026.0,1,4.0,120,14,221,2,15,360,326,8,Alocação de Diferentes Tipos de Trabalhadores;Alocação de Trabalhadores;Bônus de Fim de Jogo;Compra Aberta;Contratos;Influência / Maioria na Área;Preparação Variável;Rendimentos,0,,Economia / Produção;Cultura Oriental,https://ludopedia.com.br/jogo/nippon-zaibatsu,0.9910313901345291,1.6289592760180995,0.06787330316742081,8,3.0,9.08,7.87,77
37012,Clank!: Catacombs,2022,2025.0,2,4.0,90,14,1823,89,229,1626,2300,12,"Colocação de Peças;Construção de Baralho, Bolsas e Peças;Eliminação de Jogadores;Force sua sorte;Movimento Ponto-a-Ponto;Bônus de Fim de Jogo;Compra Futura;Pontos de Movimento;Preparação Variável;Compra Aberta;Mapa: Adição;Tabuleiro Modular",2,Jogo de Cartas;Dungeon Crawler,Fantasia;Medieval,https://ludopedia.com.br/jogo/clank-catacombs,0.9534518828451883,0.8919363686231486,0.1256171146461876,12,2.0,9.07,8.85,650
32873,La Granja: Deluxe Master Set,2023,2023.0,1,4.0,120,14,624,82,81,646,881,13,Influência / Maioria na Área;Gerenciamento de Mãos;Jogadores com Diferentes Habilidades;Rolagem de Dados;Crescimento Automático de Recursos;Mercado;Rendimentos;Pontos de Vitória como Recurso;Preparação Variável;Compra Aberta;Ordem de Turno: Baseado em Estatísticas;Cartas Multiuso;Seleção de Ação,1,Jogo de Dados,Economia / Produção;Transportes;Animais,https://ludopedia.com.br/jogo/la-granja-deluxe-master-set,0.8838526912181303,1.0352564102564104,0.12980769230769232,13,3.0,9.07,8.63,300
14910,Twilight Imperium (4ª Edição),2017,2019.0,3,6.0,480,14,1139,223,359,1847,1706,17,Jogadores com Diferentes Habilidades;Grade Hexagonal;Negociação;Ordem de Fases Variável;Rolagem de Dados;Tabuleiro Modular;Votação;Impulso de Área;Influência / Maioria na Área;Árvores / Trilhas de Tecnologia;Seguir Ação;Valorização dos Recursos Não Escolhidos;Rei da Colina;Preparação Variável;Corrida;Seleção de Ação;Movimento em Grades,2,4x;Miniaturas,Ficção Científica;Política;Economia / Produção;Guerra;Civilização,https://ludopedia.com.br/jogo/twilight-imperium-fourth-edition,0.8362701908957415,1.6215978928884986,0.315188762071993,17,3.0,9.07,8.88,775
71121,Unmatched: The Witcher - Aço e Prata,2024,2026.0,2,3.0,40,9,176,2,8,182,116,3,Gerenciamento de Mãos;Jogadores com Diferentes Habilidades;Movimento de Área,2,Colecionável;Expansão ou Suplemento,Fantasia;Medieval,https://ludopedia.com.br/jogo/unmatched-the-witcher-steel-and-silver,0.9887640449438202,1.0340909090909092,0.045454545454545456,3,1.0,9.07,7.24,34
32507,Ark Nova,2021,2023.0,1,4.0,120,14,2289,200,462,2168,3250,4,Colocação de Peças;Gerenciamento de Mãos;Jogadores com Diferentes Habilidades;Marcas,0,,Animais;Economia / Produção;Ciências,https://ludopedia.com.br/jogo/ark-nova,0.9196464443551627,0.947138488422892,0.2018348623853211,4,3.0,9.07,8.95,1205
31174,Great Western Trail: Nova Zelândia,2023,2024.0,1,4.0,150,12,1017,90,93,520,1161,9,"Colecionar Conjuntos;Colocação de Peças;Construção de Baralho, Bolsas e Peças;Gerenciamento de Mãos;Movimento Ponto-a-Ponto;Pegar e Entregar;Solo / Solitário;Preparação Variável;Propriedade",0,,Faroeste;Animais,https://ludopedia.com.br/jogo/great-western-trail-new-zealand,0.9186991869918699,0.511307767944936,0.09144542772861357,9,3.0,9.06,8.71,385
35575,Agricola 15: Edição de Aniversário ,2022,2023.0,1,4.0,120,12,849,69,90,523,686,12,Alocação de Trabalhadores;Gerenciamento de Mãos;Ficha de Vantagem;Crescimento Automático de Recursos;Compra Fechada;Cerco de Área;Valorização dos Recursos Não Escolhidos;Solo / Solitário;Jogo em Equipe;Jogadores com Diferentes Habilidades;Ordem do Turno: Ação de Reivindicação;Preparação Variável,0,,Animais;Economia / Produção,https://ludopedia.com.br/jogo/agricola-15th-anniversary-edition,0.9248366013071896,0.6160188457008245,0.10600706713780919,12,3.0,9.05,8.57,266
24301,Clash of Cultures: Monumental,2021,2021.0,2,4.0,240,14,1042,149,153,877,1278,7,Gerenciamento de Mãos;Movimento em Grades;Rolagem de Dados;Jogadores com Diferentes Habilidades;Negociação;Tabuleiro Modular;Pontos de Ação,2,4x;Miniaturas,Civilização;Economia / Produção,https://ludopedia.com.br/jogo/clash-of-cultures-monumental-edition,0.874895046179681,0.8416506717850288,0.14683301343570057,7,2.0,9.05,8.79,530
9330,Star Wars: Rebellion,2016,2018.0,2,4.0,240,14,1921,393,381,2141,1513,18,Movimento de Área;Rolagem de Dados;Influência / Maioria na Área;Gerenciamento de Mãos;Jogadores com Diferentes Habilidades;Impulso de Área;Resolução de Conflitos por Cartas;Contratos;Resolução por Símbolos nos Dados;Compra Futura;Eventos;Movimento Oculto;Rendimentos;Preparação Variável;Toma Essa;Jogo em Equipe;Habilidades 1 vez por Partida;Alocação de Diferentes Tipos de Trabalhadores,3,Jogo de Guerra;Miniaturas;Jogo Assimétrico,Ficção Científica;Cultura Pop ou Geek;Guerra,https://ludopedia.com.br/jogo/star-wars-rebellion,0.8301642178046672,1.1145236855804268,0.19833420093701198,18,2.0,9.04,8.9,1024
433,Guerra do Anel (Segunda Edição),2012,2024.0,2,4.0,150,12,1565,339,292,1752,995,11,Influência / Maioria na Área;Rolagem de Dados;Campanha / Batalhas Dirigidas por Cartas;Resolução de Conflitos por Cartas;Eventos;Gerenciamento de Mãos;Movimento Oculto;Pontos de Movimento;Simulação;Preparação Variável;Jogo em Equipe,4,Jogo de Dados;Jogo de Guerra;Miniaturas;Jogo Assimétrico,Aventura;Guerra;Medieval;Fantasia;Literatura;Luta / Artes Marciais,https://ludopedia.com.br/jogo/war-of-the-ring-second-edition,0.821953781512605,1.1194888178913738,0.1865814696485623,11,2.0,9.03,8.83,690
30881,Robinson Crusoe: Edição de Colecionador,2022,2024.0,1,4.0,120,14,476,40,44,527,289,5,Alocação de Trabalhadores;Colocação de Peças;Cooperativo;Jogadores com Diferentes Habilidades;Rolagem de Dados,0,,Aventura;Literatura,https://ludopedia.com.br/jogo/robinson-crusoe-collector-s-edition,0.9224806201550387,1.1071428571428572,0.09243697478991597,5,3.0,9.03,8.15,123
23123,Kanban EV,2020,2022.0,1,4.0,180,14,254,32,38,506,340,4,Alocação de Trabalhadores;Gerenciamento de Mãos;Ordem de Fases Variável;Pontos de Ação,0,,Economia / Produção,https://ludopedia.com.br/jogo/kanban-ev,0.8881118881118881,1.9921259842519685,0.14960629921259844,4,3.0,9.03,8.18,127
65868,O Senhor dos Anéis: Duelo pela Terra Média,2024,2024.0,2,2.0,45,10,3010,106,276,1268,2305,5,Camadas de Componentes;Colecionar Conjuntos;Compra Aberta;Gerenciamento de Mãos;Influência / Maioria na Área,1,Jogo de Cartas,Aventura;Cultura Pop ou Geek;Fantasia,https://ludopedia.com.br/jogo/the-lord-of-the-rings-duel-for-middle-earth,0.9659820282413351,0.4212624584717608,0.09169435215946845,5,0.0,9.02,8.87,967
34906,Marvel Zombies: X-Men Resistance,2023,2024.0,1,6.0,60,14,500,27,51,339,264,5,Cooperativo;Jogo em Equipe;Rolagem de Dados;Tabuleiro Modular;Cenário / Missão / Campanha,1,Dungeon Crawler,Cultura Pop ou Geek;Horror/Terror;Quadrinhos,https://ludopedia.com.br/jogo/marvel-zombies-x-men-resistance,0.9487666034155597,0.678,0.102,5,5.0,9.02,8.21,135
40533,Unmatched: Houdini vs. O Gênio,2022,2025.0,2,2.0,20,9,327,11,13,141,225,6,Gerenciamento de Mãos;Jogadores com Diferentes Habilidades;Movimento de Área;Movimento Ponto-a-Ponto;Pontos de Ação;Resolução de Conflitos por Cartas,2,Jogo de Cartas;Miniaturas,Fantasia;Luta / Artes Marciais,https://ludopedia.com.br/jogo/unmatched-houdini-vs-the-genie,0.9674556213017751,0.43119266055045874,0.039755351681957186,6,0.0,9.02,7.88,82
53972,Galactic Cruise,2025,2025.0,1,4.0,150,14,327,15,45,605,674,16,Alocação de Diferentes Tipos de Trabalhadores;Alocação de Trabalhadores;Bônus de Fim de Jogo;Gerenciamento de Mãos;Pontos de Ação;Conexões;Mercado;Rendimentos;Cartas Multiuso;Tabuleiro Modular;Colecionar Conjuntos;Compra Aberta;Movimento em Trilha;Solo / Solitário;Preparação Variável;Pontos de Vitória como Recurso,0,,Economia / Produção;Ficção Científica;Transportes,https://ludopedia.com.br/jogo/galactic-cruise,0.956140350877193,1.8501529051987768,0.13761467889908258,16,3.0,8.99,8.33,176
29783,Great Western Trail: Segunda Edição,2021,2022.0,1,4.0,150,12,1398,239,234,1503,1877,7,"Colecionar Conjuntos;Construção de Baralho, Bolsas e Peças;Gerenciamento de Mãos;Solo / Solitário;Preparação Variável;Propriedade;Movimento em Trilha",0,,Faroeste;Transportes;Animais,https://ludopedia.com.br/jogo/great-western-trail-second-edition,0.8540012217470984,1.0751072961373391,0.16738197424892703,7,3.0,8.99,8.82,833
8858,Terraforming Mars,2016,2017.0,1,5.0,120,12,6716,866,1692,3963,7787,17,Gerenciamento de Mãos;Colocação de Peças;Jogadores com Diferentes Habilidades;Colecionar Conjuntos;Marcas;Compra Fechada;Contratos;Bônus de Fim de Jogo;Grade Hexagonal;Rendimentos;Árvores / Trilhas de Tecnologia;Toma Essa;Ordem do Turno: Progressivo;Pontos de Vitória como Recurso;Preparação Variável;Cerco de Área;Solo / Solitário,0,,Ficção Científica;Meio Ambiente;Economia / Produção;Ciências,https://ludopedia.com.br/jogo/terraforming-mars,0.8857821155367976,0.5900833829660512,0.2519356759976176,17,4.0,8.99,8.96,4027
35527,Unmatched: Battle of Legends - Volume 2,2022,2025.0,2,4.0,40,9,465,21,27,264,420,3,Gerenciamento de Mãos;Jogadores com Diferentes Habilidades;Movimento de Área,4,Expansão ou Suplemento;Jogo de Cartas;Miniaturas;Jogo Assimétrico,Fantasia;Guerra;Luta / Artes Marciais;Mitologia,https://ludopedia.com.br/jogo/unmatched-battle-of-legends-volume-2,0.9567901234567902,0.567741935483871,0.05806451612903226,3,2.0,8.96,8.15,132
22012,Clank!: Legacy – Acquisitions Incorporated,2019,2026.0,2,4.0,100,13,139,21,27,401,194,18,"Construção de Baralho, Bolsas e Peças;Force sua sorte;Movimento Ponto-a-Ponto;Legado;Cenário / Missão / Campanha;Bônus de Fim de Jogo;Colecionar Conjuntos;Compra Futura;Eliminação de Jogadores;Escolha Narrativa;Eventos;Habilidades 1 vez por Partida;Jogadores com Diferentes Habilidades;Mapa: Adição;Pegar e Entregar;Pontos de Movimento;Preparação Variável;Compra Aberta",0,,Aventura;Fantasia,https://ludopedia.com.br/jogo/clank-legacy-acquisitions-incorporated,0.86875,2.884892086330935,0.19424460431654678,18,2.0,8.95,7.65,64
68203,Shackleton Base: Uma Jornada para a Lua,2024,2026.0,1,4.0,120,14,586,16,42,453,829,2,Alocação de Diferentes Tipos de Trabalhadores;Preparação Variável,0,,Ficção Científica,https://ludopedia.com.br/jogo/shackleton-base-a-journey-to-the-moon,0.973421926910299,0.773037542662116,0.07167235494880546,2,3.0,8.95,8.38,209
28900,Ultimate Railroads,2021,2022.0,1,4.0,120,12,447,69,68,711,754,4,Alocação de Trabalhadores;Bônus de Fim de Jogo;Árvores / Trilhas de Tecnologia;Ordem do Turno: Ação de Reivindicação,0,,Economia / Produção;Transportes,https://ludopedia.com.br/jogo/ultimate-railroads,0.8662790697674418,1.5906040268456376,0.15212527964205816,4,3.0,8.95,8.48,269
20444,Tainted Grail: A Queda de Avalon,2019,2021.0,1,4.0,120,14,815,197,129,1034,485,13,"Construção de Baralho, Bolsas e Peças;Cooperativo;Movimento de Área;Narração de Histórias;RPG;Tabuleiro Modular;Campanha / Batalhas Dirigidas por Cartas;Rolagem de Dados;Gerenciamento de Mãos;Mapa: Adição;Escolha Narrativa;Solo / Solitário;Jogadores com Diferentes Habilidades",2,Miniaturas;Dungeon Crawler,Aventura;Medieval;Fantasia;Mitologia;Transportes;Adulto,https://ludopedia.com.br/jogo/tainted-grail-the-fall-of-avalon,0.8053359683794467,1.2687116564417178,0.15828220858895706,13,3.0,8.95,8.54,308
63306,Harmonies,2024,2024.0,1,4.0,30,10,4991,152,572,2148,5651,6,Construção a partir de Modelo;Colocação de Peças;Combinação;Bônus de Fim de Jogo;Ordem do Turno: Progressivo;Compra Aberta,1,Estratégia Abstrata,Animais;Meio Ambiente,https://ludopedia.com.br/jogo/harmonies,0.9704452654092942,0.4303746744139451,0.1146062913243839,6,3.0,8.94,8.86,2006
33148,O Senhor dos Anéis: Card Game (Revised Core Set),2022,2022.0,1,4.0,60,13,956,152,166,805,587,9,"Construção de Baralho, Bolsas e Peças;Cooperativo;Gerenciamento de Mãos;Jogadores com Diferentes Habilidades;Crescimento Automático de Recursos;Cenário / Missão / Campanha;RPG;Solo / Solitário;Criação de Baralho",3,Colecionável;Jogo de Cartas;Dungeon Crawler,Aventura;Cultura Pop ou Geek;Fantasia;Guerra,https://ludopedia.com.br/jogo/the-lord-of-the-rings-the-card-game-revised-core-set,0.8628158844765343,0.8420502092050209,0.17364016736401675,9,3.0,8.94,8.57,343
80826,Orloj: The Prague Astronomical Clock,2025,2026.0,1,4.0,120,14,252,4,12,356,321,7,Alocação de Trabalhadores;Árvores / Trilhas de Tecnologia;Bônus de Fim de Jogo;Colecionar Conjuntos;Preparação Variável;Rondel;Recuperação de Ação,0,,Medieval,https://ludopedia.com.br/jogo/orloj-the-prague-astronomical-clock,0.984375,1.4126984126984128,0.047619047619047616,7,3.0,8.93,7.82,82
62977,Unmatched: Origem do Sol,2024,2026.0,2,2.0,40,9,247,11,6,103,128,6,Gerenciamento de Mãos;Jogadores com Diferentes Habilidades;Linha de Visão;Movimento Ponto-a-Ponto;Pontos de Ação;Resolução de Conflitos por Cartas,1,Jogo de Cartas,Luta / Artes Marciais,https://ludopedia.com.br/jogo/unmatched-sun-s-origin,0.9573643410852714,0.41700404858299595,0.024291497975708502,6,0.0,8.93,7.47,50
56124,Nucleum,2023,2023.0,1,4.0,150,14,680,82,85,610,1091,11,Árvores / Trilhas de Tecnologia;Bônus de Fim de Jogo;Conexões;Construção de Redes e Rotas;Contratos;Gerenciamento de Mãos;Jogadores com Diferentes Habilidades;Mercado;Recuperação de Ação;Rendimentos;Solo / Solitário,0,,Economia / Produção;Ficção Científica,https://ludopedia.com.br/jogo/nucleum,0.8923884514435696,0.8970588235294118,0.125,11,3.0,8.93,8.53,324
23952,Rococo: Deluxe Edition,2020,2020.0,1,5.0,120,14,404,67,40,530,745,4,"Colecionar Conjuntos;Construção de Baralho, Bolsas e Peças;Influência / Maioria na Área;Gerenciamento de Mãos",0,,Economia / Produção;História,https://ludopedia.com.br/jogo/rococo-deluxe-edition,0.8577494692144374,1.311881188118812,0.09900990099009901,4,4.0,8.93,8.37,212
61700,Wyrmspan,2024,2024.0,1,5.0,90,14,1554,97,171,1450,2167,7,Bônus de Fim de Jogo;Compra Aberta;Gerenciamento de Mãos;Habilidades 1 vez por Partida;Movimento em Trilha;Ordem do Turno: Progressivo;Solo / Solitário,1,Jogo de Cartas,Fantasia,https://ludopedia.com.br/jogo/wyrmspan,0.9412477286493035,0.9330759330759331,0.11003861003861004,7,4.0,8.93,8.71,625
66494,Feljong,2024,2024.0,4,4.0,90,10,188,16,5,60,84,4,Apostas e Blefes;Colecionar Conjuntos;Combinação;Gerenciamento de Mãos,2,Estratégia Abstrata;Carteado,Cultura Oriental,https://ludopedia.com.br/jogo/feljong,0.9215686274509803,0.3191489361702128,0.026595744680851064,4,0.0,8.93,7.21,35
21032,Sleeping Gods,2021,2023.0,1,4.0,120,13,736,122,74,1439,467,6,Cooperativo;Force sua sorte;Gerenciamento de Mãos;Narração de Histórias;Escolha Narrativa;Cenário / Missão / Campanha,1,Livro-jogo,Aventura;Transportes;Literatura,https://ludopedia.com.br/jogo/sleeping-gods,0.8578088578088578,1.955163043478261,0.10054347826086957,6,3.0,8.93,8.35,205
41546,Andromeda's Edge,2024,2025.0,2,4.0,200,14,441,34,51,484,595,5,Alocação de Trabalhadores;Influência / Maioria na Área;Gerenciamento de Mãos;Rolagem de Dados;Compra Aberta,2,4x;Miniaturas,Ficção Científica;Luta / Artes Marciais,https://ludopedia.com.br/jogo/andromeda-s-edge,0.9284210526315789,1.0975056689342404,0.11564625850340136,5,2.0,8.92,8.28,180
20829,O Senhor dos Anéis: Jornadas na Terra Média,2019,2019.0,1,5.0,60,14,3277,524,607,2506,2355,10,"Construção de Baralho, Bolsas e Peças;Cooperativo;RPG;Tabuleiro Modular;Campanha / Batalhas Dirigidas por Cartas;Solo / Solitário;Jogadores com Diferentes Habilidades;Cenário / Missão / Campanha;Resolução com Testes de Estatísticas;Mapa: Adição",3,Integrado com Aplicativo;Miniaturas;Dungeon Crawler,Aventura;Fantasia;Literatura;Cultura Pop ou Geek,https://ludopedia.com.br/jogo/the-lord-of-the-rings-journeys-in-middle-earth,0.8621415416995527,0.7647238327738786,0.18523039365273117,10,4.0,8.92,8.82,1407
187,The Castles of Burgundy,2011,2017.0,2,4.0,90,12,3369,828,658,2780,4786,11,Colecionar Conjuntos;Colocação de Peças;Rolagem de Dados;Construção a partir de Modelo;Grade Hexagonal;Bônus de Fim de Jogo;Ordem de Turno: Baseado em Estatísticas;Alocação de Trabalhadores com Dados;Preparação Variável;Cobertura de Grade;Encadeamento,1,Jogo de Dados,Medieval;Economia / Produção;História,https://ludopedia.com.br/jogo/the-castles-of-burgundy,0.8027162258756254,0.8251706737904423,0.19531018106262987,11,2.0,8.91,8.85,2325
17363,Eclipse: O Segundo Despertar da Galáxia,2020,2022.0,2,6.0,200,14,706,88,129,952,1181,17,Colocação de Peças;Influência / Maioria na Área;Eliminação de Jogadores;Jogadores com Diferentes Habilidades;Movimento em Grades;Ordem de Fases Variável;Rolagem de Dados;Tabuleiro Modular;Impulso de Área;Passar Ficha de Ação;Acertos e Falhas Críticas;Alianças;Árvores / Trilhas de Tecnologia;Grade Hexagonal;Rendimentos;Suporte sem Recompensa;Movimento de Área,2,4x;Jogo de Guerra,Ficção Científica;Guerra;Luta / Artes Marciais;Civilização,https://ludopedia.com.br/jogo/eclipse-second-dawn-for-the-galaxy,0.889168765743073,1.348441926345609,0.18271954674220964,17,4.0,8.91,8.59,403
10959,Spirit Island,2017,2019.0,1,4.0,120,12,2147,441,382,2251,2218,12,Seleção de Ação Simultânea;Gerenciamento de Mãos;Cooperativo;Jogadores com Diferentes Habilidades;Tabuleiro Modular;Crescimento Automático de Recursos;Recuperação de Ação;Influência / Maioria na Área;Campanha / Batalhas Dirigidas por Cartas;Colecionar Conjuntos;Solo / Solitário;Preparação Variável,0,,Luta / Artes Marciais;Meio Ambiente;Fantasia;Mitologia,https://ludopedia.com.br/jogo/spirit-island,0.8295981452859351,1.048439683278994,0.17792268281322776,12,3.0,8.91,8.78,1119
36830,Tiranos da Umbreterna (Segunda Edição),2021,2024.0,2,4.0,90,14,1178,61,118,622,1440,2,"Construção de Baralho, Bolsas e Peças;Influência / Maioria na Área",1,Jogo de Cartas,Cultura Pop ou Geek;Fantasia,https://ludopedia.com.br/jogo/tyrants-of-the-underdark-board-game,0.9507667473769169,0.5280135823429541,0.100169779286927,2,2.0,8.9,8.62,458
11478,Lisboa,2017,2017.0,1,4.0,120,12,1452,350,279,1756,1801,5,Gerenciamento de Mãos;Colocação de Peças;Influência / Maioria na Área;Compra Aberta;Solo / Solitário,0,,Política;Economia / Produção,https://ludopedia.com.br/jogo/lisboa,0.8057713651498335,1.209366391184573,0.1921487603305785,5,3.0,8.9,8.74,881
29022,Ticket to Ride: Europa - 15 Anos,2021,2021.0,2,5.0,60,8,823,78,105,573,873,8,Colocação de Peças;Construção de Redes e Rotas;Gerenciamento de Mãos;Colecionar Conjuntos;Compra Aberta;Conexões;Contratos;Force sua sorte,1,Jogo de Entrada,Transportes,https://ludopedia.com.br/jogo/ticket-to-ride-europe-15th-anniversary,0.9134295227524972,0.6962332928311057,0.1275820170109356,8,3.0,8.9,8.56,380
71312,Athos Bulcão | Master Pieces,2026,2026.0,1,6.0,60,10,102,4,3,95,206,5,Colecionar Conjuntos;Colocação de Peças;Construção a partir de Modelo;Contratos;Reconhecimento de Padrões,2,Estratégia Abstrata;Quebra-Cabeça,Adulto;Arte;Cultura Brasileira;Educacional;História,https://ludopedia.com.br/jogo/athos-bulcao-master-pieces,0.9622641509433962,0.9313725490196079,0.029411764705882353,5,5.0,8.9,7.51,54
25957,The Thing: The Boardgame,2022,2022.0,1,8.0,90,14,545,124,121,1361,1131,9,Jogo em Equipe;Rolagem de Dados;Votação;Alocação de Trabalhadores;Dedução;Jogadores com Diferentes Habilidades;Papéis Ocultos;Semi-Cooperativo;Traidor,1,Miniaturas,Cultura Pop ou Geek;Horror/Terror;Ficção Científica,https://ludopedia.com.br/jogo/the-thing-the-boardgame,0.8146487294469357,2.4972477064220184,0.22201834862385322,9,7.0,8.89,8.53,349
13588,Clãs da Caledônia,2017,2017.0,1,4.0,120,12,1659,485,360,2210,2772,8,Construção de Redes e Rotas;Especulação de Commodities;Jogadores com Diferentes Habilidades;Tabuleiro Modular;Contratos;Mercado;Solo / Solitário;Ordem do Turno: Ordem de Passe,0,,Economia / Produção;Animais,https://ludopedia.com.br/jogo/clans-of-caledonia,0.7737873134328358,1.3321277878239903,0.21699819168173598,8,3.0,8.89,8.79,1339
46714,Inventores do Sul do Tigre,2024,2025.0,1,4.0,120,12,142,7,5,157,114,7,"Alocação de Trabalhadores;Alocação de Trabalhadores com Dados;Construção de Baralho, Bolsas e Peças;Gerenciamento de Mãos;Influência / Maioria na Área;Movimento em Trilha;Solo / Solitário",1,Jogo de Dados,Medieval,https://ludopedia.com.br/jogo/inventors-of-the-south-tigris,0.9530201342281879,1.1056338028169015,0.035211267605633804,7,3.0,8.88,7.36,45
34903,O Legado de Yu,2023,2023.0,1,1.0,60,12,332,91,27,359,233,4,"Alocação de Trabalhadores;Construção de Baralho, Bolsas e Peças;Gerenciamento de Mãos;Cenário / Missão / Campanha",0,,Civilização;Cultura Oriental,https://ludopedia.com.br/jogo/legacy-of-yu,0.7848699763593381,1.0813253012048192,0.08132530120481928,4,0.0,8.88,8.13,143
32088,Arkham Horror: The Card Game (Revised Edition),2021,2021.0,1,4.0,120,14,1956,248,265,1193,1292,16,"Cooperativo;Gerenciamento de Mãos;Jogadores com Diferentes Habilidades;RPG;Pontos de Ação;Cenário / Missão / Campanha;Comunicação Limitada;Criação de Baralho;Eventos;Force sua sorte;Mapa: Modificação;Movimento de Área;Resolução com Testes de Estatísticas;Solo / Solitário;Tabuleiro Modular;Construção de Baralho, Bolsas e Peças",3,Colecionável;Jogo de Cartas;Dungeon Crawler,Horror/Terror;Literatura,https://ludopedia.com.br/jogo/arkham-horror-the-card-game-revised-edition,0.8874773139745916,0.6099182004089979,0.13548057259713703,16,3.0,8.88,8.68,668
82928,Gatos e Masmorras,2026,2026.0,2,6.0,20,8,111,0,7,92,72,14,"Cobertura de Grade;Colocação de Peças;Compartilhamento entre Vizinhos;Conexões;Corrida;Grade com Quadrados;Mapa: Modificação;Peças como Mapa;Pedra, Papel e Tesoura;Pontuar e Reiniciar;Tabuleiro Modular;Tempo Real;Toma Essa;Zona de Controle",4,Destreza;Jogo de Entrada;Jogo Festivo;Dungeon Crawler,Animais;Aventura;Fantasia;Humor;Medieval,https://ludopedia.com.br/jogo/gatos-e-masmorras,1.0,0.8288288288288288,0.06306306306306306,14,4.0,8.87,6.9,23
15950,Root,2018,2019.0,2,4.0,90,13,3953,680,853,4083,4769,11,Influência / Maioria na Área;Gerenciamento de Mãos;Movimento de Área;Jogadores com Diferentes Habilidades;Movimento Ponto-a-Ponto;Rolagem de Dados;Fila de Ações;Recuperação de Ação;Corrida;Fim por Morte Súbita;Preparação Variável,2,Jogo de Guerra;Jogo Assimétrico,Fantasia;Guerra;Animais,https://ludopedia.com.br/jogo/root,0.8532268508525793,1.0328864153807236,0.21578547938274728,11,2.0,8.87,8.8,2171
8285,7 Wonders Duel,2015,2017.0,2,2.0,30,10,8754,948,1142,2591,7110,16,Colecionar Conjuntos;Camadas de Componentes;Compra Aberta;Cabo-de-Guerra;Jogadores com Diferentes Habilidades;Fim por Morte Súbita;Árvores / Trilhas de Tecnologia;Bônus de Fim de Jogo;Cartas Multiuso;Habilidades 1 vez por Partida;Marcas;Mercado;Pontos de Vitória como Recurso;Preparação Variável;Rendimentos;Tabuleiro Modular,1,Jogo de Cartas,História;Civilização;Economia / Produção,https://ludopedia.com.br/jogo/7-wonders-duel,0.9022881880024737,0.29597898103724013,0.13045464930317568,16,0.0,8.87,8.84,4383
31173,Great Western Trail: Argentina,2022,2023.0,1,4.0,150,12,1178,138,83,413,1095,7,"Colecionar Conjuntos;Construção de Baralho, Bolsas e Peças;Gerenciamento de Mãos;Propriedade;Preparação Variável;Solo / Solitário;Movimento em Trilha",0,,Faroeste;Animais,https://ludopedia.com.br/jogo/great-western-trail-argentina,0.8951367781155015,0.35059422750424446,0.07045840407470289,7,3.0,8.86,8.55,422
30978,O Inconsciente,2024,2024.0,1,4.0,120,12,635,58,82,1152,1040,12,Alocação de Trabalhadores;Colecionar Conjuntos;Movimento Programado;Contratos;Bônus de Fim de Jogo;Compra Aberta;Rondel;Marcas;Fundir e Espalhar;Solo / Solitário;Colocação de Peças;Compra Fechada,1,Jogo de Cartas,Ciências,https://ludopedia.com.br/jogo/unconscious-mind,0.9163059163059163,1.8141732283464567,0.12913385826771653,12,3.0,8.86,8.44,290
37434,Wingspan: Ásia,2022,2023.0,1,2.0,70,14,1515,110,56,652,1290,3,Colecionar Conjuntos;Gerenciamento de Mãos;Rolagem de Dados,2,Expansão ou Suplemento;Jogo de Cartas,Animais;Meio Ambiente,https://ludopedia.com.br/jogo/wingspan-asia,0.9323076923076923,0.4303630363036304,0.036963696369636964,3,1.0,8.86,8.53,385
16788,Everdell,2018,2021.0,1,4.0,80,13,4310,503,677,3622,5059,10,Alocação de Trabalhadores;Colecionar Conjuntos;Gerenciamento de Mãos;Bônus de Fim de Jogo;Contratos;Rendimentos;Compra Aberta;Propriedade;Preparação Variável;Solo / Solitário,0,,Animais;Fantasia,https://ludopedia.com.br/jogo/everdell,0.8954913775192188,0.8403712296983759,0.15707656612529003,10,3.0,8.77,8.71,2138
35743,Engis,2023,2023.0,1,4.0,75,10,132,17,7,89,122,4,Alocação de Trabalhadores;Colocação de Peças;Jogadores com Diferentes Habilidades;Tabuleiro Modular,1,Jogo Assimétrico,Pré-Histórico,https://ludopedia.com.br/jogo/engis,0.8859060402684564,0.6742424242424242,0.05303030303030303,4,3.0,8.77,7.51,60
8627,Through The Ages: Uma Nova História da Civilização,2015,2017.0,2,4.0,180,14,1415,387,273,1405,1749,7,Leilão / Lances;Pontos de Ação;Leilão: Lance Único;Rendimentos;Eventos;Toma Essa;Compra Aberta,0,,História;Economia / Produção;Civilização,https://ludopedia.com.br/jogo/through-the-ages-a-new-story-of-civilization,0.7852386237513873,0.9929328621908127,0.1929328621908127,7,2.0,8.77,8.64,951
31237,Keep the Heroes Out!,2022,2022.0,1,4.0,50,10,1168,119,172,1497,1435,9,"Construção de Baralho, Bolsas e Peças;Cooperativo;Tabuleiro Modular;Movimento de Área;Jogadores com Diferentes Habilidades;Preparação Variável;Cenário / Missão / Campanha;Recuperação de Ação;Cartas de Comando",2,Dungeon Crawler;Jogo Assimétrico,Fantasia,https://ludopedia.com.br/jogo/keep-the-heroes-out,0.9075369075369075,1.2816780821917808,0.14726027397260275,9,3.0,8.77,8.51,478
54747,Inferno,2024,2024.0,1,4.0,120,14,434,49,37,603,766,11,Alocação de Trabalhadores;Bônus de Fim de Jogo;Cartas Multiuso;Combinação;Empréstimos;Fila de Recursos;Mercado;Movimento em Grades;Pontos de Movimento;Preparação Variável;Alocação de Diferentes Tipos de Trabalhadores,0,,Economia / Produção;Fantasia;Horror/Terror;Literatura;Religião,https://ludopedia.com.br/jogo/inferno,0.8985507246376812,1.3894009216589862,0.08525345622119816,11,3.0,8.76,8.24,212
11112,Mansions of Madness (2ª Edição),2016,2017.0,1,5.0,180,14,3986,793,845,3275,3886,13,Gerenciamento de Mãos;Movimento de Área;Rolagem de Dados;RPG;Tabuleiro Modular;Cooperativo;Mapa: Adição;Cenário / Missão / Campanha;Solo / Solitário;Traidor;Resolução com Testes de Estatísticas;Jogo em Equipe;Jogadores com Diferentes Habilidades,4,Integrado com Aplicativo;Miniaturas;Quebra-Cabeça;Dungeon Crawler,Aventura;Fantasia;Horror/Terror;Luta / Artes Marciais;Literatura;Policial,https://ludopedia.com.br/jogo/mansions-of-madness-second-edition,0.8340657041222013,0.8216256899147014,0.2119919719016558,13,4.0,8.76,8.7,2227
80859,Memoir '44 (Edição Revisada),2025,2025.0,2,8.0,60,8,141,9,13,189,78,15,Campanha / Batalhas Dirigidas por Cartas;Cartas de Comando;Cenário / Missão / Campanha;Gerenciamento de Mãos;Grade Hexagonal;Influência / Maioria na Área;Jogo em Equipe;Linha de Visão;Movimento em Grades;Pontos de Movimento;Preparação Variável;Resolução por Símbolos nos Dados;Rolagem de Dados;Simulação;Tabuleiro Modular,1,Jogo de Guerra,Guerra;História,https://ludopedia.com.br/jogo/memoir-44-refreshed-edition,0.94,1.3404255319148937,0.09219858156028368,15,6.0,8.76,7.42,53
67183,DCeased: Gotham City Outbreak,2024,2026.0,1,4.0,60,14,149,7,13,107,64,9,Ação / Evento;Cenário / Missão / Campanha;Cooperativo;Jogadores com Diferentes Habilidades;Jogo em Equipe;Pontos de Ação;Rolagem de Dados;Solo / Solitário;Tabuleiro Modular,2,Miniaturas;Dungeon Crawler,Cultura Pop ou Geek;Horror/Terror;Quadrinhos,https://ludopedia.com.br/jogo/dceased-gotham-city-outbreak,0.9551282051282052,0.7181208053691275,0.087248322147651,9,3.0,8.76,6.97,27
27957,Descent: Lendas da Escuridão,2021,2021.0,1,4.0,180,14,909,152,123,1081,601,13,Cooperativo;Jogadores com Diferentes Habilidades;Movimento em Grades;Rolagem de Dados;RPG;Tabuleiro Modular;Cenário / Missão / Campanha;Ação / Evento;Jogo em Equipe;Ordem do Turno: Progressivo;Pontos de Ação;Solo / Solitário;Resolução com Testes de Estatísticas,3,Integrado com Aplicativo;Miniaturas;Dungeon Crawler,Aventura;Fantasia,https://ludopedia.com.br/jogo/descent-legends-of-the-dark,0.8567389255419415,1.1892189218921891,0.1353135313531353,13,3.0,8.76,8.38,315
7231,Pandemic Legacy: 1ª Temporada,2015,2015.0,2,4.0,60,13,1394,301,206,1601,1271,9,Gerenciamento de Mãos;Colecionar Conjuntos;Negociação;Cooperativo;Jogadores com Diferentes Habilidades;Movimento Ponto-a-Ponto;Pontos de Ação;Legado;Cartas Multiuso,0,,Meio Ambiente;Ciências,https://ludopedia.com.br/jogo/pandemic-legacy-season-1,0.8224188790560472,1.148493543758967,0.14777618364418937,9,2.0,8.76,8.59,765
8201,Arcadia Quest: Inferno,2017,2018.0,2,4.0,60,13,752,152,111,736,436,9,Movimento em Grades;Rolagem de Dados;Tabuleiro Modular;Recuperação de Ação;Cenário / Missão / Campanha;Grade com Quadrados;Jogadores com Diferentes Habilidades;Linha de Visão;Toma Essa,2,Miniaturas;Dungeon Crawler,Aventura;Fantasia,https://ludopedia.com.br/jogo/arcadia-quest-inferno,0.831858407079646,0.9787234042553191,0.14760638297872342,9,2.0,8.76,8.36,294
6764,Scythe,2016,2017.0,1,5.0,90,14,3688,613,868,3677,5384,16,Jogadores com Diferentes Habilidades;Movimento em Grades;Resolução de Conflitos por Cartas;Bônus de Fim de Jogo;Contratos;Grade Hexagonal;Rei da Colina;Pontos de Movimento;Escolha Narrativa;Toma Essa;Árvores / Trilhas de Tecnologia;Solo / Solitário;Preparação Variável;Pontos de Vitória como Recurso;Zona de Controle;Comprometer Forças,3,4x;Miniaturas;Jogo Assimétrico,Economia / Produção;Ficção Científica;Luta / Artes Marciais,https://ludopedia.com.br/jogo/scythe,0.8574750058126017,0.9970173535791758,0.23535791757049893,16,4.0,8.75,8.69,2448
5058,Five Tribes,2014,2018.0,2,4.0,80,13,2736,564,528,2479,4340,13,Colecionar Conjuntos;Leilão / Lances;Tabuleiro Modular;Jogadores com Diferentes Habilidades;Mancala;Leilão: Lances Restritos;Bônus de Fim de Jogo;Pontos de Vitória Ocultos;Toma Essa;Grade com Quadrados;Pontos de Vitória como Recurso;Preparação Variável;Ordem do Turno: Leilão,0,,Cultura Oriental;Fantasia;Mitologia,https://ludopedia.com.br/jogo/five-tribes-the-djinns-of-naqala,0.8290909090909091,0.9060672514619883,0.19298245614035087,13,2.0,8.75,8.68,2029
66640,Star Wars: The Deckbuilding Game – Clone Wars Edition,2024,2026.0,2,2.0,30,12,169,0,8,235,78,3,"Compra Aberta;Construção de Baralho, Bolsas e Peças;Cabo-de-Guerra",3,Colecionável;Expansão ou Suplemento;Jogo de Cartas,Aventura;Cultura Pop ou Geek;Fantasia;Ficção Científica,https://ludopedia.com.br/jogo/star-wars-the-deckbuilding-game-clone-wars-edition,1.0,1.3905325443786982,0.047337278106508875,3,0.0,8.75,7.11,34
66495,Geeks Vs Trolls,2026,2026.0,1,6.0,15,10,239,10,15,156,191,4,Eliminação de Jogadores;Gerenciamento de Mãos;Jogadores com Diferentes Habilidades;Toma Essa,1,Jogo de Cartas,Cultura Pop ou Geek,https://ludopedia.com.br/jogo/geeks-vs-trolls,0.9598393574297188,0.6527196652719666,0.06276150627615062,4,5.0,8.75,8.12,170
38119,Horizontes de Spirit Island ,2022,2026.0,1,3.0,120,13,194,12,6,102,90,9,Cooperativo;Seleção de Ação Simultânea;Colecionar Conjuntos;Influência / Maioria na Área;Gerenciamento de Mãos;Jogadores com Diferentes Habilidades;Tabuleiro Modular;Crescimento Automático de Recursos;Recuperação de Ação,1,Jogo de Entrada,Fantasia;Meio Ambiente;Mitologia,https://ludopedia.com.br/jogo/horizons-of-spirit-island,0.941747572815534,0.5257731958762887,0.030927835051546393,9,2.0,8.75,6.94,26
80863,Galhos,2026,2026.0,1,4.0,30,14,101,3,4,98,143,6,Colecionar Conjuntos;Colocação de Peças;Conexões;Grade Hexagonal;Reconhecimento de Padrões;Tabuleiro Modular,3,Estratégia Abstrata;Jogo de Entrada;Quebra-Cabeça,Fantasia;Meio Ambiente;Cultura Brasileira,https://ludopedia.com.br/jogo/galhos,0.9711538461538461,0.9702970297029703,0.039603960396039604,6,3.0,8.74,7.33,47
25051,Unmatched: Becos e Brumas,2020,2023.0,2,4.0,40,9,586,96,56,485,640,3,Gerenciamento de Mãos;Jogadores com Diferentes Habilidades;Movimento de Área,3,Expansão ou Suplemento;Jogo de Cartas;Miniaturas,Luta / Artes Marciais,https://ludopedia.com.br/jogo/unmatched-cobble-fog,0.8592375366568915,0.8276450511945392,0.09556313993174062,3,2.0,8.74,8.2,205
33831,Monstros & Tesouros,2022,2022.0,1,4.0,120,14,420,50,42,275,173,4,Campanha / Batalhas Dirigidas por Cartas;Force sua sorte;Rolagem de Dados;RPG,2,Jogo de Cartas;Dungeon Crawler,Fantasia;Medieval,https://ludopedia.com.br/jogo/monstros-tesouros,0.8936170212765957,0.6547619047619048,0.1,4,3.0,8.74,7.96,126
1860,Caverna: The Cave Farmers,2013,2022.0,1,7.0,210,14,2238,376,361,2185,2788,6,Alocação de Trabalhadores;Colocação de Peças;Crescimento Automático de Recursos;Ordem do Turno: Ação de Reivindicação;Solo / Solitário;Valorização dos Recursos Não Escolhidos,0,,Animais;Economia / Produção;Fantasia,https://ludopedia.com.br/jogo/caverna-the-cave-farmers,0.856159143075746,0.9763181411974977,0.1613047363717605,6,6.0,8.74,8.64,1323
9712,Catan: Plus,2019,2020.0,3,6.0,75,10,470,61,62,467,407,5,Gerenciamento de Mãos;Construção de Redes e Rotas;Negociação;Rolagem de Dados;Tabuleiro Modular,0,,Aventura;Economia / Produção;Civilização,https://ludopedia.com.br/jogo/catan-plus-catan-big-box,0.8851224105461394,0.9936170212765958,0.13191489361702127,5,3.0,8.74,8.1,164
24553,Hansa Teutonica: Big Box,2020,2021.0,3,5.0,90,12,1127,196,99,607,1555,7,Construção de Redes e Rotas;Pontos de Ação;Influência / Maioria na Área;Árvores / Trilhas de Tecnologia;Bônus de Fim de Jogo;Propriedade;Toma Essa,0,,História;Medieval,https://ludopedia.com.br/jogo/hansa-teutonica-big-box,0.8518518518518519,0.5385980479148181,0.0878438331854481,7,2.0,8.73,8.5,528
47270,Marvel United: Spider-Geddon,2023,2024.0,1,5.0,40,14,757,33,36,260,362,5,Cooperativo;Gerenciamento de Mãos;Jogadores com Diferentes Habilidades;Tabuleiro Modular;Solo / Solitário,3,Colecionável;Jogo de Entrada;Miniaturas,Quadrinhos;Luta / Artes Marciais,https://ludopedia.com.br/jogo/marvel-united-spider-geddon,0.9582278481012658,0.34346103038309117,0.047556142668428,5,4.0,8.73,8.01,141
24241,Foundations of Rome,2022,2024.0,2,4.0,90,13,137,14,28,547,378,7,Colocação de Peças;Movimento em Grades;Grade com Quadrados;Leilão: Lance Único;Mercado;Propriedade;Rendimentos,1,Miniaturas,Economia / Produção;História;Civilização,https://ludopedia.com.br/jogo/foundations-of-rome,0.9072847682119205,3.9927007299270074,0.20437956204379562,7,2.0,8.73,7.69,82
2194,Concordia,2013,2017.0,2,5.0,100,12,1016,264,193,1714,2195,13,"Gerenciamento de Mãos;Construção de Baralho, Bolsas e Peças;Movimento Ponto-a-Ponto;Leilão: Lance Único;Ficha de Vantagem;Recuperação de Ação;Bônus de Fim de Jogo;Pontos de Vitória Ocultos;Pontos de Movimento;Compra Aberta;Preparação Variável;Colecionar Conjuntos;Investimento",0,,História;Economia / Produção;Transportes,https://ludopedia.com.br/jogo/concordia,0.79375,1.687007874015748,0.18996062992125984,13,3.0,8.73,8.58,869
68254,Dorfromantik: Sakura,2024,2026.0,1,6.0,90,10,199,6,10,193,120,6,Colocação de Peças;Cooperativo;Cenário / Missão / Campanha;Grade Hexagonal;Mapa: Adição;Tabuleiro Modular,0,,Tema de Video Game,https://ludopedia.com.br/jogo/dorfromantik-sakura,0.9707317073170731,0.9698492462311558,0.05025125628140704,6,5.0,8.72,7.21,40
23070,High Frontier 4 All,2020,2022.0,1,5.0,240,14,265,34,37,361,195,10,"Construção de Baralho, Bolsas e Peças;Construção de Redes e Rotas;Gerenciamento de Mãos;Jogadores com Diferentes Habilidades;Leilão / Lances;Movimento Ponto-a-Ponto;Simulação;Pegar e Entregar;Acordos;Recurso para Mover",1,Jogo Assimétrico,Civilização;Economia / Produção;Ficção Científica,https://ludopedia.com.br/jogo/high-frontier-4-all,0.8862876254180602,1.3622641509433961,0.13962264150943396,10,4.0,8.72,7.73,87
58195,Yokohama: Segunda Edição,2024,2024.0,2,4.0,90,14,339,26,19,365,417,9,Alocação de Diferentes Tipos de Trabalhadores;Alocação de Trabalhadores;Bônus de Fim de Jogo;Colecionar Conjuntos;Construção de Redes e Rotas;Contratos;Movimento em Grades;Preparação Variável;Tabuleiro Modular,0,,Cultura Oriental;Economia / Produção,https://ludopedia.com.br/jogo/yokohama-second-edition,0.9287671232876712,1.0766961651917404,0.05604719764011799,9,2.0,8.72,7.97,130
9538,Anachrony,2017,2022.0,1,4.0,120,14,1301,223,196,1269,1838,6,Alocação de Trabalhadores;Jogadores com Diferentes Habilidades;Rolagem de Dados;Solo / Solitário;Ordem do Turno: Ação de Reivindicação;Alocação de Diferentes Tipos de Trabalhadores,1,Miniaturas,Ficção Científica;Economia / Produção,https://ludopedia.com.br/jogo/anachrony,0.8536745406824147,0.9754035357417371,0.1506533435818601,6,3.0,8.72,8.55,749
25979,7 Wonders: Segunda Edição,2020,2021.0,3,7.0,30,10,2442,183,273,1259,2585,4,Seleção de Ação Simultânea;Colecionar Conjuntos;Gerenciamento de Mãos;Jogadores com Diferentes Habilidades,2,Jogo de Cartas;Jogo Assimétrico,Civilização;Economia / Produção;História,https://ludopedia.com.br/jogo/7-wonders-second-edition,0.9302857142857143,0.5155610155610155,0.11179361179361179,4,4.0,8.71,8.59,1092
83772,Nevasca,2026,2026.0,2,5.0,30,14,287,6,40,199,208,3,Resolução de Conflitos por Cartas;Rolagem de Dados;Toma Essa,1,Jogo de Cartas,Aventura,https://ludopedia.com.br/jogo/nevasca,0.9795221843003413,0.6933797909407665,0.13937282229965156,3,3.0,8.71,7.89,115
23420,Marco Polo II: Ao Serviço do Khan,2019,2020.0,2,4.0,120,12,586,140,91,587,952,7,Alocação de Trabalhadores;Rolagem de Dados;Alocação de Trabalhadores com Dados;Contratos;Jogadores com Diferentes Habilidades;Movimento Ponto-a-Ponto;Recurso para Mover,0,,Economia / Produção;História;Medieval,https://ludopedia.com.br/jogo/marco-polo-ii-in-the-service-of-the-khan,0.8071625344352618,1.0017064846416381,0.1552901023890785,7,2.0,8.71,8.42,414
78021,Feya's Swamp,2025,2026.0,2,4.0,100,12,380,9,14,445,434,8,Alocação de Trabalhadores;Bônus de Fim de Jogo;Colocação de Peças;Grade Hexagonal;Jogadores com Diferentes Habilidades;Movimento de Área;Papéis com Informações Assimétricas;Rendimentos,0,,Civilização;Economia / Produção;Fantasia,https://ludopedia.com.br/jogo/feya-s-swamp,0.9768637532133676,1.1710526315789473,0.03684210526315789,8,2.0,8.71,7.73,88
78102,Aristofarsa,2025,2025.0,2,6.0,30,14,138,5,9,80,136,7,"Combinação;Construção de Baralho, Bolsas e Peças;Mercado;Pedra, Papel e Tesoura;Resolução de Conflitos por Cartas;Toma Essa;Vazas / Truques",3,Jogo de Cartas;Jogo de Entrada;Carteado,Medieval;Política,https://ludopedia.com.br/jogo/aristofarsa,0.965034965034965,0.5797101449275363,0.06521739130434782,7,4.0,8.71,7.37,51
8581,Food Chain Magnate,2015,2025.0,2,5.0,240,14,975,159,185,1658,1645,8,"Tabuleiro Modular;Seleção de Ação Simultânea;Construção de Baralho, Bolsas e Peças;Compra Futura;Mercado;Pontos de Vitória como Recurso;Rendimentos;Compra Aberta",0,,Economia / Produção;Gastronomia,https://ludopedia.com.br/jogo/food-chain-magnate,0.8597883597883598,1.7005128205128206,0.18974358974358974,8,3.0,8.71,8.5,591
39754,Inventions: Evolution of Ideas,2024,2024.0,1,4.0,150,14,123,14,13,278,222,3,"Alocação de Trabalhadores;Construção de Baralho, Bolsas e Peças;Movimento Ponto-a-Ponto",1,Estratégia Abstrata,Ciências;Economia / Produção,https://ludopedia.com.br/jogo/inventions-evolution-of-ideas,0.8978102189781022,2.2601626016260163,0.10569105691056911,3,3.0,8.71,7.4,53
11178,Clank!: Uma Aventura de Construção de Baralho,2016,2023.0,2,4.0,60,12,2979,570,506,2476,4818,12,"Construção de Baralho, Bolsas e Peças;Eliminação de Jogadores;Force sua sorte;Movimento Ponto-a-Ponto;Bônus de Fim de Jogo;Pontos de Movimento;Compra Aberta;Preparação Variável;Compra Futura;Gerenciamento de Mãos;Recurso para Mover;Resolução de Conflitos por Cartas",2,Jogo de Cartas;Dungeon Crawler,Aventura;Fantasia,https://ludopedia.com.br/jogo/clank-a-deck-building-adventure,0.8393913778529163,0.8311513930849278,0.1698556562604901,12,2.0,8.71,8.65,1938
52715,Planta Nubo,2023,2024.0,1,4.0,120,12,129,6,2,175,121,5,Alocação de Trabalhadores;Colocação de Peças;Contratos;Seleção de Ação;Solo / Solitário,0,,Economia / Produção;Meio Ambiente,https://ludopedia.com.br/jogo/planta-nubo,0.9555555555555556,1.3565891472868217,0.015503875968992248,5,3.0,8.7,7.13,36
54714,Doggerland,2023,2024.0,1,4.0,120,14,420,46,24,362,517,4,Alocação de Trabalhadores;Colocação de Peças;Movimento Programado;Alocação de Diferentes Tipos de Trabalhadores,0,,Pré-Histórico,https://ludopedia.com.br/jogo/doggerland,0.9012875536480687,0.861904761904762,0.05714285714285714,4,3.0,8.7,8.1,174
9611,Tiranos da Umbreterna,2016,2018.0,2,4.0,60,14,1270,198,208,1128,2196,7,"Construção de Baralho, Bolsas e Peças;Influência / Maioria na Área;Compra Futura;Conexões;Preparação Variável;Zona de Controle;Compra Aberta",1,Miniaturas,Aventura;Fantasia;Policial,https://ludopedia.com.br/jogo/tyrants-of-the-underdark,0.8651226158038147,0.8881889763779528,0.16377952755905512,7,2.0,8.69,8.53,804
13280,Luna Maris,2022,2022.0,1,4.0,120,12,635,94,43,475,748,5,Gerenciamento de Mãos;Movimento Ponto-a-Ponto;Cartas de Comando;Contratos;Recuperação de Ação,0,,Ficção Científica;Economia / Produção;Educacional,https://ludopedia.com.br/jogo/luna-maris,0.8710562414266118,0.7480314960629921,0.06771653543307087,5,3.0,8.69,8.3,300
36126,Azul: Mestre Chocolatier,2022,2023.0,2,4.0,45,8,983,57,81,541,1215,5,Colocação de Peças;Construção a partir de Modelo;Bônus de Fim de Jogo;Compra Aberta;Ordem do Turno: Ação de Reivindicação,2,Estratégia Abstrata;Quebra-Cabeça,Gastronomia,https://ludopedia.com.br/jogo/azul-master-chocolatier,0.9451923076923077,0.5503560528992879,0.08240081383519837,5,2.0,8.69,8.4,426
14457,Carcassonne Plus,2017,2019.0,2,6.0,35,7,805,112,120,645,729,2,Colocação de Peças;Construção a partir de Modelo,0,,Medieval,https://ludopedia.com.br/jogo/carcassonne-big-box-6,0.8778625954198473,0.8012422360248447,0.14906832298136646,2,4.0,8.69,8.35,350
51774,Esdras e Neemias,2024,2025.0,1,4.0,120,13,380,35,21,469,419,7,Alocação de Trabalhadores;Árvores / Trilhas de Tecnologia;Encadeamento;Gerenciamento de Mãos;Movimento em Trilha;Preparação Variável;Solo / Solitário,1,Jogo de Cartas,Civilização;História;Religião;Literatura,https://ludopedia.com.br/jogo/ezra-and-nehemiah,0.9156626506024096,1.2342105263157894,0.05526315789473684,7,3.0,8.68,7.91,125
41867,The White Castle,2023,2023.0,1,4.0,80,12,1584,135,139,969,2266,8,Alocação de Trabalhadores;Alocação de Trabalhadores com Dados;Cartas Multiuso;Preparação Variável;Solo / Solitário;Bônus de Fim de Jogo;Ordem de Turno: Baseado em Estatísticas;Rolagem de Dados,1,Jogo de Dados,Economia / Produção;Cultura Oriental,https://ludopedia.com.br/jogo/the-white-castle,0.9214659685863874,0.6117424242424242,0.08775252525252525,8,3.0,8.68,8.51,715
26163,Carnegie,2022,2022.0,1,4.0,150,14,578,120,65,537,1036,15,Construção de Redes e Rotas;Movimento em Grades;Ordem de Fases Variável;Recuperação de Ação;Árvores / Trilhas de Tecnologia;Bônus de Fim de Jogo;Conexões;Grade com Quadrados;Ordem do Turno: Progressivo;Pontos de Movimento;Recurso para Mover;Rendimentos;Seguir Ação;Solo / Solitário;Alocação de Diferentes Tipos de Trabalhadores,0,,Economia / Produção,https://ludopedia.com.br/jogo/carnegie,0.828080229226361,0.9290657439446367,0.11245674740484429,15,3.0,8.67,8.37,396
77966,The White Castle Duel,2025,2026.0,2,2.0,40,10,115,3,3,95,81,9,Colecionar Conjuntos;Bônus de Fim de Jogo;Cartas Multiuso;Rendimentos;Alocação de Trabalhadores;Preparação Variável;Produção Aleatória;Seleção de Ação;Compra Aberta,0,,Cultura Oriental,https://ludopedia.com.br/jogo/the-white-castle-duel,0.9745762711864406,0.8260869565217391,0.02608695652173913,9,0.0,8.67,6.82,22
22705,Wonderland's War,2022,2024.0,2,5.0,125,13,981,104,101,1188,1357,11,"Construção de Baralho, Bolsas e Peças;Influência / Maioria na Área;Rolagem de Dados;Compra Aberta;Force sua sorte;Jogadores com Diferentes Habilidades;Rondel;Apostas e Blefes;Bônus de Fim de Jogo;Mover-se pelo Baralho;Sistema de Sorteio de Fichas",4,Jogo de Cartas;Jogo de Guerra;Miniaturas;Jogo Assimétrico,Fantasia,https://ludopedia.com.br/jogo/wonderland-s-war,0.904147465437788,1.2110091743119267,0.10295616717635066,11,3.0,8.66,8.36,390
10672,Agricola: Edição Revisada,2016,2023.0,1,4.0,120,12,1826,501,304,1870,2551,12,Gerenciamento de Mãos;Alocação de Trabalhadores;Ficha de Vantagem;Crescimento Automático de Recursos;Cerco de Área;Compra Fechada;Valorização dos Recursos Não Escolhidos;Solo / Solitário;Jogo em Equipe;Ordem do Turno: Ação de Reivindicação;Jogadores com Diferentes Habilidades;Colocação de Peças,0,,Animais;Economia / Produção,https://ludopedia.com.br/jogo/agricola-revised-edition,0.7847013321873657,1.0240963855421688,0.1664841182913472,12,3.0,8.66,8.56,1222
79022,Star Wars: Battle of Hoth,2025,2025.0,2,4.0,30,8,395,12,19,280,284,14,Campanha / Batalhas Dirigidas por Cartas;Cartas de Comando;Cenário / Missão / Campanha;Gerenciamento de Mãos;Grade Hexagonal;Influência / Maioria na Área;Jogo em Equipe;Linha de Visão;Movimento em Grades;Preparação Variável;Resolução por Símbolos nos Dados;Rolagem de Dados;Simulação;Tabuleiro Modular,1,Jogo de Guerra,Ficção Científica;Guerra,https://ludopedia.com.br/jogo/star-wars-battle-of-hoth,0.9705159705159705,0.7088607594936709,0.04810126582278481,14,2.0,8.66,7.81,106
46380,Azul Mini,2023,2023.0,2,4.0,45,8,3425,162,214,692,2682,6,Bônus de Fim de Jogo;Colocação de Peças;Construção a partir de Modelo;Ordem do Turno: Ação de Reivindicação;Compra Aberta;Combinação,3,Estratégia Abstrata;Jogo de Entrada;Quebra-Cabeça,,https://ludopedia.com.br/jogo/azul-mini,0.9548369110677446,0.20204379562043795,0.062481751824817515,6,2.0,8.66,8.55,1176
36707,World Wonders,2023,2023.0,1,5.0,70,12,1859,226,214,1271,2780,6,Colocação de Peças;Construção de Redes e Rotas;Crescimento Automático de Recursos;Empréstimos;Grade com Quadrados;Marcadores de Ordens,2,Estratégia Abstrata;Quebra-Cabeça,Civilização;História,https://ludopedia.com.br/jogo/world-wonders,0.8916067146282973,0.6837009144701452,0.11511565357719204,6,4.0,8.65,8.52,967
42403,Estudiosos do Sul do Tigre,2023,2024.0,1,4.0,90,12,310,40,21,212,380,7,"Construção de Baralho, Bolsas e Peças;Influência / Maioria na Área;Gerenciamento de Mãos;Rolagem de Dados;Árvores / Trilhas de Tecnologia;Rondel;Alocação de Trabalhadores com Dados",2,Jogo de Cartas;Jogo de Dados,Medieval,https://ludopedia.com.br/jogo/-scholars-of-the-south-tigris,0.8857142857142857,0.6838709677419355,0.06774193548387097,7,3.0,8.65,7.84,113
29982,Zombicide: Undead or Alive,2022,2023.0,1,6.0,60,14,655,73,61,433,479,8,Cooperativo;Rolagem de Dados;Tabuleiro Modular;Cenário / Missão / Campanha;Múltiplos Mapas;Pontos de Ação;Jogadores com Diferentes Habilidades;Solo / Solitário,2,Miniaturas;Dungeon Crawler,Faroeste;Horror/Terror;Luta / Artes Marciais,https://ludopedia.com.br/jogo/zombicide-undead-or-alive,0.8997252747252747,0.6610687022900763,0.09312977099236641,8,5.0,8.65,8.14,207
14981,Azul,2017,2018.0,2,4.0,45,8,9428,752,1147,3561,10300,5,Colocação de Peças;Construção a partir de Modelo;Bônus de Fim de Jogo;Compra Aberta;Ordem do Turno: Ação de Reivindicação,2,Estratégia Abstrata;Quebra-Cabeça,Arte,https://ludopedia.com.br/jogo/azul,0.9261296660117878,0.37770470937632583,0.12165888841747985,5,2.0,8.65,8.62,5079
70797,Zenkai: Adventure,2025,2025.0,1,6.0,90,10,195,19,16,113,159,7,Acertos e Falhas Críticas;Alocação de Trabalhadores com Dados;Campanha / Batalhas Dirigidas por Cartas;Influência / Maioria na Área;Movimento de Área;Rolagem de Dados;Tabuleiro Modular,0,,Anime / Manga;Aventura;Cultura Pop ou Geek,https://ludopedia.com.br/jogo/zenkai-adventure,0.9112149532710281,0.5794871794871795,0.08205128205128205,7,5.0,8.65,7.52,67
29058,Carcassonne: Edição do 20° Aniversário,2021,2021.0,2,5.0,45,7,758,87,94,541,831,3,Colocação de Peças;Influência / Maioria na Área;Mapa: Adição,1,Jogo de Entrada,Medieval,https://ludopedia.com.br/jogo/carcassonne-20th-anniversary-edition,0.8970414201183432,0.7137203166226913,0.12401055408970976,3,3.0,8.64,8.32,363
21960,O Bom do Videogame,2023,2023.0,2,5.0,60,12,545,62,41,613,762,8,Gerenciamento de Mãos;Colecionar Conjuntos;Ordem de Fases Variável;Seleção de Ação;Alocação de Trabalhadores;Bônus de Fim de Jogo;Compra Fechada;Contratos,0,,Tema de Video Game,https://ludopedia.com.br/jogo/video-game-champion,0.8978583196046128,1.1247706422018349,0.07522935779816514,8,3.0,8.63,8.22,267
21122,Pax Pamir: Segunda Edição,2019,2022.0,1,5.0,120,14,617,109,105,737,963,10,Influência / Maioria na Área;Gerenciamento de Mãos;Movimento de Área;Acordos;Pontos de Ação;Pontuar e Reiniciar;Compra Aberta;Simulação;Solo / Solitário;Valorização dos Recursos Não Escolhidos,0,,Cultura Oriental;História;Política;Economia / Produção;Policial,https://ludopedia.com.br/jogo/pax-pamir-second-edition,0.849862258953168,1.1944894651539708,0.17017828200972449,10,4.0,8.63,8.29,342
16085,Teotihuacan: City of Gods,2018,2019.0,1,4.0,120,12,1540,328,184,977,2033,8,Colecionar Conjuntos;Colocação de Peças;Movimento de Área;Solo / Solitário;Rondel;Alocação de Trabalhadores com Dados;Preparação Variável;Movimento em Trilha,1,Jogo de Dados,História;Civilização,https://ludopedia.com.br/jogo/teotihuacan-city-of-gods,0.8244111349036403,0.6344155844155844,0.11948051948051948,8,3.0,8.63,8.5,915
77825,Everdell Farshore: Edição de Colecionador,2023,2025.0,1,4.0,80,10,219,16,12,108,223,4,Alocação de Trabalhadores;Colecionar Conjuntos;Compra Aberta;Gerenciamento de Mãos,1,Jogo de Cartas,Animais;Fantasia,https://ludopedia.com.br/jogo/everdell-farshore-collector-s-edition,0.9319148936170213,0.4931506849315068,0.0547945205479452,4,3.0,8.62,7.45,62
62114,Fate: Defensores de Grimheim,2024,2025.0,1,4.0,180,14,796,48,72,681,803,10,Cooperativo;Eventos;Gerenciamento de Mãos;Grade Hexagonal;Jogadores com Diferentes Habilidades;Movimento em Grades;Pontos de Ação;Preparação Variável;Rolagem de Dados;Solo / Solitário,0,,Aventura;Fantasia,https://ludopedia.com.br/jogo/fate-defenders-of-grimheim,0.943127962085308,0.8555276381909548,0.09045226130653267,10,3.0,8.62,8.18,246
66840,Azul Mini: Pavilhão de Verão,2024,2024.0,2,4.0,45,8,568,27,22,211,518,6,Bônus de Fim de Jogo;Colocação de Peças;Compra Aberta;Construção a partir de Modelo;Ordem do Turno: Ação de Reivindicação;Pontuar e Reiniciar,3,Estratégia Abstrata;Jogo de Entrada;Quebra-Cabeça,Arte,https://ludopedia.com.br/jogo/azul-summer-pavilion-mini,0.9546218487394958,0.3714788732394366,0.03873239436619718,6,2.0,8.62,8.01,165
59347,Potion Rush,2025,2025.0,2,6.0,20,14,186,3,16,102,194,3,Colecionar Conjuntos;Gerenciamento de Mãos;Toma Essa,2,Jogo de Cartas;Jogo Festivo,Fantasia;Medieval,https://ludopedia.com.br/jogo/potion-rush,0.9841269841269841,0.5483870967741935,0.08602150537634409,3,4.0,8.62,7.38,56
26735,Massive Darkness 2: Hellscape,2021,2022.0,1,6.0,60,14,549,53,71,617,301,7,Cooperativo;Jogadores com Diferentes Habilidades;Rolagem de Dados;Tabuleiro Modular;Pontos de Ação;Cenário / Missão / Campanha;Solo / Solitário,2,Miniaturas;Dungeon Crawler,Fantasia;Medieval,https://ludopedia.com.br/jogo/massive-darkness-2-hellscape,0.9119601328903655,1.1238615664845173,0.12932604735883424,7,5.0,8.62,7.97,153
8424,Mombasa,2015,2017.0,2,4.0,150,12,1080,404,136,988,1636,13,"Mercado de Ações;Seleção de Ação Simultânea;Movimento Programado;Construção de Baralho, Bolsas e Peças;Alocação de Trabalhadores;Compra Aberta;Fila de Ações;Gerenciamento de Mãos;Influência / Maioria na Área;Investimento;Jogadores com Diferentes Habilidades;Ordem do Turno: Ação de Reivindicação;Pontos de Vitória como Recurso",0,,Economia / Produção,https://ludopedia.com.br/jogo/mombasa,0.7277628032345014,0.9148148148148149,0.1259259259259259,13,2.0,8.62,8.47,794
29986,Tiny Epic Dungeons,2021,2023.0,1,4.0,60,14,1969,207,193,1273,1264,8,Colocação de Peças;Cooperativo;Jogadores com Diferentes Habilidades;Rolagem de Dados;Tabuleiro Modular;Minijogo no Final;Preparação Variável;Solo / Solitário,2,Miniaturas;Dungeon Crawler,Fantasia;Medieval;Aventura,https://ludopedia.com.br/jogo/tiny-epic-dungeons,0.9048713235294118,0.6465210766886744,0.09801929913661757,8,3.0,8.61,8.4,579
366,Robinson Crusoé: Aventuras na Ilha Amaldiçoada,2012,2016.0,1,4.0,120,14,2587,882,399,2384,2619,19,Seleção de Ação Simultânea;Colecionar Conjuntos;Alocação de Trabalhadores;Cooperativo;Jogadores com Diferentes Habilidades;Movimento de Área;Narração de Histórias;Rolagem de Dados;Tabuleiro Modular;Cenário / Missão / Campanha;Colocação de Peças;Escolha Narrativa;Eventos;Fila de Ações;Grade Hexagonal;Mapa: Adição;Ordem do Turno: Progressivo;Pontos de Movimento;Resolução por Símbolos nos Dados,0,,Aventura;Literatura,https://ludopedia.com.br/jogo/robinson-crusoe-adventures-on-the-cursed-island,0.7457480541942924,0.9215307305759567,0.15423270197139544,19,3.0,8.61,8.52,1536
7333,As Viagens de Marco Polo,2015,2016.0,2,4.0,100,12,1801,575,344,1337,2963,9,Jogadores com Diferentes Habilidades;Rolagem de Dados;Movimento Ponto-a-Ponto;Contratos;Alocação de Trabalhadores com Dados;Preparação Variável;Recurso para Mover;Ordem do Turno: Ação de Reivindicação;Alocação de Trabalhadores,1,Jogo de Dados,Medieval;Transportes;Economia / Produção,https://ludopedia.com.br/jogo/the-voyages-of-marco-polo,0.757996632996633,0.742365352581899,0.19100499722376457,9,2.0,8.61,8.53,1537
36576,Village: Big Box,2022,2023.0,1,5.0,120,12,378,69,41,376,512,6,Alocação de Trabalhadores;Colecionar Conjuntos;Alocação de Diferentes Tipos de Trabalhadores;Influência / Maioria na Área;Contratos;Ordem do Turno: Ação de Reivindicação,0,,Economia / Produção;Medieval,https://ludopedia.com.br/jogo/village-big-box,0.8456375838926175,0.9947089947089947,0.10846560846560846,6,4.0,8.6,8.06,191
9109,Grand Austria Hotel,2015,2018.0,2,4.0,90,12,1285,362,189,1213,1996,5,Colecionar Conjuntos;Rolagem de Dados;Movimento Programado;Ordem de Fases Variável;Contratos,1,Jogo de Dados,Economia / Produção;Gastronomia,https://ludopedia.com.br/jogo/grand-austria-hotel,0.7802064359441409,0.9439688715953307,0.14708171206225681,5,2.0,8.6,8.46,923
18167,Zombicide: Dark Side,2019,2020.0,1,6.0,60,14,263,45,17,303,119,6,Cooperativo;Jogadores com Diferentes Habilidades;Jogo em Equipe;Rolagem de Dados;Pontos de Ação;Tabuleiro Modular,2,Miniaturas;Dungeon Crawler,Ficção Científica;Horror/Terror,https://ludopedia.com.br/jogo/zombicide-dark-side,0.8538961038961039,1.1520912547528517,0.06463878326996197,6,5.0,8.6,7.51,69
64128,Oikos,2024,2024.0,2,6.0,60,14,296,25,20,186,386,10,Bônus de Fim de Jogo;Cartas Multiuso;Cobertura de Grade;Gerenciamento de Mãos;Jogadores com Diferentes Habilidades;Mapa: Modificação;Movimento de Área;Movimento em Grades;Papéis com Informações Assimétricas;Tabuleiro Modular,2,Jogo de Cartas;Jogo Assimétrico,Animais;Cultura Brasileira;Educacional,https://ludopedia.com.br/jogo/oikos,0.9221183800623053,0.6283783783783784,0.06756756756756757,10,4.0,8.6,7.89,132
98,Lords of Waterdeep,2012,2026.0,2,5.0,60,12,1789,386,449,2068,3427,8,Alocação de Trabalhadores;Colecionar Conjuntos;Contratos;Ordem do Turno: Ação de Reivindicação;Papéis Ocultos;Propriedade;Toma Essa;Valorização dos Recursos Não Escolhidos,0,,Fantasia,https://ludopedia.com.br/jogo/lords-of-waterdeep,0.8225287356321839,1.155953046394634,0.2509782001117943,8,3.0,8.6,8.52,1559
10425,Aeon's End,2016,2023.0,1,4.0,60,14,651,104,67,757,747,10,"Gerenciamento de Mãos;Construção de Baralho, Bolsas e Peças;Cooperativo;Jogadores com Diferentes Habilidades;Ordem de Fases Variável;Compra Futura;Preparação Variável;Compra Aberta;Sistema de Sorteio de Fichas;Solo / Solitário",0,,Ficção Científica;Fantasia;Luta / Artes Marciais,https://ludopedia.com.br/jogo/aeon-s-end,0.8622516556291391,1.1628264208909371,0.10291858678955453,10,3.0,8.6,8.23,301
25929,Imperium: Lendas,2021,2022.0,1,4.0,120,12,517,98,31,250,305,2,"Construção de Baralho, Bolsas e Peças;Gerenciamento de Mãos",1,Jogo de Cartas,Civilização,https://ludopedia.com.br/jogo/imperium-legends,0.8406504065040651,0.4835589941972921,0.059961315280464215,2,3.0,8.6,8.05,185
6550,Orléans,2014,2017.0,2,4.0,90,12,1824,392,222,1087,2694,11,"Construção de Baralho, Bolsas e Peças;Movimento Ponto-a-Ponto;Colecionar Conjuntos;Alocação de Diferentes Tipos de Trabalhadores;Árvores / Trilhas de Tecnologia;Contratos;Eventos;Ordem do Turno: Progressivo;Preparação Variável;Seleção de Ação Simultânea;Suporte sem Recompensa",0,,Medieval;Transportes,https://ludopedia.com.br/jogo/orleans,0.8231046931407943,0.5959429824561403,0.12171052631578948,11,2.0,8.6,8.49,1204
25894,Cascadia,2021,2022.0,1,4.0,45,14,2109,237,210,1948,3391,2,Colocação de Peças;Construção a partir de Modelo,2,Estratégia Abstrata;Quebra-Cabeça,Animais;Meio Ambiente,https://ludopedia.com.br/jogo/cascadia,0.8989769820971867,0.923660502607871,0.09957325746799431,2,3.0,8.59,8.48,1140
52890,Star Wars: Unlimited,2024,2024.0,2,4.0,20,12,113,12,8,92,133,4,Criação de Baralho;Gerenciamento de Mãos;Rendimentos;Toma Essa,2,Colecionável;Jogo de Cartas,Aventura;Cultura Pop ou Geek;Ficção Científica,https://ludopedia.com.br/jogo/star-wars-unlimited,0.904,0.8141592920353983,0.07079646017699115,4,2.0,8.59,7.25,47
62689,Faith Battle,2024,2024.0,2,8.0,30,8,146,7,14,39,46,1,Gerenciamento de Mãos,1,Jogo de Cartas,Religião;Literatura,https://ludopedia.com.br/jogo/faith-battle,0.954248366013072,0.2671232876712329,0.0958904109589041,1,6.0,8.59,7.07,35
28281,Sanduíche,2020,2020.0,2,6.0,10,7,132,8,7,60,121,2,Movimento Programado;Pegar e Entregar,1,Jogo de Cartas,Gastronomia;Quadrinhos,https://ludopedia.com.br/jogo/sanduiche-jogo-de-cartas,0.9428571428571428,0.45454545454545453,0.05303030303030303,2,4.0,8.57,7.28,50
27320,Unmatched: Chapeuzinho Vermelho vs. Beowulf,2020,2023.0,2,2.0,20,9,423,58,20,270,336,3,Gerenciamento de Mãos;Jogadores com Diferentes Habilidades;Movimento de Área,3,Expansão ou Suplemento;Jogo de Cartas;Miniaturas,Fantasia;Literatura;Luta / Artes Marciais;Mitologia,https://ludopedia.com.br/jogo/unmatched-little-red-riding-hood-vs-beowulf,0.8794178794178794,0.6382978723404256,0.04728132387706856,3,0.0,8.57,7.89,137
76468,Grasse (2ª Edição),2025,2025.0,1,4.0,90,14,562,32,19,182,499,4,Alocação de Trabalhadores;Colecionar Conjuntos;Contratos;Rondel,1,Estratégia Abstrata,Economia / Produção,https://ludopedia.com.br/jogo/grasse-2-edicao,0.9461279461279462,0.3238434163701068,0.033807829181494664,4,3.0,8.57,7.95,158
32942,Azul: Jardim da Rainha,2021,2022.0,2,4.0,60,10,977,88,91,848,1352,5,Colocação de Peças;Colecionar Conjuntos;Construção a partir de Modelo;Bônus de Fim de Jogo;Ordem do Turno: Ação de Reivindicação,2,Estratégia Abstrata;Quebra-Cabeça,,https://ludopedia.com.br/jogo/azul-queen-s-garden,0.9173708920187793,0.8679631525076765,0.0931422722620266,5,2.0,8.57,8.3,425
4699,La Granja,2014,2019.0,1,4.0,120,12,1805,585,184,1268,2376,9,Gerenciamento de Mãos;Rolagem de Dados;Influência / Maioria na Área;Jogadores com Diferentes Habilidades;Seleção de Ação Simultânea;Cartas Multiuso;Crescimento Automático de Recursos;Pontos de Vitória como Recurso;Pontos de Vitória Ocultos,0,,Economia / Produção,https://ludopedia.com.br/jogo/la-granja,0.7552301255230126,0.7024930747922438,0.10193905817174516,9,3.0,8.57,8.46,1145
14946,Star Wars: Legion,2018,2018.0,2,2.0,120,12,323,68,50,321,146,6,Gerenciamento de Mãos;Jogadores com Diferentes Habilidades;Rolagem de Dados;Movimento Programado;Cerco de Área;Eliminação de Jogadores,2,Colecionável;Miniaturas,Ficção Científica;Cultura Pop ou Geek,https://ludopedia.com.br/jogo/star-wars-legion,0.8260869565217391,0.9938080495356038,0.15479876160990713,6,0.0,8.56,7.78,115
24015,Kemet: Blood and Sand,2021,2021.0,2,5.0,120,13,605,113,62,594,661,10,Influência / Maioria na Área;Gerenciamento de Mãos;Movimento de Área;Pontos de Ação;Crescimento Automático de Recursos;Marcadores de Ordens;Zona de Controle;Árvores / Trilhas de Tecnologia;Compra Aberta;Resolução de Conflitos por Cartas,2,Jogo de Guerra;Miniaturas,Cultura Africana;Luta / Artes Marciais;Mitologia;Guerra,https://ludopedia.com.br/jogo/kemet-blood-and-sand,0.8426183844011143,0.9818181818181818,0.1024793388429752,10,3.0,8.56,8.13,249
25605,The Red Cathedral,2020,2021.0,1,4.0,60,10,1605,262,124,911,2118,3,Influência / Maioria na Área;Rolagem de Dados;Rondel,0,,Economia / Produção,https://ludopedia.com.br/jogo/the-red-cathedral,0.8596679164434923,0.567601246105919,0.07725856697819315,3,3.0,8.56,8.4,763
14346,Brazil: Imperial,2021,2021.0,1,4.0,100,14,2084,390,247,1878,2342,6,Colecionar Conjuntos;Tabuleiro Modular;Influência / Maioria na Área;Gerenciamento de Mãos;Jogadores com Diferentes Habilidades;Movimento em Grades,1,4x,Cultura Brasileira;História;Economia / Produção;Civilização,https://ludopedia.com.br/jogo/brazil-imperial,0.8423605497170574,0.9011516314779271,0.11852207293666027,6,3.0,8.56,8.44,1068
25167,Os Desejos do Sultão,2021,2021.0,1,4.0,60,14,349,39,38,180,357,5,Colecionar Conjuntos;Gerenciamento de Mãos;Memória;Alocação de Trabalhadores;Apostas em Metas,0,,Fantasia;Animais,https://ludopedia.com.br/jogo/os-desejos-do-sultao,0.8994845360824743,0.5157593123209169,0.10888252148997135,5,3.0,8.56,7.98,171
56126,Critter Kitchen,2025,2025.0,1,5.0,70,10,722,31,45,591,810,3,Contratos;Jogadores com Diferentes Habilidades;Movimento Programado,0,,Animais;Gastronomia,https://ludopedia.com.br/jogo/critter-kitchen,0.9588313413014609,0.8185595567867036,0.062326869806094184,3,4.0,8.56,8.11,235
7714,The Gallerist,2015,2023.0,1,4.0,120,12,1086,353,151,954,1606,11,Alocação de Trabalhadores;Colecionar Conjuntos;Especulação de Commodities;Alocação de Diferentes Tipos de Trabalhadores;Compra Aberta;Contratos;Influência / Maioria na Área;Investimento;Movimento Ponto-a-Ponto;Recurso para Mover;Solo / Solitário,0,,Arte;Economia / Produção,https://ludopedia.com.br/jogo/the-gallerist,0.7546907574704657,0.8784530386740331,0.13904235727440148,11,3.0,8.56,8.41,810
10546,Pandemic Iberia,2016,2023.0,2,5.0,45,8,537,79,34,505,456,10,Gerenciamento de Mãos;Colecionar Conjuntos;Cooperativo;Jogadores com Diferentes Habilidades;Movimento Ponto-a-Ponto;Pontos de Ação;Construção de Redes e Rotas;Solo / Solitário;Cartas Multiuso;Negociação,0,,Ciências;Transportes,https://ludopedia.com.br/jogo/pandemic-iberia,0.8717532467532467,0.9404096834264432,0.0633147113594041,10,3.0,8.56,8.05,199
68249,Bomb Busters,2024,2026.0,2,5.0,30,10,864,14,49,889,1123,8,Cenário / Missão / Campanha;Comunicação Limitada;Cooperativo;Dedução;Fim por Morte Súbita;Habilidades 1 vez por Partida;Memória;Tempo Real,0,,Animais;Policial,https://ludopedia.com.br/jogo/bomb-busters,0.9840546697038725,1.0289351851851851,0.056712962962962965,8,3.0,8.55,8.16,278
22860,Destinos,2021,2022.0,1,3.0,150,14,630,153,53,712,532,11,Narração de Histórias;Colocação de Peças;Rolagem de Dados;RPG;Cenário / Missão / Campanha;Mapa: Adição;Solo / Solitário;Movimento de Área;Ordem do Turno: Progressivo;Pistas Direcionadas;Resolução com Testes de Estatísticas,2,Integrado com Aplicativo;Miniaturas,Aventura;Fantasia;Medieval,https://ludopedia.com.br/jogo/destinies,0.8045977011494253,1.1301587301587301,0.08412698412698413,11,2.0,8.55,8.12,250
26212,Paleo,2020,2022.0,1,4.0,60,10,436,90,43,639,485,3,Cooperativo;Seleção de Ação Simultânea;Memória,0,,Pré-Histórico,https://ludopedia.com.br/jogo/paleo,0.8288973384030418,1.4655963302752293,0.09862385321100918,3,3.0,8.55,8.02,189
65898,Black Forest,2024,2025.0,1,4.0,120,14,352,26,19,515,486,8,Alocação de Trabalhadores;Bônus de Fim de Jogo;Colecionar Conjuntos;Colocação de Peças;Crescimento Automático de Recursos;Habilidades 1 vez por Partida;Preparação Variável;Solo / Solitário,0,,Economia / Produção;Medieval,https://ludopedia.com.br/jogo/black-forest,0.9312169312169312,1.4630681818181819,0.05397727272727273,8,3.0,8.55,7.86,134
50577,Trio,2021,2023.0,2,6.0,15,8,5658,124,324,1003,5418,3,Colecionar Conjuntos;Memória;Dedução,3,Jogo de Cartas;Jogo de Entrada;Jogo Festivo,,https://ludopedia.com.br/jogo/trio,0.978554133517814,0.17727112053729233,0.05726405090137858,3,4.0,8.55,8.49,1997
21822,Maracaibo,2019,2020.0,1,4.0,120,12,996,355,97,1138,1309,18,Gerenciamento de Mãos;Pegar e Entregar;Influência / Maioria na Área;Movimento Ponto-a-Ponto;Árvores / Trilhas de Tecnologia;Bônus de Fim de Jogo;Cartas Multiuso;Cenário / Missão / Campanha;Colecionar Conjuntos;Contratos;Escolha Narrativa;Eventos;Mercado de Ações;Movimento em Trilha;Pontos de Movimento;Preparação Variável;Rendimentos;Solo / Solitário,0,,Aventura;Economia / Produção;Piratas,https://ludopedia.com.br/jogo/maracaibo,0.7372316802368616,1.142570281124498,0.09738955823293173,18,3.0,8.54,8.36,646
9711,Viticulture - Edição Essencial,2015,2017.0,1,6.0,90,14,3039,580,442,1847,4124,7,Gerenciamento de Mãos;Alocação de Trabalhadores;Contratos;Alocação de Diferentes Tipos de Trabalhadores;Pontos de Vitória como Recurso;Solo / Solitário;Ordem do Turno: Leilão,0,,Economia / Produção,https://ludopedia.com.br/jogo/viticulture-essential-edition,0.8397347333517546,0.6077657124053966,0.14544257979598552,7,5.0,8.54,8.47,1866
19212, Chicago 1875: City of the Big Shoulders,2019,2026.0,1,4.0,180,14,160,38,37,393,329,12,Alocação de Trabalhadores;Colocação de Peças;Especulação de Commodities;Jogadores com Diferentes Habilidades;Mercado de Ações;Propriedade;Bônus de Fim de Jogo;Contratos;Investimento;Rendimentos;Ordem do Turno: Ação de Reivindicação;Preparação Variável,0,,Educacional;Economia / Produção,https://ludopedia.com.br/jogo/-chicago-1875-city-of-the-big-shoulders,0.8080808080808081,2.45625,0.23125,12,3.0,8.54,7.83,130
25200,Pandemic Legacy: Season 0,2020,2021.0,1,4.0,60,14,644,62,12,254,391,5,Cooperativo;Movimento Ponto-a-Ponto;Pontos de Ação;Gerenciamento de Mãos;Legado,0,,Ciências,https://ludopedia.com.br/jogo/pandemic-legacy-season-0,0.9121813031161473,0.3944099378881988,0.018633540372670808,5,3.0,8.54,7.88,143
70711,Águas Rasas,2025,2026.0,1,4.0,45,14,491,5,19,389,709,8,Bônus de Fim de Jogo;Cobertura de Grade;Colecionar Conjuntos;Colocação de Peças;Compra Aberta;Construção a partir de Modelo;Preparação Variável;Solo / Solitário,2,Estratégia Abstrata;Quebra-Cabeça,Animais,https://ludopedia.com.br/jogo/shallow-sea,0.9899193548387096,0.7922606924643585,0.038696537678207736,8,3.0,8.54,7.93,160
24726,Praga Caput Regni,2020,2022.0,1,4.0,120,12,438,115,30,411,675,9,Colocação de Peças;Influência / Maioria na Área;Grade Hexagonal;Bônus de Fim de Jogo;Cerco de Área;Movimento em Trilha;Movimento Tridimensional;Preparação Variável;Rendimentos,0,,Medieval,https://ludopedia.com.br/jogo/praga-caput-regni,0.7920433996383364,0.9383561643835616,0.0684931506849315,9,3.0,8.54,8.11,248
21221,Star Wars: Orla Exterior,2019,2019.0,1,4.0,180,14,1234,230,136,661,1310,7,Jogadores com Diferentes Habilidades;Rolagem de Dados;Pegar e Entregar;Resolução por Símbolos nos Dados;Tabuleiro Modular;Negociação;Corrida,0,,Ficção Científica;Cultura Pop ou Geek;Aventura;Transportes,https://ludopedia.com.br/jogo/star-wars-outer-rim,0.842896174863388,0.5356564019448946,0.11021069692058347,7,3.0,8.53,8.34,605
35666,Tiletum,2022,2025.0,1,4.0,120,14,391,39,21,404,635,6,Colecionar Conjuntos;Movimento Ponto-a-Ponto;Rolagem de Dados;Pontos de Ação;Contratos;Bônus de Fim de Jogo,1,Jogo de Dados,Economia / Produção;Medieval,https://ludopedia.com.br/jogo/tiletum,0.9093023255813953,1.0332480818414322,0.05370843989769821,6,3.0,8.53,8.01,191
23524,Convidados Indesejados,2016,2023.0,1,8.0,75,12,1569,175,126,1365,1797,4,Dedução;Gerenciamento de Mãos;Negociação;Papéis com Informações Assimétricas,0,,Humor;Policial,https://ludopedia.com.br/jogo/awkward-guests-the-walton-case,0.8996559633027523,0.869980879541109,0.08030592734225621,4,7.0,8.53,8.35,656
8688,Empires: Age of Discovery,2015,2018.0,2,6.0,150,10,149,63,35,456,410,5,Alocação de Trabalhadores;Influência / Maioria na Área;Colecionar Conjuntos;Jogadores com Diferentes Habilidades;Alocação de Diferentes Tipos de Trabalhadores,1,4x,Aventura;História;Civilização,https://ludopedia.com.br/jogo/empires-age-of-discovery,0.7028301886792453,3.0604026845637584,0.2348993288590604,5,4.0,8.52,7.96,176
77063,Finspan,2025,2025.0,1,5.0,60,10,866,49,47,622,1210,4,Gerenciamento de Mãos;Solo / Solitário;Bônus de Fim de Jogo;Habilidades 1 vez por Partida,1,Jogo de Cartas,Animais;Educacional;Meio Ambiente,https://ludopedia.com.br/jogo/finspan,0.946448087431694,0.7182448036951501,0.054272517321016164,4,4.0,8.52,8.15,294
55669,Decrypto: 5th Anniversary Edition,2023,2023.0,3,8.0,45,12,1459,78,78,629,1154,3,Comunicação Limitada;Jogo em Equipe;Pistas Direcionadas,1,Jogo Festivo,Policial,https://ludopedia.com.br/jogo/decrypto-5th-anniversary-edition,0.9492517891997397,0.431117203564085,0.053461274845784786,3,5.0,8.52,8.27,440
47450,Cyclades: Legendary,2025,2025.0,2,6.0,120,13,568,32,45,560,593,10,Influência / Maioria na Área;Leilão / Lances;Leilão: Colocação Fixa;Colecionar Conjuntos;Movimento de Área;Ordem de Fases Variável;Ordem do Turno: Leilão;Preparação Variável;Rolagem de Dados;Leilão: Lances Restritos,1,Miniaturas,Mitologia;Civilização;Luta / Artes Marciais;Transportes,https://ludopedia.com.br/jogo/cyclades-legendary,0.9466666666666667,0.9859154929577465,0.07922535211267606,10,4.0,8.52,8.0,193
32897,Scout,2019,2024.0,2,5.0,20,9,4591,131,264,1199,4818,4,Escalada;Gerenciamento de Mãos;Ordem do Turno: Progressivo;Pontuar e Reiniciar,2,Jogo de Cartas;Carteado,Arte,https://ludopedia.com.br/jogo/scout,0.9722575180008471,0.2611631452842518,0.057503811805706816,4,3.0,8.52,8.44,1589
25928,Imperium: Clássicos,2021,2022.0,1,4.0,120,12,684,139,58,383,641,2,"Construção de Baralho, Bolsas e Peças;Gerenciamento de Mãos",1,Jogo de Cartas,Civilização,https://ludopedia.com.br/jogo/imperium-classics,0.8311057108140948,0.5599415204678363,0.0847953216374269,2,3.0,8.52,8.14,283
