place_id,nome,endereco,capital_busca,match_tipo,categorias_google,avaliacao_media,volume_avaliacoes,site_ou_rede_social,telefone,link_google_maps,status_google,relevante,politica_precificacao,modelo_alimentacao_bebidas,acervo_declarado
ChIJnyqy8QHhYY0RIHJp_Ofb4v8,4 Fun Geek Store,"Acelino de Leão, 1503 - Buritizal, Macapá - AP, 68901-092, Brazil",Macapá,avaliacao,bar;store;point_of_interest;establishment,4.5,146,https://www.meucomercio.com.br/4funstoreap,+55 96 98117-6892,https://maps.google.com/?cid=18438541613826929184&g_mp=CiVnb29nbGUubWFwcy5wbGFjZXMudjEuUGxhY2VzLkdldFBsYWNlEAIYBCAA,OPERATIONAL,,,,
ChIJ7XGi3xIXuAARiTdzjnTSM8Q,A Rainha dos Dados,"R. Antônio Ataíde, 323 - Centro de Vila Velha, Vila Velha - ES, 29100-295, Brazil",Vitória,avaliacao,association_or_organization;restaurant;food;point_of_interest;establishment,5,28,https://www.instagram.com/arainhadosdados/,+55 27 99205-7387,https://maps.google.com/?cid=14137875053294073737&g_mp=CiVnb29nbGUubWFwcy5wbGFjZXMudjEuUGxhY2VzLkdldFBsYWNlEAIYBCAA,OPERATIONAL,,,,
ChIJvXuPLAAFbJIRncOH-f4lasQ,Acerola: A Casa do Acy,"Av. Maués, 700 - Cachoeirinha, Manaus - AM, 69065-070, Brazil",Manaus,avaliacao,bar;point_of_interest;establishment,4.8,17,,+55 92 98601-9920,https://maps.google.com/?cid=14153166556003550109&g_mp=CiVnb29nbGUubWFwcy5wbGFjZXMudjEuUGxhY2VzLkdldFBsYWNlEAIYBCAA,OPERATIONAL,,,,
ChIJV5xi80_l3JQRyRgvZvdRi8I,Alba - Café e jogos de tabuleiro,"R. Nilo Peçanha, 16 - São Francisco, Curitiba - PR, 80520-000, Brazil",Cuiabá;Curitiba,nome+avaliacao,coffee_shop;cafe;food_store;food;store;point_of_interest;association_or_organization;establishment,5,71,https://albajogos.com.br/,+55 41 99112-2557,https://maps.google.com/?cid=14018388388133935305&g_mp=CiVnb29nbGUubWFwcy5wbGFjZXMudjEuUGxhY2VzLkdldFBsYWNlEAIYBCAA,OPERATIONAL,,,,
ChIJyzOdkZBnzpQRgrkQrV8p52s,Arcade 80 - Game Lounge,"R. Fontoura Xavier, 1314 - Itaquera, São Paulo - SP, 08295-300, Brazil",São Paulo,nome,video_arcade;snack_bar;meal_takeaway;association_or_organization;restaurant;point_of_interest;food;establishment,5,60,http://www.arcade80.com.br/,+55 11 92472-7575,https://maps.google.com/?cid=7775228772580637058&g_mp=CiVnb29nbGUubWFwcy5wbGFjZXMudjEuUGxhY2VzLkdldFBsYWNlEAIYBCAA,OPERATIONAL,,,,
ChIJHSDPTgF5GZURKmSqKITyoGM,Arcadea Gaming Pub,"R. Gen. Neto, 440 - Moinhos de Vento, Porto Alegre - RS, 90560-020, Brazil",Manaus;Porto Alegre,avaliacao,bar;point_of_interest;establishment,4.2,1087,https://arcadeapub.com.br/,+55 51 99652-4436,https://maps.google.com/?cid=7179004455460430890&g_mp=CiVnb29nbGUubWFwcy5wbGFjZXMudjEuUGxhY2VzLkdldFBsYWNlEAIYBCAA,OPERATIONAL,,,,
ChIJYTHwWgBbzpQRFenbJdM5cxU,Arena BG | Jogos de Tabuleiro | Hamburgueria,"R. Lino Coutinho, 1791 - Ipiranga, São Paulo - SP, 04207-002, Brazil",São Paulo,nome+avaliacao,hamburger_restaurant;cocktail_bar;bar;american_restaurant;restaurant;point_of_interest;association_or_organization;store;food;establishment,4.8,145,https://arenabg.com.br/,+55 11 91504-1212,https://maps.google.com/?cid=1545642676154263829&g_mp=CiVnb29nbGUubWFwcy5wbGFjZXMudjEuUGxhY2VzLkdldFBsYWNlEAIYBCAA,OPERATIONAL,,,,
ChIJ0yXbI35IxwcR0_jLi-uINUU,Balboa's Hobby Games,"R. Maria Tomásia, 208 - Aldeota, Fortaleza - CE, 60150-170, Brazil",Boa Vista;Fortaleza;João Pessoa;Manaus,nome+avaliacao,snack_bar;toy_store;meal_takeaway;store;restaurant;food;point_of_interest;establishment,4.8,881,https://www.balboas.com.br/,+55 85 98223-9922,https://maps.google.com/?cid=4987042707626784979&g_mp=CiVnb29nbGUubWFwcy5wbGFjZXMudjEuUGxhY2VzLkdldFBsYWNlEAIYBCAA,OPERATIONAL,,,,
ChIJ7UwihgtwmQARd_GtVTEV5Zw,Bar Do K.B. Ludo,"R. Lêda - Jardim Leal, Duque de Caxias - RJ, 25035-550, Brazil",Rio de Janeiro,nome+avaliacao,bar;point_of_interest;establishment,5,17,,,https://maps.google.com/?cid=11305465741218541943&g_mp=CiVnb29nbGUubWFwcy5wbGFjZXMudjEuUGxhY2VzLkdldFBsYWNlEAIYBCAA,OPERATIONAL,,,,
ChIJO9bPE0GdEZURRD6c41YpCRI,Beer & Boards,"R. Gen. Abreu, 342 - Cidade Nova, Rio Grande - RS, 96202-570, Brazil",Aracaju;Belém;Boa Vista;Campo Grande;Natal;Porto Velho;Rio de Janeiro,nome+avaliacao,bar;restaurant;point_of_interest;food;establishment,4.8,96,http://bbludobar.acervodejogos.com.br/,,https://maps.google.com/?cid=1299615420635692612&g_mp=CiVnb29nbGUubWFwcy5wbGFjZXMudjEuUGxhY2VzLkdldFBsYWNlEAIYBCAA,OPERATIONAL,,,,
ChIJbSfwVQDhYY0Rx5aY3a7TZzQ,Board House - Jogos de Tabuleiro,"Av. Desidério Antônio Coelho, 1189 - Trem, Macapá - AP, 68901-080, Brazil",Macapá,nome,hamburger_restaurant;american_restaurant;restaurant;food;point_of_interest;establishment,4.6,32,,,https://maps.google.com/?cid=3776219560568985287&g_mp=CiVnb29nbGUubWFwcy5wbGFjZXMudjEuUGxhY2VzLkdldFBsYWNlEAIYBCAA,OPERATIONAL,,,,
ChIJY_lqHVLl3JQRvDHacOMDKuc,BoardZ Game Pub,"R. Chile, 2077 - Rebouças, Curitiba - PR, 80220-181, Brazil",Aracaju;Boa Vista;Campo Grande;Curitiba;João Pessoa;Rio de Janeiro,nome+avaliacao,hamburger_restaurant;american_restaurant;restaurant;food;point_of_interest;establishment,4.8,776,https://boardzgamepub.com.br/,+55 41 3078-9343,https://maps.google.com/?cid=16657130447169008060&g_mp=CiVnb29nbGUubWFwcy5wbGFjZXMudjEuUGxhY2VzLkdldFBsYWNlEAIYBCAA,OPERATIONAL,,,,
ChIJKeHwNv5ZzpQRlmzx9rCTWdM,Bodogami Restaurante e Cafeteria,"Av. da Liberdade, 456 - Liberdade, São Paulo - SP, 01502-001, Brazil",Boa Vista;Goiânia;Rio de Janeiro;São Paulo,nome,restaurant;coffee_shop;bar;food_store;cafe;food;point_of_interest;store;establishment,4.6,3386,https://www.bodogami.com.br/,+55 11 97702-8516,https://maps.google.com/?cid=15229366003196587158&g_mp=CiVnb29nbGUubWFwcy5wbGFjZXMudjEuUGxhY2VzLkdldFBsYWNlEAIYBCAA,OPERATIONAL,,,,
ChIJGTvSWgCDmQARyu8hVg-kaSw,Bubble Planet - Lanchonete e Cardgames,"Av. Roberto Silveira, 349 - loja 103 - Icaraí, Niterói - RJ, 24230-152, Brazil",Rio de Janeiro,nome,snack_bar;meal_takeaway;toy_store;store;restaurant;food;point_of_interest;establishment,4.6,28,https://www.instagram.com/bubbleplanetofficial,+55 21 97404-4276,https://maps.google.com/?cid=3200269395999977418&g_mp=CiVnb29nbGUubWFwcy5wbGFjZXMudjEuUGxhY2VzLkdldFBsYWNlEAIYBCAA,OPERATIONAL,,,,
ChIJfyav9YI9uAARjwbBqcRm2_k,Café Geek Cafeteria e Ludoteca,"R. São Marcos, 127 - Santa Inês, Vila Velha - ES, 29108-050, Brazil",Boa Vista;Vitória,nome,coffee_shop;cafe;food_store;food;store;point_of_interest;establishment,5,148,,+55 27 99283-8020,https://maps.google.com/?cid=18004096930191312527&g_mp=CiVnb29nbGUubWFwcy5wbGFjZXMudjEuUGxhY2VzLkdldFBsYWNlEAIYBCAA,OPERATIONAL,,,,
ChIJrT_EWwBZzpQRGAZzptZbtsY,Cartola Luderia Bar,"R. Dr. Siqueira Campos, 42 - Liberdade, São Paulo - SP, 01153-000, Brazil",São Paulo,nome+avaliacao,bar;point_of_interest;establishment,4.7,242,,+55 11 98818-6051,https://maps.google.com/?cid=14318733042744755736&g_mp=CiVnb29nbGUubWFwcy5wbGFjZXMudjEuUGxhY2VzLkdldFBsYWNlEAIYBCAA,OPERATIONAL,,,,
ChIJbZRHQPRfzpQRz97-ZOg0yXA,Castelos Bar & Boardgames,"R. Serra de Botucatu, 995 - Vila Gomes Cardim, São Paulo - SP, 03317-000, Brazil",Aracaju;São Paulo,nome+avaliacao,bar;association_or_organization;point_of_interest;establishment,4.6,617,http://www.castelosbar.com.br/,+55 11 3564-0577,https://maps.google.com/?cid=8127085175298252495&g_mp=CiVnb29nbGUubWFwcy5wbGFjZXMudjEuUGxhY2VzLkdldFBsYWNlEAIYBCAA,OPERATIONAL,,,,
ChIJc3F7ka83J5URQZ1XTl-_iak,Chef on Play,"Rua kk - atrás do bem bolado bar - Praça Atílio ferreira, 07 - Trindade, Florianópolis - SC, 88080-701, Brazil",Florianópolis,avaliacao,restaurant;sandwich_shop;food;point_of_interest;establishment,4.6,1204,,+55 48 3025-2433,https://maps.google.com/?cid=12216505880276344129&g_mp=CiVnb29nbGUubWFwcy5wbGFjZXMudjEuUGxhY2VzLkdldFBsYWNlEAIYBCAA,OPERATIONAL,,,,
ChIJJz8-gcY3J5URYdZrEXdHaAk,Cineplay- Restaurante e Jogos,"R. Getúlio Vargas, 362 - Centro, São José - SC, 88103-400, Brazil",Florianópolis,nome,restaurant;bar;food;point_of_interest;establishment,4.5,1154,,+55 48 99178-9013,https://maps.google.com/?cid=677870320638219873&g_mp=CiVnb29nbGUubWFwcy5wbGFjZXMudjEuUGxhY2VzLkdldFBsYWNlEAIYBCAA,OPERATIONAL,,,,
ChIJpzB8zc2XpgARoJTUu90J6Pw,Comdado Bar e Jogos,"Av. Amazonas, 2310 - Santo Agostinho, Belo Horizonte - MG, 30180-012, Brazil",Belo Horizonte,nome+avaliacao,cocktail_bar;bar;restaurant;food;store;point_of_interest;association_or_organization;establishment,4.4,158,http://www.comdado.bar/?utm_source=google&utm_medium=wix_google_business_profile&utm_campaign=2515633343614986524,+55 31 99935-2525,https://maps.google.com/?cid=18223826740098405536&g_mp=CiVnb29nbGUubWFwcy5wbGFjZXMudjEuUGxhY2VzLkdldFBsYWNlEAIYBCAA,OPERATIONAL,,,,
ChIJ7_DDAlH1zpQRJVJ0UHnItH8,Covil Game Bar,"Rua do Saboó, 12 - Jardim Barbosa, Guarulhos - SP, 07111-030, Brazil",São Paulo,nome,bar;point_of_interest;establishment,4.6,1714,https://www.facebook.com/covilgb/,+55 11 95021-1461,https://maps.google.com/?cid=9202200361991164453&g_mp=CiVnb29nbGUubWFwcy5wbGFjZXMudjEuUGxhY2VzLkdldFBsYWNlEAIYBCAA,OPERATIONAL,,,,
ChIJk4ZqIH1_mQARrByPymrpe7E,Donna Gastrobar,"R. Dezenove de Fevereiro, 165 - Botafogo, Rio de Janeiro - RJ, 22280-030, Brazil",Rio de Janeiro,avaliacao,gastropub;bar;restaurant;point_of_interest;food;establishment,4.5,99,http://www.donnagastrobar.com/,+55 21 98384-8831,https://maps.google.com/?cid=12789072211722837164&g_mp=CiVnb29nbGUubWFwcy5wbGFjZXMudjEuUGxhY2VzLkdldFBsYWNlEAIYBCAA,OPERATIONAL,,,,
ChIJZz29dnVXzpQRvRh7_YKyUN4,Encounter | Jogos de Tabuleiro | Board Games,"Av. dos Eucaliptos, 204 - Moema, São Paulo - SP, 04517-050, Brazil",Belém;Campo Grande;João Pessoa;Maceió;Recife;São Paulo,nome,association_or_organization;restaurant;food;point_of_interest;establishment,4.8,1123,https://www.instagram.com/encounter.bg/,+55 11 97225-4090,https://maps.google.com/?cid=16019500150225049789&g_mp=CiVnb29nbGUubWFwcy5wbGFjZXMudjEuUGxhY2VzLkdldFBsYWNlEAIYBCAA,OPERATIONAL,,,,
ChIJO23CtJA5jgcRB1ZMVm4R8Ak,Espaco Caramelles,"R. João Emílio Falcão, 338 - Fátima, Teresina - PI, 64049-480, Brazil",Teresina,avaliacao,restaurant;food;point_of_interest;establishment,4.4,98,https://www.instagram.com/espacocaramelles/,+55 86 99442-3810,https://maps.google.com/?cid=716091506343826951&g_mp=CiVnb29nbGUubWFwcy5wbGFjZXMudjEuUGxhY2VzLkdldFBsYWNlEAIYBCAA,OPERATIONAL,,,,
ChIJyXjE650xWpMRJL-J6QbGkt4,FORTALÚDICA - BURGERS & JOGOS,"Guará II QE 26 BLOCO B Lj 31 - Guará, Brasília - DF, 71060-621, Brazil",Brasília,nome+avaliacao,hamburger_restaurant;toy_store;american_restaurant;restaurant;food;store;point_of_interest;association_or_organization;establishment,4.8,105,http://www.fortaludica.com.br/,+55 61 98260-2566,https://maps.google.com/?cid=16038098956009979684&g_mp=CiVnb29nbGUubWFwcy5wbGFjZXMudjEuUGxhY2VzLkdldFBsYWNlEAIYBCAA,OPERATIONAL,,,,
ChIJ_aN4OAxXzpQR0UH63sAeVCA,Fan Hour Games and Burgers,"R. Artur de Azevedo, 898 - Pinheiros, São Paulo - SP, 05404-002, Brazil",São Paulo,nome,hamburger_restaurant;american_restaurant;restaurant;food;point_of_interest;establishment,4.5,2363,http://www.fanhour.com.br/,+55 11 3063-2070,https://maps.google.com/?cid=2329520720980885969&g_mp=CiVnb29nbGUubWFwcy5wbGFjZXMudjEuUGxhY2VzLkdldFBsYWNlEAIYBCAA,OPERATIONAL,,,,
ChIJa3UsDhRczpQRPPSuDl6acO8,"Flow Games - Burgers, Cards & Comunidade","Rua Dona Genoveva D'Ascoli, 17 - Vila Prudente, São Paulo - SP, 03132-070, Brazil",São Paulo,nome+avaliacao,hamburger_restaurant;american_restaurant;toy_store;restaurant;point_of_interest;association_or_organization;store;food;establishment,4.6,503,https://www.flowstore.com.br/,+55 11 91475-3637,https://maps.google.com/?cid=17253459901220320316&g_mp=CiVnb29nbGUubWFwcy5wbGFjZXMudjEuUGxhY2VzLkdldFBsYWNlEAIYBCAA,OPERATIONAL,,,,
ChIJPQW4z7ArQwsRByCgIudP3lI,Game On,"R. do Mercado 16, 9500-326 Ponta Delgada, Portugal",Boa Vista,nome+avaliacao,cafe;tourist_attraction;sandwich_shop;toy_store;restaurant;food;point_of_interest;association_or_organization;store;establishment,4.8,167,https://www.gameon.cafe/,,https://maps.google.com/?cid=5971298010076815367&g_mp=CiVnb29nbGUubWFwcy5wbGFjZXMudjEuUGxhY2VzLkdldFBsYWNlEAIYBCAA,OPERATIONAL,,,,
ChIJsTy8gUxLxwcRCKRfkhIP8zM,Games bar,"R. Coelho Neto, 1767 - Barra do Ceará, Fortaleza - CE, 60336-210, Brazil",Fortaleza,nome,bar;point_of_interest;establishment,5,4,,+55 85 98881-5849,https://maps.google.com/?cid=3743352287714583560&g_mp=CiVnb29nbGUubWFwcy5wbGFjZXMudjEuUGxhY2VzLkdldFBsYWNlEAIYBCAA,OPERATIONAL,,,,
ChIJ0ftSGFzw3JQRtoakn1mqyOs,Geek Burguer,"Alameda Dr. Carlos de Carvalho, 805 - Centro, Curitiba - PR, 80410-180, Brazil",Curitiba,avaliacao,hamburger_restaurant;american_restaurant;restaurant;point_of_interest;food;establishment,4.4,2141,https://instagram.com/geekburguer?utm_medium=copy_link,,https://maps.google.com/?cid=16990016896162367158&g_mp=CiVnb29nbGUubWFwcy5wbGFjZXMudjEuUGxhY2VzLkdldFBsYWNlEAIYBCAA,OPERATIONAL,,,,
ChIJU4gvvaJXzpQR1SPX6E4t1jQ,Good Game E-Sports Bar,"R. Mourato Coelho, 992 - Pinheiros, São Paulo - SP, 05417-001, Brazil",São Paulo,nome,sports_bar;juice_shop;hookah_bar;hamburger_restaurant;car_repair;american_restaurant;bar;restaurant;service;store;point_of_interest;food;establishment,4.2,1104,http://www.ggesportsbar.com.br/,+55 11 99933-2828,https://maps.google.com/?cid=3807280351925445589&g_mp=CiVnb29nbGUubWFwcy5wbGFjZXMudjEuUGxhY2VzLkdldFBsYWNlEAIYBCAA,OPERATIONAL,,,,
ChIJb0TXDUndrAcRi0y4ut782Hw,Grão-Mestre Luderia,"R. Antônio Gama, 669 - Expedicionários, João Pessoa - PB, 58041-110, Brazil",João Pessoa,nome,association_or_organization;store;restaurant;food;point_of_interest;establishment,4.7,569,http://www.instagram.com/graomestreluderia,+55 83 99301-6996,https://maps.google.com/?cid=8996218289218145419&g_mp=CiVnb29nbGUubWFwcy5wbGFjZXMudjEuUGxhY2VzLkdldFBsYWNlEAIYBCAA,OPERATIONAL,,,,
ChIJcRvp0r15GZURj1bFNF3n5jw,HEX Board Game Café,"R. Riachuelo, 1339 - Sala 1003 ( Cobertura - Centro Histórico, Porto Alegre - RS, 90010-270, Brazil",Belém;Boa Vista;Brasília;Campo Grande;Cuiabá;Florianópolis;Fortaleza;Goiânia;Macapá;Maceió;Manaus;Natal;Porto Alegre;Rio Branco;Rio de Janeiro;São Luís;São Paulo;Teresina;Vitória,nome+avaliacao,cafe;association_or_organization;point_of_interest;food;establishment,5,84,http://www.hex.poa.br/,+55 51 99805-2122,https://maps.google.com/?cid=4388449274422449807&g_mp=CiVnb29nbGUubWFwcy5wbGFjZXMudjEuUGxhY2VzLkdldFBsYWNlEAIYBCAA,OPERATIONAL,,,,
ChIJ73mEeqQdzpQRKti9DbyjiWM,House Rules Ludobar,"Av. São Paulo, 614 - Boqueirão, Praia Grande - SP, 11701-380, Brazil",Boa Vista;Campo Grande;Natal;São Paulo,nome+avaliacao,restaurant;food;point_of_interest;establishment,5,91,https://www.instagram.com/houserules.ludobar/,+55 13 98840-3386,https://maps.google.com/?cid=7172443909643950122&g_mp=CiVnb29nbGUubWFwcy5wbGFjZXMudjEuUGxhY2VzLkdldFBsYWNlEAIYBCAA,OPERATIONAL,,,,
ChIJ03bxSvSXpgARB1Fujm1ryEA,JogArtClub • Comes & Jogas,"R. Nadir, 450 - Caiçara-Adelaide, Belo Horizonte - MG, 30770-420, Brazil",Belo Horizonte,avaliacao,restaurant;point_of_interest;food;establishment,5,49,https://www.jogartclub.com.br/,+55 31 99760-9671,https://maps.google.com/?cid=4668099132054720775&g_mp=CiVnb29nbGUubWFwcy5wbGFjZXMudjEuUGxhY2VzLkdldFBsYWNlEAIYBCAA,OPERATIONAL,,,,
ChIJFXw-sPbohpQR5eMb1gcDtNs,Joga Burger,"Av. Nelly Martins, 76 - Portal Itayara, Campo Grande - MS, 79032-295, Brazil",Campo Grande,avaliacao,hamburger_restaurant;cocktail_bar;fast_food_restaurant;ice_cream_shop;dessert_shop;bar;confectionery;food_store;american_restaurant;restaurant;food;store;point_of_interest;association_or_organization;establishment,4.5,1895,http://www.jogaburger.com.br/,+55 67 3201-8724,https://maps.google.com/?cid=15831281922305942501&g_mp=CiVnb29nbGUubWFwcy5wbGFjZXMudjEuUGxhY2VzLkdldFBsYWNlEAIYBCAA,OPERATIONAL,,,,
ChIJOczn8z7l3JQRNBEL_ZJ3iQo,Joyjoy Café,"Av. Presidente Affonso Camargo, 1939 - Lj 02 - Cristo Rei, Curitiba - PR, 80050-370, Brazil",Boa Vista;Curitiba,avaliacao,coffee_shop;cafe;association_or_organization;food_store;store;point_of_interest;food;establishment,4.8,690,http://www.joyjoycafe.com.br/,+55 41 99176-9659,https://maps.google.com/?cid=759269485382930740&g_mp=CiVnb29nbGUubWFwcy5wbGFjZXMudjEuUGxhY2VzLkdldFBsYWNlEAIYBCAA,OPERATIONAL,,,,
ChIJTREzOpy1vJURTHsozRQq00s,La Board Game House,"Aguirre 938, C1414 Cdad. Autónoma de Buenos Aires, Argentina",Boa Vista,nome+avaliacao,coffee_shop;food_store;cafe;association_or_organization;store;food;point_of_interest;establishment,4.6,592,http://laboardgamehouse.com/,+54 11 2389-6420,https://maps.google.com/?cid=5463757041760238412&g_mp=CiVnb29nbGUubWFwcy5wbGFjZXMudjEuUGxhY2VzLkdldFBsYWNlEAIYBCAA,OPERATIONAL,,,,
ChIJO8W2hThfzpQRjeWplqhAyKQ,Lendário Game Bar,"No mesmo prédio da Lendário Card Games - Av. Celso Garcia, 4367 - Tatuapé, São Paulo - SP, 03063-000, Brazil",São Paulo,nome+avaliacao,hamburger_restaurant;american_restaurant;restaurant;food;point_of_interest;establishment,5,88,,,https://maps.google.com/?cid=11873811510388712845&g_mp=CiVnb29nbGUubWFwcy5wbGFjZXMudjEuUGxhY2VzLkdldFBsYWNlEAIYBCAA,OPERATIONAL,,,,
ChIJzdFNP3AyWpMRH2P6HEuhE-I,Loja de Jogos - Asgard,"Rua 25 Sul, Lote 30 Bloco A loja 1 - Águas Claras, Brasília - DF, 71928-720, Brazil",Brasília,nome+avaliacao,toy_store;bar;store;point_of_interest;establishment,4.7,754,https://www.asgardstore.com.br/,+55 61 3052-5345,https://maps.google.com/?cid=16290541621110006559&g_mp=CiVnb29nbGUubWFwcy5wbGFjZXMudjEuUGxhY2VzLkdldFBsYWNlEAIYBCAA,OPERATIONAL,,,,
ChIJD_AkIuqP9gcRS0iQfgupyPo,Ludo bar,"Rua Jansen Muller, 12 - Centro, São Luís - MA, 65020-290, Brazil",São Luís,nome,bar;point_of_interest;establishment,4.3,199,,+55 98 3222-8482,https://maps.google.com/?cid=18070879371657234507&g_mp=CiVnb29nbGUubWFwcy5wbGFjZXMudjEuUGxhY2VzLkdldFBsYWNlEAIYBCAA,CLOSED_PERMANENTLY,,,,
ChIJx5jr3zGXpgARQGx9eX7TDmY,LudoCafé,"R. Antônio Dias, 201 - Santo Antônio, Belo Horizonte - MG, 30350-150, Brazil",Belo Horizonte;Recife,nome+avaliacao,cocktail_bar;bar;coffee_shop;food_store;cafe;store;restaurant;food;point_of_interest;establishment,4.6,585,http://www.ludocafe.com.br/,+55 31 3646-6046,https://maps.google.com/?cid=7354047781700201536&g_mp=CiVnb29nbGUubWFwcy5wbGFjZXMudjEuUGxhY2VzLkdldFBsYWNlEAIYBCAA,OPERATIONAL,,,,
ChIJnbTgfgeS9gcRP8n5nhD7iWs,Ludorama,"R. dos Bicudos, 8 - Jardim Renascença, São Luís - MA, 65075-090, Brazil",São Luís,nome,hamburger_restaurant;cocktail_bar;liquor_store;toy_store;bar;american_restaurant;restaurant;food;store;point_of_interest;establishment,4.7,814,,+55 98 98457-0621,https://maps.google.com/?cid=7749000682672867647&g_mp=CiVnb29nbGUubWFwcy5wbGFjZXMudjEuUGxhY2VzLkdldFBsYWNlEAIYBCAA,OPERATIONAL,,,,
ChIJ-97tiEeNpJIRb_eV7a-sxBs,Ludoteca Sidequest,"Av. Visc. de Souza Franco, 1313 - Umarizal, Belém - PA, 66053-000, Brazil",Belém,nome+avaliacao,snack_bar;hamburger_restaurant;coffee_shop;cafe;meal_takeaway;food_store;american_restaurant;restaurant;food;store;point_of_interest;establishment,4.8,327,https://ludotecasidequest.com.br/,+55 91 98561-3484,https://maps.google.com/?cid=2000914006064625519&g_mp=CiVnb29nbGUubWFwcy5wbGFjZXMudjEuUGxhY2VzLkdldFBsYWNlEAIYBCAA,OPERATIONAL,,,,
ChIJTaG5ALpZzpQRUDErQ-RkfTs,Ludus Luderia,"R. Treze de Maio, 972 - Bela Vista, São Paulo - SP, 01327-000, Brazil",Belém;Boa Vista;Campo Grande;Cuiabá;Macapá;Maceió;Manaus;Natal;Palmas;Porto Velho;Rio de Janeiro;São Luís;São Paulo;Teresina;Vitória,nome+avaliacao,bar;sports_bar;association_or_organization;restaurant;food;point_of_interest;establishment,4.6,5137,http://ludusluderia.com.br/,+55 11 99241-2211,https://maps.google.com/?cid=4286693351868805456&g_mp=CiVnb29nbGUubWFwcy5wbGFjZXMudjEuUGxhY2VzLkdldFBsYWNlEAIYBCAA,OPERATIONAL,,,,
ChIJK-IiTfuVpgARx8rVtqv8c3g,Massula Nerd House,"R. Manoel João Diniz Camargos, 524 - Alvorada, Contagem - MG, 32042-220, Brazil",Belo Horizonte;Belém;Goiânia,avaliacao,pub;bar;point_of_interest;establishment,5,94,https://www.massulanerdhouse.com.br/,+55 31 99993-0950,https://maps.google.com/?cid=8679558721310149319&g_mp=CiVnb29nbGUubWFwcy5wbGFjZXMudjEuUGxhY2VzLkdldFBsYWNlEAIYBCAA,OPERATIONAL,,,,
ChIJCdEZv21PpJQRg6vLc_9tIcc,Mestre dos Jogos LudoBar,"R. João Balbino, 537 - Santa Mônica, Uberlândia - MG, 38408-265, Brazil",Palmas,nome+avaliacao,pub;bar;association_or_organization;point_of_interest;establishment,4.7,133,http://www.mestredosjogos.app/,+55 34 99167-2554,https://maps.google.com/?cid=14348870831705926531&g_mp=CiVnb29nbGUubWFwcy5wbGFjZXMudjEuUGxhY2VzLkdldFBsYWNlEAIYBCAA,OPERATIONAL,,,,
ChIJV-ILP3axnZMRXR-ujzUSeoM,Mister Game Drinks,"R. canario da terra, 15 - Morada da Serra, Cuiabá - MT, 78058-208, Brazil",Cuiabá,nome,bar;point_of_interest;establishment,4.4,7,http://www.misterdrinks.com.br/,+55 65 99999-7217,https://maps.google.com/?cid=9473904787380379485&g_mp=CiVnb29nbGUubWFwcy5wbGFjZXMudjEuUGxhY2VzLkdldFBsYWNlEAIYBCAA,OPERATIONAL,,,,
ChIJMwO7YgDdrAcRiYUURL8xCls,Mokuzai café e jogos,"R. Funcionário Odon Almeida, 271 - Mangabeira, João Pessoa - PB, 58058-520, Brazil",João Pessoa,nome,coffee_shop;hamburger_restaurant;cafe;american_restaurant;restaurant;point_of_interest;association_or_organization;food_store;store;food;establishment,4.2,49,https://www.instagram.com/cafe.mokuzai?igsh=MWh5cm9tMnk5OG5odw==,+55 83 99620-3082,https://maps.google.com/?cid=6560110504769258889&g_mp=CiVnb29nbGUubWFwcy5wbGFjZXMudjEuUGxhY2VzLkdldFBsYWNlEAIYBCAA,OPERATIONAL,,,,
ChIJa6-7T2uxGgcR4K-1owvXsuI,Multiverso Game Point,"Tv. 5 Cj Jorn O Dantas, 37 - São Conrado, Aracaju - SE, 49042-971, Brazil",Aracaju,nome,toy_store;cafe;store;point_of_interest;food;establishment,4.9,178,http://www.multiversogamepoint.store/,+55 79 99199-9206,https://maps.google.com/?cid=16335355243417415648&g_mp=CiVnb29nbGUubWFwcy5wbGFjZXMudjEuUGxhY2VzLkdldFBsYWNlEAIYBCAA,OPERATIONAL,,,,
ChIJRUjwU66WoGgRzc9yJU7jkwM,Nala Land - Bar de Jogos de Tabuleiro em Recife,"R. Raul Pompéia, 271 - Arruda, Recife - PE, 52120-150, Brazil",Boa Vista;Recife,nome+avaliacao,hamburger_restaurant;snack_bar;meal_takeaway;american_restaurant;restaurant;food;point_of_interest;association_or_organization;establishment,4.9,206,https://nala.lends.com.br/,+55 81 99626-1703,https://maps.google.com/?cid=257799528465485773&g_mp=CiVnb29nbGUubWFwcy5wbGFjZXMudjEuUGxhY2VzLkdldFBsYWNlEAIYBCAA,OPERATIONAL,,,,
ChIJye7AnK07WpMRC94S9hM95Y4,Orgutal Casa de Jogos,"CLN 205, bloco B, loja 11, 2º andar - Asa Norte, Brasília - DF, 70843-520, Brazil",Brasília;Campo Grande,nome,sports_bar;amusement_center;toy_store;bar;store;point_of_interest;establishment,4.7,466,https://www.orgutal.com.br/,+55 61 99699-5999,https://maps.google.com/?cid=10296703278994611723&g_mp=CiVnb29nbGUubWFwcy5wbGFjZXMudjEuUGxhY2VzLkdldFBsYWNlEAIYBCAA,OPERATIONAL,,,,
ChIJkWsGmd1czpQRGLydxc29vbw,Place Games,"R. Martim Francisco, 554 - Santa Paula, São Caetano do Sul - SP, 09541-330, Brazil",São Paulo,nome+avaliacao,hamburger_restaurant;barbecue_restaurant;american_restaurant;restaurant;point_of_interest;association_or_organization;store;food;establishment,4.8,572,http://www.placegames.com.br/,+55 11 2311-2231,https://maps.google.com/?cid=13600235141210160152&g_mp=CiVnb29nbGUubWFwcy5wbGFjZXMudjEuUGxhY2VzLkdldFBsYWNlEAIYBCAA,OPERATIONAL,,,,
ChIJf1eUzsUbbJIROHClUemcirk,Player Food,"R. Lapis Lazuli, 6 - Nossa Sra. das Graças, Manaus - AM, 69053-600, Brazil",Manaus,avaliacao,restaurant;point_of_interest;food;establishment,4.6,67,https://www.instagram.com/playerfoodmanaus?utm_source=ig_web_button_share_sheet&igsh=ZDNlZDc0MzIxNw==,+55 92 99106-0564,https://maps.google.com/?cid=13369670969713848376&g_mp=CiVnb29nbGUubWFwcy5wbGFjZXMudjEuUGxhY2VzLkdldFBsYWNlEAIYBCAA,OPERATIONAL,,,,
ChIJARvKn9ixnZMR-qHHZX56vO4,"Poltrona Nerd - Bar, Games & Burger","R. Managua, 132 - Jardim das Américas, Cuiabá - MT, 78060-604, Brazil",Cuiabá,nome,hamburger_restaurant;cocktail_bar;bar;association_or_organization;american_restaurant;restaurant;food;point_of_interest;establishment,4.7,2005,https://poltronanerd.com.br/links,+55 65 98107-3366,https://maps.google.com/?cid=17202759359940502010&g_mp=CiVnb29nbGUubWFwcy5wbGFjZXMudjEuUGxhY2VzLkdldFBsYWNlEAIYBCAA,OPERATIONAL,,,,
ChIJAWNCjsdlJA0RZEyDT_DSul4,Portal ✧ Board Game Cafe & Bar,"R. de Álvares Cabral 420, 4050-040 Porto, Portugal",Boa Vista;Palmas;Porto Velho;São Luís,nome+avaliacao,coffee_shop;bar;food_store;cafe;food;point_of_interest;association_or_organization;store;establishment,4.9,196,https://portalinporto.pt/,+351 936 219 659,https://maps.google.com/?cid=6826000114801396836&g_mp=CiVnb29nbGUubWFwcy5wbGFjZXMudjEuUGxhY2VzLkdldFBsYWNlEAIYBCAA,OPERATIONAL,,,,
ChIJQcv9b4y3vJUR5Zi7-ZXvzOk,Punto de Partida - Café y Juegos de mesa,"Av. Nazca 2893, C1417 Cdad. Autónoma de Buenos Aires, Argentina",Boa Vista,avaliacao,coffee_shop;cafe;food_store;food;store;point_of_interest;association_or_organization;establishment,4.9,445,https://www.instagram.com/departidapunto/,,https://maps.google.com/?cid=16847103733505169637&g_mp=CiVnb29nbGUubWFwcy5wbGFjZXMudjEuUGxhY2VzLkdldFBsYWNlEAIYBCAA,OPERATIONAL,,,,
ChIJbY1Qc90zWpMRLdrHxi9QMko,República Ludovico,"Max Mall - R. 7 Norte, Lotes 3/5/7 Quiosque 02 - Águas Claras, Brasília - DF, 71908-180, Brazil",Brasília,nome+avaliacao,cafe;point_of_interest;food;establishment,5,79,https://republicaludovico.lends.com.br/,+55 61 99654-7711,https://maps.google.com/?cid=5346423873770871341&g_mp=CiVnb29nbGUubWFwcy5wbGFjZXMudjEuUGxhY2VzLkdldFBsYWNlEAIYBCAA,OPERATIONAL,,,,
ChIJ6ZLMZw-XpgAR_OR6SwY5xKo,Shelf Bar e Jogos,"Av. do Contorno, 7287 - Lourdes, Belo Horizonte - MG, 30110-047, Brazil",Belo Horizonte;Palmas,nome,cocktail_bar;bar;point_of_interest;establishment,4.6,1505,http://shelfbar.com.br/,+55 31 98255-3780,https://maps.google.com/?cid=12305022781081969916&g_mp=CiVnb29nbGUubWFwcy5wbGFjZXMudjEuUGxhY2VzLkdldFBsYWNlEAIYBCAA,OPERATIONAL,,,,
ChIJoTlvBfMbFgcRHvuCKHBQrXQ,São Jogue - Bela Vista,"Alameda Euvaldo Luz, 92 - Pernambués, Salvador - BA, 41098-020, Brazil",Boa Vista;Brasília;João Pessoa;Natal;Salvador,nome+avaliacao,snack_bar;meal_takeaway;restaurant;food;store;point_of_interest;establishment,4.8,787,https://saojogue.com.br/,+55 71 99298-5046,https://maps.google.com/?cid=8407464522016815902&g_mp=CiVnb29nbGUubWFwcy5wbGFjZXMudjEuUGxhY2VzLkdldFBsYWNlEAIYBCAA,OPERATIONAL,,,,
ChIJ-UmVDcEXFgcRnbCBRUGrDVs,São Jogue - Paralela,"Av. Luís Viana Filho, 8544 - Alphaville, Salvador - BA, 41730-101, Brazil",Salvador,nome,snack_bar;meal_takeaway;restaurant;food;point_of_interest;establishment,4.8,16,,+55 71 99298-5046,https://maps.google.com/?cid=6561088528976031901&g_mp=CiVnb29nbGUubWFwcy5wbGFjZXMudjEuUGxhY2VzLkdldFBsYWNlEAIYBCAA,OPERATIONAL,,,,
ChIJq92vt8sxpJQR-lNNTdp0RLQ,TABLE GAMES (Burgers),"Av. Cel. Belchior de Godói, 1330 - Santa Terezinha, Araguari - MG, 38447-218, Brazil",Boa Vista;Teresina,nome+avaliacao,hamburger_restaurant;courier_service;shipping_service;meal_delivery;food_delivery;american_restaurant;restaurant;food;store;point_of_interest;service;establishment,4.9,364,https://tablegames.com.br/,+55 34 3512-8899,https://maps.google.com/?cid=12989635706191959034&g_mp=CiVnb29nbGUubWFwcy5wbGFjZXMudjEuUGxhY2VzLkdldFBsYWNlEAIYBCAA,OPERATIONAL,,,,
ChIJ-TwfHyaapgARy0qIc8g0r28,Taberna Santê,"R. Salinas, 2113 - Santa Tereza, Belo Horizonte - MG, 31015-115, Brazil",Belo Horizonte,avaliacao,pub;brewery;bar;service;point_of_interest;manufacturer;food;establishment,4.6,1145,http://www.instagram.com/tabernasante,+55 31 99140-9211,https://maps.google.com/?cid=8047709094670781131&g_mp=CiVnb29nbGUubWFwcy5wbGFjZXMudjEuUGxhY2VzLkdldFBsYWNlEAIYBCAA,OPERATIONAL,,,,
ChIJOcVssmeDmQARZZrnWu2mnwA,TabuClub,"R. Newton Prado, 29 - Santa Rosa, Niterói - RJ, 24240-004, Brazil",Boa Vista;Rio de Janeiro,avaliacao,cocktail_bar;bar;point_of_interest;association_or_organization;establishment,4.7,100,https://tabuclub.acervodejogos.com.br/,+55 21 98027-0536,https://maps.google.com/?cid=44938059659582053&g_mp=CiVnb29nbGUubWFwcy5wbGFjZXMudjEuUGxhY2VzLkdldFBsYWNlEAIYBCAA,OPERATIONAL,,,,
ChIJU4Wj-2mzGgcR0Jw7mlyGN-Q,Tabuleiro do Acarajé,"R. Rio Grande do Sul, 197 - Siqueira Campos, Aracaju - SE, 49075-510, Brazil",Aracaju,nome,cocktail_bar;bar;restaurant;food;point_of_interest;establishment,4,4,https://instagram.com/_tabuleirodoacaraje?igshid=NDk5N2NlZjQ=,+55 79 99662-2033,https://maps.google.com/?cid=16444760296649366736&g_mp=CiVnb29nbGUubWFwcy5wbGFjZXMudjEuUGxhY2VzLkdldFBsYWNlEAIYBCAA,OPERATIONAL,,,,
ChIJqQGLHGfnrAcR7cbxZrSPynE,Taverna Mestre Ogro,"R. Alfredo José Athaíde, 189 - ap106 - Alto do Céu, João Pessoa - PB, 58027-740, Brazil",João Pessoa,avaliacao,meal_delivery;food_delivery;association_or_organization;food;point_of_interest;establishment,5,3,,+55 83 98748-8335,https://maps.google.com/?cid=8199524076565415661&g_mp=CiVnb29nbGUubWFwcy5wbGFjZXMudjEuUGxhY2VzLkdldFBsYWNlEAIYBCAA,OPERATIONAL,,,,
ChIJKTRza_0ZuAAR4hrMAsvsb2I,Taverna dos Jogos,"Av. Des. Dermeval Lyrio, 600 - Mata da Praia, Vitória - ES, 29065-340, Brazil",Vitória,nome,bar;association_or_organization;point_of_interest;establishment,4.8,104,,+55 27 3097-9005,https://maps.google.com/?cid=7093148294801267426&g_mp=CiVnb29nbGUubWFwcy5wbGFjZXMudjEuUGxhY2VzLkdldFBsYWNlEAIYBCAA,CLOSED_PERMANENTLY,,,,
ChIJpZbpu_zVBQcRuPFD4K5R8Co,Taverna: Game & Café,"R. Srg. Benevides Montes, 214 - Primavera, Arapiraca - AL, 57300-230, Brazil",Maceió,nome,coffee_shop;fast_food_restaurant;snack_bar;meal_takeaway;food_store;cafe;association_or_organization;store;restaurant;food;point_of_interest;establishment,4.9,577,https://tavernagamecafe.nucomercio.com/,+55 82 99836-2064,https://maps.google.com/?cid=3094062755532239288&g_mp=CiVnb29nbGUubWFwcy5wbGFjZXMudjEuUGxhY2VzLkdldFBsYWNlEAIYBCAA,OPERATIONAL,,,,
ChIJa0CP91MzWpMRz6oEQwlR2TA,Tem Mesa - Pizza & Luderia,"R. das Paineiras, 06 - Lj 25, térreo - Norte, Brasília - DF, 71918-000, Brazil",Brasília,nome+avaliacao,pizza_restaurant;restaurant;food;point_of_interest;establishment,5,66,https://www.temmesaclube.com.br/,+55 61 99640-1640,https://maps.google.com/?cid=3519933683987688143&g_mp=CiVnb29nbGUubWFwcy5wbGFjZXMudjEuUGxhY2VzLkdldFBsYWNlEAIYBCAA,OPERATIONAL,,,,
ChIJweOclBAQbJIRztG7ZblPNSk,Tetris Game Burger,"Av. Djalma Batista, 31 - Chapada, Manaus - AM, 69053-000, Brazil",Manaus,nome,hamburger_restaurant;fast_food_restaurant;american_restaurant;restaurant;food;point_of_interest;establishment,4.4,821,https://abre.ai/ifoodpedidosdelivery,+55 92 99277-6544,https://maps.google.com/?cid=2969367187015061966&g_mp=CiVnb29nbGUubWFwcy5wbGFjZXMudjEuUGxhY2VzLkdldFBsYWNlEAIYBCAA,OPERATIONAL,,,,
ChIJsU5BAwBRzpQRAgLVvqg68os,Tubaleria - Clube de Jogos de Tabuleiro e Hamburgueria,"R. Paul Valery, 76 - Chácara Santo Antônio (Zona Sul), São Paulo - SP, 04719-050, Brazil",São Paulo,nome+avaliacao,hamburger_restaurant;coffee_shop;cafe;american_restaurant;food_store;association_or_organization;toy_store;store;restaurant;food;point_of_interest;establishment,5,99,https://tubaleria.store/,+55 11 93900-1667,https://maps.google.com/?cid=10084187012066509314&g_mp=CiVnb29nbGUubWFwcy5wbGFjZXMudjEuUGxhY2VzLkdldFBsYWNlEAIYBCAA,OPERATIONAL,,,,
ChIJN8BZeb85WpMRgVKT05caxB4,Utopia Games & Food,"SHCN CL QD 116 CLN 116 BLOCO I Lojas 31 e 35 subsolo - Asa Norte, Brasília - DF, 70773-590, Brazil",Brasília,nome,pizza_restaurant;pizza_delivery;meal_delivery;toy_store;food_delivery;store;restaurant;food;point_of_interest;establishment,4.8,159,https://utopiagames.com.br/,+55 61 99966-9987,https://maps.google.com/?cid=2216926155965158017&g_mp=CiVnb29nbGUubWFwcy5wbGFjZXMudjEuUGxhY2VzLkdldFBsYWNlEAIYBCAA,OPERATIONAL,,,,
ChIJ1S2JbVz_sgcRhJDPIt6lg5c,Vem pra Mesa Game Center,"Shopping Via Direta - Av. Sen. Salgado Filho, 2233 - Loja 624 - Lagoa Nova, Natal - RN, 59076-000, Brazil",Natal,nome+avaliacao,sports_activity_location;restaurant;food;point_of_interest;sports_club;association_or_organization;store;establishment,4.6,276,https://vempramesagamecenter.com.br/,+55 84 2226-3141,https://maps.google.com/?cid=10917752295161565316&g_mp=CiVnb29nbGUubWFwcy5wbGFjZXMudjEuUGxhY2VzLkdldFBsYWNlEAIYBCAA,OPERATIONAL,,,,
ChIJd5jnFQAFbJIRyaRaoNBV_hg,Vezzo - Doces e Jogos,"Av. Visc. de Porto Alegre, 721 - Praça 14 de Janeiro, Manaus - AM, 69020-130, Brazil",Manaus,nome+avaliacao,candy_store;confectionery;food_store;store;food;point_of_interest;establishment,5,11,,+55 92 99400-0456,https://maps.google.com/?cid=1800971255526630601&g_mp=CiVnb29nbGUubWFwcy5wbGFjZXMudjEuUGxhY2VzLkdldFBsYWNlEAIYBCAA,OPERATIONAL,,,,
ChIJ_cv0FwB_mQARkbW8bdLx99w,Vinoteca do Visconde Restaurante,"R. Visc. de Caravelas, 121 - Botafogo, Rio de Janeiro - RJ, 22271-041, Brazil",Rio de Janeiro,avaliacao,restaurant;food;point_of_interest;establishment,4.9,546,http://www.vinotecadovisconde.com.br/,+55 21 97447-4565,https://maps.google.com/?cid=15922460893678187921&g_mp=CiVnb29nbGUubWFwcy5wbGFjZXMudjEuUGxhY2VzLkdldFBsYWNlEAIYBCAA,OPERATIONAL,,,,
ChIJqUA_IaE5jgcRjnu2CBE7yTM,Xeque Mate: Restaurante e Jogos de Tabuleiro,"Av. Sen. Area Leão, 4041 - Morada do Sol, Teresina - PI, 64049-110, Brazil",Teresina,nome+avaliacao,restaurant;cocktail_bar;shipping_service;bar;association_or_organization;service;point_of_interest;food;establishment,4.7,825,http://linktr.ee/XequeMate.the,+55 86 98112-0077,https://maps.google.com/?cid=3731578710599826318&g_mp=CiVnb29nbGUubWFwcy5wbGFjZXMudjEuUGxhY2VzLkdldFBsYWNlEAIYBCAA,OPERATIONAL,,,,
ChIJOUXU1akzWpMRC7rrq4o9GZc,game food,"SHA conjunto 5 chácara 109 lote 09 loja 3 - buteco do val - Arniqueira, Brasília - DF, 71995-450, Brazil",Brasília,nome,hamburger_restaurant;american_restaurant;restaurant;food;point_of_interest;establishment,4.4,64,,,https://maps.google.com/?cid=10887801239944018443&g_mp=CiVnb29nbGUubWFwcy5wbGFjZXMudjEuUGxhY2VzLkdldFBsYWNlEAIYBCAA,OPERATIONAL,,,,
