anexo,faixa,rotulo_faixa,tributo,percentual,valor_original
I,1,1 a Faixa,IRPJ,5.5,"5,50%"
I,1,1 a Faixa,CSLL,3.5,"3,50%"
I,1,1 a Faixa,Cofins,12.74,"12,74%"
I,1,1 a Faixa,PIS/Pasep,2.76,"2,76%"
I,1,1 a Faixa,CPP,41.5,"41,50%"
I,1,1 a Faixa,ICMS,34.0,"34,00%"
I,2,2 a Faixa,IRPJ,5.5,"5,50%"
I,2,2 a Faixa,CSLL,3.5,"3,50%"
I,2,2 a Faixa,Cofins,12.74,"12,74%"
I,2,2 a Faixa,PIS/Pasep,2.76,"2,76%"
I,2,2 a Faixa,CPP,41.5,"41,50%"
I,2,2 a Faixa,ICMS,34.0,"34,00%"
I,3,3 a Faixa,IRPJ,5.5,"5,50%"
I,3,3 a Faixa,CSLL,3.5,"3,50%"
I,3,3 a Faixa,Cofins,12.74,"12,74%"
I,3,3 a Faixa,PIS/Pasep,2.76,"2,76%"
I,3,3 a Faixa,CPP,42.0,"42,00%"
I,3,3 a Faixa,ICMS,33.5,"33,50%"
I,4,4 a Faixa,IRPJ,5.5,"5,50%"
I,4,4 a Faixa,CSLL,3.5,"3,50%"
I,4,4 a Faixa,Cofins,12.74,"12,74%"
I,4,4 a Faixa,PIS/Pasep,2.76,"2,76%"
I,4,4 a Faixa,CPP,42.0,"42,00%"
I,4,4 a Faixa,ICMS,33.5,"33,50%"
I,5,5 a Faixa,IRPJ,5.5,"5,50%"
I,5,5 a Faixa,CSLL,3.5,"3,50%"
I,5,5 a Faixa,Cofins,12.74,"12,74%"
I,5,5 a Faixa,PIS/Pasep,2.76,"2,76%"
I,5,5 a Faixa,CPP,42.0,"42,00%"
I,5,5 a Faixa,ICMS,33.5,"33,50%"
I,6,6 a Faixa,IRPJ,13.5,"13,50%"
I,6,6 a Faixa,CSLL,10.0,"10,00%"
I,6,6 a Faixa,Cofins,28.27,"28,27%"
I,6,6 a Faixa,PIS/Pasep,6.13,"6,13%"
I,6,6 a Faixa,CPP,42.1,"42,10%"
I,6,6 a Faixa,ICMS,,-
II,1,1 a Faixa,IRPJ,5.5,"5,50%"
II,1,1 a Faixa,CSLL,3.5,"3,50%"
II,1,1 a Faixa,Cofins,11.51,"11,51%"
II,1,1 a Faixa,PIS/Pasep,2.49,"2,49%"
II,1,1 a Faixa,CPP,37.5,"37,50%"
II,1,1 a Faixa,IPI,7.5,"7,50%"
II,1,1 a Faixa,ICMS,32.0,"32,00%"
II,2,2 a Faixa,IRPJ,5.5,"5,50%"
II,2,2 a Faixa,CSLL,3.5,"3,50%"
II,2,2 a Faixa,Cofins,11.51,"11,51%"
II,2,2 a Faixa,PIS/Pasep,2.49,"2,49%"
II,2,2 a Faixa,CPP,37.5,"37,50%"
II,2,2 a Faixa,IPI,7.5,"7,50%"
II,2,2 a Faixa,ICMS,32.0,"32,00%"
II,3,3 a Faixa,IRPJ,5.5,"5,50%"
II,3,3 a Faixa,CSLL,3.5,"3,50%"
II,3,3 a Faixa,Cofins,11.51,"11,51%"
II,3,3 a Faixa,PIS/Pasep,2.49,"2,49%"
II,3,3 a Faixa,CPP,37.5,"37,50%"
II,3,3 a Faixa,IPI,7.5,"7,50%"
II,3,3 a Faixa,ICMS,32.0,"32,00%"
II,4,4 a Faixa,IRPJ,5.5,"5,50%"
II,4,4 a Faixa,CSLL,3.5,"3,50%"
II,4,4 a Faixa,Cofins,11.51,"11,51%"
II,4,4 a Faixa,PIS/Pasep,2.49,"2,49%"
II,4,4 a Faixa,CPP,37.5,"37,50%"
II,4,4 a Faixa,IPI,7.5,"7,50%"
II,4,4 a Faixa,ICMS,32.0,"32,00%"
II,5,5 a Faixa,IRPJ,5.5,"5,50%"
II,5,5 a Faixa,CSLL,3.5,"3,50%"
II,5,5 a Faixa,Cofins,11.51,"11,51%"
II,5,5 a Faixa,PIS/Pasep,2.49,"2,49%"
II,5,5 a Faixa,CPP,37.5,"37,50%"
II,5,5 a Faixa,IPI,7.5,"7,50%"
II,5,5 a Faixa,ICMS,32.0,"32,00%"
II,6,6 a Faixa,IRPJ,8.5,"8,50%"
II,6,6 a Faixa,CSLL,7.5,"7,50%"
II,6,6 a Faixa,Cofins,20.96,"20,96%"
II,6,6 a Faixa,PIS/Pasep,4.54,"4,54%"
II,6,6 a Faixa,CPP,23.5,"23,50%"
II,6,6 a Faixa,IPI,35.0,"35,00%"
II,6,6 a Faixa,ICMS,,-
III,1,1 a Faixa,IRPJ,4.0,"4,00%"
III,1,1 a Faixa,CSLL,3.5,"3,50%"
III,1,1 a Faixa,Cofins,12.82,"12,82%"
III,1,1 a Faixa,PIS/Pasep,2.78,"2,78%"
III,1,1 a Faixa,CPP,43.4,"43,40%"
III,1,1 a Faixa,ISS (*),33.5,"33,50%"
III,2,2 a Faixa,IRPJ,4.0,"4,00%"
III,2,2 a Faixa,CSLL,3.5,"3,50%"
III,2,2 a Faixa,Cofins,14.05,"14,05%"
III,2,2 a Faixa,PIS/Pasep,3.05,"3,05%"
III,2,2 a Faixa,CPP,43.4,"43,40%"
III,2,2 a Faixa,ISS (*),32.0,"32,00%"
III,3,3 a Faixa,IRPJ,4.0,"4,00%"
III,3,3 a Faixa,CSLL,3.5,"3,50%"
III,3,3 a Faixa,Cofins,13.64,"13,64%"
III,3,3 a Faixa,PIS/Pasep,2.96,"2,96%"
III,3,3 a Faixa,CPP,43.4,"43,40%"
III,3,3 a Faixa,ISS (*),32.5,"32,50%"
III,4,4 a Faixa,IRPJ,4.0,"4,00%"
III,4,4 a Faixa,CSLL,3.5,"3,50%"
III,4,4 a Faixa,Cofins,13.64,"13,64%"
III,4,4 a Faixa,PIS/Pasep,2.96,"2,96%"
III,4,4 a Faixa,CPP,43.4,"43,40%"
III,4,4 a Faixa,ISS (*),32.5,"32,50%"
III,5,5 a Faixa,IRPJ,4.0,"4,00%"
III,5,5 a Faixa,CSLL,3.5,"3,50%"
III,5,5 a Faixa,Cofins,12.82,"12,82%"
III,5,5 a Faixa,PIS/Pasep,2.78,"2,78%"
III,5,5 a Faixa,CPP,43.4,"43,40%"
III,5,5 a Faixa,ISS (*),33.5,"33,50% (*)"
III,6,6 a Faixa,IRPJ,35.0,"35,00%"
III,6,6 a Faixa,CSLL,15.0,"15,00%"
III,6,6 a Faixa,Cofins,16.03,"16,03%"
III,6,6 a Faixa,PIS/Pasep,3.47,"3,47%"
III,6,6 a Faixa,CPP,30.5,"30,50%"
III,6,6 a Faixa,ISS (*),,–
III,5,"5 a Faixa, com alíquota efetiva superior a 14,92537%",IRPJ,6.02,"(Alíquota efetiva – 5%) x 6,02%"
III,5,"5 a Faixa, com alíquota efetiva superior a 14,92537%",CSLL,5.26,"(Alíquota efetiva – 5%) x 5,26%"
III,5,"5 a Faixa, com alíquota efetiva superior a 14,92537%",Cofins,19.28,"(Alíquota efetiva – 5%) x 19,28%"
III,5,"5 a Faixa, com alíquota efetiva superior a 14,92537%",PIS/Pasep,4.18,"(Alíquota efetiva – 5%) x 4,18%"
III,5,"5 a Faixa, com alíquota efetiva superior a 14,92537%",CPP,65.26,"(Alíquota efetiva – 5%) x 65,26%"
III,5,"5 a Faixa, com alíquota efetiva superior a 14,92537%",ISS (*),,Percentual de ISS fixo em 5%
IV,1,1 a Faixa,IRPJ,18.8,"18,80%"
IV,1,1 a Faixa,CSLL,15.2,"15,20%"
IV,1,1 a Faixa,Cofins,17.67,"17,67%"
IV,1,1 a Faixa,PIS/Pasep,3.83,"3,83%"
IV,1,1 a Faixa,ISS (*),44.5,"44,50%"
IV,2,2 a Faixa,IRPJ,19.8,"19,80%"
IV,2,2 a Faixa,CSLL,15.2,"15,20%"
IV,2,2 a Faixa,Cofins,20.55,"20,55%"
IV,2,2 a Faixa,PIS/Pasep,4.45,"4,45%"
IV,2,2 a Faixa,ISS (*),40.0,"40,00%"
IV,3,3 a Faixa,IRPJ,20.8,"20,80%"
IV,3,3 a Faixa,CSLL,15.2,"15,20%"
IV,3,3 a Faixa,Cofins,19.73,"19,73%"
IV,3,3 a Faixa,PIS/Pasep,4.27,"4,27%"
IV,3,3 a Faixa,ISS (*),40.0,"40,00%"
IV,4,4 a Faixa,IRPJ,17.8,"17,80%"
IV,4,4 a Faixa,CSLL,19.2,"19,20%"
IV,4,4 a Faixa,Cofins,18.9,"18,90%"
IV,4,4 a Faixa,PIS/Pasep,4.1,"4,10%"
IV,4,4 a Faixa,ISS (*),40.0,"40,00%"
IV,5,5 a Faixa,IRPJ,18.8,"18,80%"
IV,5,5 a Faixa,CSLL,19.2,"19,20%"
IV,5,5 a Faixa,Cofins,18.08,"18,08%"
IV,5,5 a Faixa,PIS/Pasep,3.92,"3,92%"
IV,5,5 a Faixa,ISS (*),40.0,"40,00% (*)"
IV,6,6 a Faixa,IRPJ,53.5,"53,50%"
IV,6,6 a Faixa,CSLL,21.5,"21,50%"
IV,6,6 a Faixa,Cofins,20.55,"20,55%"
IV,6,6 a Faixa,PIS/Pasep,4.45,"4,45%"
IV,6,6 a Faixa,ISS (*),,-
IV,5,"5 a Faixa, comalíquota efetiva superior a 12,5%",IRPJ,31.33,"Alíquota efetiva – 5%) x 31,33%"
IV,5,"5 a Faixa, comalíquota efetiva superior a 12,5%",CSLL,32.0,"(Alíquota efetiva – 5%) x 32,00%"
IV,5,"5 a Faixa, comalíquota efetiva superior a 12,5%",Cofins,30.13,"(Alíquota efetiva – 5%) x 30,13%"
IV,5,"5 a Faixa, comalíquota efetiva superior a 12,5%",PIS/Pasep,6.54,"Alíquota efetiva – 5%) x 6,54%"
IV,5,"5 a Faixa, comalíquota efetiva superior a 12,5%",ISS (*),,Percentual de ISS fixo em 5%
V,1,1 a Faixa,IRPJ,25.0,"25,00%"
V,1,1 a Faixa,CSLL,15.0,"15,00%"
V,1,1 a Faixa,Cofins,14.1,"14,10%"
V,1,1 a Faixa,PIS/Pasep,3.05,"3,05%"
V,1,1 a Faixa,CPP,28.85,"28,85%"
V,1,1 a Faixa,ISS,14.0,"14,00%"
V,2,2 a Faixa,IRPJ,23.0,"23,00%"
V,2,2 a Faixa,CSLL,15.0,"15,00%"
V,2,2 a Faixa,Cofins,14.1,"14,10%"
V,2,2 a Faixa,PIS/Pasep,3.05,"3,05%"
V,2,2 a Faixa,CPP,27.85,"27,85%"
V,2,2 a Faixa,ISS,17.0,"17,00%"
V,3,3 a Faixa,IRPJ,24.0,"24,00%"
V,3,3 a Faixa,CSLL,15.0,"15,00%"
V,3,3 a Faixa,Cofins,14.92,"14,92%"
V,3,3 a Faixa,PIS/Pasep,3.23,"3,23%"
V,3,3 a Faixa,CPP,23.85,"23,85%"
V,3,3 a Faixa,ISS,19.0,"19,00%"
V,4,4 a Faixa,IRPJ,21.0,"21,00%"
V,4,4 a Faixa,CSLL,15.0,"15,00%"
V,4,4 a Faixa,Cofins,15.74,"15,74%"
V,4,4 a Faixa,PIS/Pasep,3.41,"3,41%"
V,4,4 a Faixa,CPP,23.85,"23,85%"
V,4,4 a Faixa,ISS,21.0,"21,00%"
V,5,5 a Faixa,IRPJ,23.0,"23,00%"
V,5,5 a Faixa,CSLL,12.5,"12,50%"
V,5,5 a Faixa,Cofins,14.1,"14,10%"
V,5,5 a Faixa,PIS/Pasep,3.05,"3,05%"
V,5,5 a Faixa,CPP,23.85,"23,85%"
V,5,5 a Faixa,ISS,23.5,"23,50%"
V,6,6 a Faixa,IRPJ,35.0,"35,00%"
V,6,6 a Faixa,CSLL,15.5,"15,50%"
V,6,6 a Faixa,Cofins,16.44,"16,44%"
V,6,6 a Faixa,PIS/Pasep,3.56,"3,56%"
V,6,6 a Faixa,CPP,29.5,"29,50%"
V,6,6 a Faixa,ISS,,-
