tabela,variavel_id,variavel,unidade,nivel,localidade_id,localidade,periodo,valor_original,valor
7395,4196,Rendimento médio mensal real domiciliar per capita,Reais,Brasil,1,Brasil,2023,2039,2039.0
7395,4196,Rendimento médio mensal real domiciliar per capita,Reais,Brasil,1,Brasil,2024,2157,2157.0
7395,4196,Rendimento médio mensal real domiciliar per capita,Reais,Brasil,1,Brasil,2025,2280,2280.0
7395,4196,Rendimento médio mensal real domiciliar per capita,Reais,Unidade da Federação,11,Rondônia,2023,1647,1647.0
7395,4196,Rendimento médio mensal real domiciliar per capita,Reais,Unidade da Federação,11,Rondônia,2024,1829,1829.0
7395,4196,Rendimento médio mensal real domiciliar per capita,Reais,Unidade da Federação,11,Rondônia,2025,2020,2020.0
7395,4196,Rendimento médio mensal real domiciliar per capita,Reais,Unidade da Federação,12,Acre,2023,1167,1167.0
7395,4196,Rendimento médio mensal real domiciliar per capita,Reais,Unidade da Federação,12,Acre,2024,1316,1316.0
7395,4196,Rendimento médio mensal real domiciliar per capita,Reais,Unidade da Federação,12,Acre,2025,1427,1427.0
7395,4196,Rendimento médio mensal real domiciliar per capita,Reais,Unidade da Federação,13,Amazonas,2023,1284,1284.0
7395,4196,Rendimento médio mensal real domiciliar per capita,Reais,Unidade da Federação,13,Amazonas,2024,1330,1330.0
7395,4196,Rendimento médio mensal real domiciliar per capita,Reais,Unidade da Federação,13,Amazonas,2025,1425,1425.0
7395,4196,Rendimento médio mensal real domiciliar per capita,Reais,Unidade da Federação,14,Roraima,2023,1538,1538.0
7395,4196,Rendimento médio mensal real domiciliar per capita,Reais,Unidade da Federação,14,Roraima,2024,1721,1721.0
7395,4196,Rendimento médio mensal real domiciliar per capita,Reais,Unidade da Federação,14,Roraima,2025,1808,1808.0
7395,4196,Rendimento médio mensal real domiciliar per capita,Reais,Unidade da Federação,15,Pará,2023,1379,1379.0
7395,4196,Rendimento médio mensal real domiciliar per capita,Reais,Unidade da Federação,15,Pará,2024,1419,1419.0
7395,4196,Rendimento médio mensal real domiciliar per capita,Reais,Unidade da Federação,15,Pará,2025,1472,1472.0
7395,4196,Rendimento médio mensal real domiciliar per capita,Reais,Unidade da Federação,16,Amapá,2023,1525,1525.0
7395,4196,Rendimento médio mensal real domiciliar per capita,Reais,Unidade da Federação,16,Amapá,2024,1568,1568.0
7395,4196,Rendimento médio mensal real domiciliar per capita,Reais,Unidade da Federação,16,Amapá,2025,1769,1769.0
7395,4196,Rendimento médio mensal real domiciliar per capita,Reais,Unidade da Federação,17,Tocantins,2023,1736,1736.0
7395,4196,Rendimento médio mensal real domiciliar per capita,Reais,Unidade da Federação,17,Tocantins,2024,1884,1884.0
7395,4196,Rendimento médio mensal real domiciliar per capita,Reais,Unidade da Federação,17,Tocantins,2025,2061,2061.0
7395,4196,Rendimento médio mensal real domiciliar per capita,Reais,Unidade da Federação,21,Maranhão,2023,1056,1056.0
7395,4196,Rendimento médio mensal real domiciliar per capita,Reais,Unidade da Federação,21,Maranhão,2024,1151,1151.0
7395,4196,Rendimento médio mensal real domiciliar per capita,Reais,Unidade da Federação,21,Maranhão,2025,1206,1206.0
7395,4196,Rendimento médio mensal real domiciliar per capita,Reais,Unidade da Federação,22,Piauí,2023,1396,1396.0
7395,4196,Rendimento médio mensal real domiciliar per capita,Reais,Unidade da Federação,22,Piauí,2024,1490,1490.0
7395,4196,Rendimento médio mensal real domiciliar per capita,Reais,Unidade da Federação,22,Piauí,2025,1520,1520.0
7395,4196,Rendimento médio mensal real domiciliar per capita,Reais,Unidade da Federação,23,Ceará,2023,1261,1261.0
7395,4196,Rendimento médio mensal real domiciliar per capita,Reais,Unidade da Federação,23,Ceará,2024,1292,1292.0
7395,4196,Rendimento médio mensal real domiciliar per capita,Reais,Unidade da Federação,23,Ceará,2025,1423,1423.0
7395,4196,Rendimento médio mensal real domiciliar per capita,Reais,Unidade da Federação,24,Rio Grande do Norte,2023,1503,1503.0
7395,4196,Rendimento médio mensal real domiciliar per capita,Reais,Unidade da Federação,24,Rio Grande do Norte,2024,1580,1580.0
7395,4196,Rendimento médio mensal real domiciliar per capita,Reais,Unidade da Federação,24,Rio Grande do Norte,2025,1737,1737.0
7395,4196,Rendimento médio mensal real domiciliar per capita,Reais,Unidade da Federação,25,Paraíba,2023,1429,1429.0
7395,4196,Rendimento médio mensal real domiciliar per capita,Reais,Unidade da Federação,25,Paraíba,2024,1485,1485.0
7395,4196,Rendimento médio mensal real domiciliar per capita,Reais,Unidade da Federação,25,Paraíba,2025,1567,1567.0
7395,4196,Rendimento médio mensal real domiciliar per capita,Reais,Unidade da Federação,26,Pernambuco,2023,1258,1258.0
7395,4196,Rendimento médio mensal real domiciliar per capita,Reais,Unidade da Federação,26,Pernambuco,2024,1507,1507.0
7395,4196,Rendimento médio mensal real domiciliar per capita,Reais,Unidade da Federação,26,Pernambuco,2025,1548,1548.0
7395,4196,Rendimento médio mensal real domiciliar per capita,Reais,Unidade da Federação,27,Alagoas,2023,1196,1196.0
7395,4196,Rendimento médio mensal real domiciliar per capita,Reais,Unidade da Federação,27,Alagoas,2024,1366,1366.0
7395,4196,Rendimento médio mensal real domiciliar per capita,Reais,Unidade da Federação,27,Alagoas,2025,1435,1435.0
7395,4196,Rendimento médio mensal real domiciliar per capita,Reais,Unidade da Federação,28,Sergipe,2023,1316,1316.0
7395,4196,Rendimento médio mensal real domiciliar per capita,Reais,Unidade da Federação,28,Sergipe,2024,1541,1541.0
7395,4196,Rendimento médio mensal real domiciliar per capita,Reais,Unidade da Federação,28,Sergipe,2025,1678,1678.0
7395,4196,Rendimento médio mensal real domiciliar per capita,Reais,Unidade da Federação,29,Bahia,2023,1272,1272.0
7395,4196,Rendimento médio mensal real domiciliar per capita,Reais,Unidade da Federação,29,Bahia,2024,1379,1379.0
7395,4196,Rendimento médio mensal real domiciliar per capita,Reais,Unidade da Federação,29,Bahia,2025,1498,1498.0
7395,4196,Rendimento médio mensal real domiciliar per capita,Reais,Unidade da Federação,31,Minas Gerais,2023,2008,2008.0
7395,4196,Rendimento médio mensal real domiciliar per capita,Reais,Unidade da Federação,31,Minas Gerais,2024,2079,2079.0
7395,4196,Rendimento médio mensal real domiciliar per capita,Reais,Unidade da Federação,31,Minas Gerais,2025,2259,2259.0
7395,4196,Rendimento médio mensal real domiciliar per capita,Reais,Unidade da Federação,32,Espírito Santo,2023,2014,2014.0
7395,4196,Rendimento médio mensal real domiciliar per capita,Reais,Unidade da Federação,32,Espírito Santo,2024,2166,2166.0
7395,4196,Rendimento médio mensal real domiciliar per capita,Reais,Unidade da Federação,32,Espírito Santo,2025,2229,2229.0
7395,4196,Rendimento médio mensal real domiciliar per capita,Reais,Unidade da Federação,33,Rio de Janeiro,2023,2433,2433.0
7395,4196,Rendimento médio mensal real domiciliar per capita,Reais,Unidade da Federação,33,Rio de Janeiro,2024,2496,2496.0
7395,4196,Rendimento médio mensal real domiciliar per capita,Reais,Unidade da Federação,33,Rio de Janeiro,2025,2711,2711.0
7395,4196,Rendimento médio mensal real domiciliar per capita,Reais,Unidade da Federação,35,São Paulo,2023,2715,2715.0
7395,4196,Rendimento médio mensal real domiciliar per capita,Reais,Unidade da Federação,35,São Paulo,2024,2847,2847.0
7395,4196,Rendimento médio mensal real domiciliar per capita,Reais,Unidade da Federação,35,São Paulo,2025,2917,2917.0
7395,4196,Rendimento médio mensal real domiciliar per capita,Reais,Unidade da Federação,41,Paraná,2023,2220,2220.0
7395,4196,Rendimento médio mensal real domiciliar per capita,Reais,Unidade da Federação,41,Paraná,2024,2468,2468.0
7395,4196,Rendimento médio mensal real domiciliar per capita,Reais,Unidade da Federação,41,Paraná,2025,2710,2710.0
7395,4196,Rendimento médio mensal real domiciliar per capita,Reais,Unidade da Federação,42,Santa Catarina,2023,2480,2480.0
7395,4196,Rendimento médio mensal real domiciliar per capita,Reais,Unidade da Federação,42,Santa Catarina,2024,2658,2658.0
7395,4196,Rendimento médio mensal real domiciliar per capita,Reais,Unidade da Federação,42,Santa Catarina,2025,2807,2807.0
7395,4196,Rendimento médio mensal real domiciliar per capita,Reais,Unidade da Federação,43,Rio Grande do Sul,2023,2531,2531.0
7395,4196,Rendimento médio mensal real domiciliar per capita,Reais,Unidade da Federação,43,Rio Grande do Sul,2024,2701,2701.0
7395,4196,Rendimento médio mensal real domiciliar per capita,Reais,Unidade da Federação,43,Rio Grande do Sul,2025,2782,2782.0
7395,4196,Rendimento médio mensal real domiciliar per capita,Reais,Unidade da Federação,50,Mato Grosso do Sul,2023,2274,2274.0
7395,4196,Rendimento médio mensal real domiciliar per capita,Reais,Unidade da Federação,50,Mato Grosso do Sul,2024,2246,2246.0
7395,4196,Rendimento médio mensal real domiciliar per capita,Reais,Unidade da Federação,50,Mato Grosso do Sul,2025,2304,2304.0
7395,4196,Rendimento médio mensal real domiciliar per capita,Reais,Unidade da Federação,51,Mato Grosso,2023,2200,2200.0
7395,4196,Rendimento médio mensal real domiciliar per capita,Reais,Unidade da Federação,51,Mato Grosso,2024,2354,2354.0
7395,4196,Rendimento médio mensal real domiciliar per capita,Reais,Unidade da Federação,51,Mato Grosso,2025,2381,2381.0
7395,4196,Rendimento médio mensal real domiciliar per capita,Reais,Unidade da Federação,52,Goiás,2023,2156,2156.0
7395,4196,Rendimento médio mensal real domiciliar per capita,Reais,Unidade da Federação,52,Goiás,2024,2215,2215.0
7395,4196,Rendimento médio mensal real domiciliar per capita,Reais,Unidade da Federação,52,Goiás,2025,2378,2378.0
7395,4196,Rendimento médio mensal real domiciliar per capita,Reais,Unidade da Federação,53,Distrito Federal,2023,3597,3597.0
7395,4196,Rendimento médio mensal real domiciliar per capita,Reais,Unidade da Federação,53,Distrito Federal,2024,3694,3694.0
7395,4196,Rendimento médio mensal real domiciliar per capita,Reais,Unidade da Federação,53,Distrito Federal,2025,4286,4286.0
7395,4196,Rendimento médio mensal real domiciliar per capita,Reais,Região Metropolitana até 2020,1301,Manaus - AM,2023,1494,1494.0
7395,4196,Rendimento médio mensal real domiciliar per capita,Reais,Região Metropolitana até 2020,1301,Manaus - AM,2024,1585,1585.0
7395,4196,Rendimento médio mensal real domiciliar per capita,Reais,Região Metropolitana até 2020,1301,Manaus - AM,2025,1639,1639.0
7395,4196,Rendimento médio mensal real domiciliar per capita,Reais,Região Metropolitana até 2020,1501,Belém - PA,2023,2053,2053.0
7395,4196,Rendimento médio mensal real domiciliar per capita,Reais,Região Metropolitana até 2020,1501,Belém - PA,2024,2004,2004.0
7395,4196,Rendimento médio mensal real domiciliar per capita,Reais,Região Metropolitana até 2020,1501,Belém - PA,2025,1979,1979.0
7395,4196,Rendimento médio mensal real domiciliar per capita,Reais,Região Metropolitana até 2020,1601,Macapá - AP,2023,1696,1696.0
7395,4196,Rendimento médio mensal real domiciliar per capita,Reais,Região Metropolitana até 2020,1601,Macapá - AP,2024,1686,1686.0
7395,4196,Rendimento médio mensal real domiciliar per capita,Reais,Região Metropolitana até 2020,1601,Macapá - AP,2025,1949,1949.0
7395,4196,Rendimento médio mensal real domiciliar per capita,Reais,Região Metropolitana até 2020,2101,Grande São Luís - MA,2023,1291,1291.0
7395,4196,Rendimento médio mensal real domiciliar per capita,Reais,Região Metropolitana até 2020,2101,Grande São Luís - MA,2024,1593,1593.0
7395,4196,Rendimento médio mensal real domiciliar per capita,Reais,Região Metropolitana até 2020,2101,Grande São Luís - MA,2025,1609,1609.0
7395,4196,Rendimento médio mensal real domiciliar per capita,Reais,Região Metropolitana até 2020,2301,Fortaleza - CE,2023,1648,1648.0
7395,4196,Rendimento médio mensal real domiciliar per capita,Reais,Região Metropolitana até 2020,2301,Fortaleza - CE,2024,1641,1641.0
7395,4196,Rendimento médio mensal real domiciliar per capita,Reais,Região Metropolitana até 2020,2301,Fortaleza - CE,2025,1844,1844.0
7395,4196,Rendimento médio mensal real domiciliar per capita,Reais,Região Metropolitana até 2020,2401,Natal - RN,2023,1988,1988.0
7395,4196,Rendimento médio mensal real domiciliar per capita,Reais,Região Metropolitana até 2020,2401,Natal - RN,2024,1988,1988.0
7395,4196,Rendimento médio mensal real domiciliar per capita,Reais,Região Metropolitana até 2020,2401,Natal - RN,2025,2356,2356.0
7395,4196,Rendimento médio mensal real domiciliar per capita,Reais,Região Metropolitana até 2020,2501,João Pessoa - PB,2023,2109,2109.0
7395,4196,Rendimento médio mensal real domiciliar per capita,Reais,Região Metropolitana até 2020,2501,João Pessoa - PB,2024,2098,2098.0
7395,4196,Rendimento médio mensal real domiciliar per capita,Reais,Região Metropolitana até 2020,2501,João Pessoa - PB,2025,2215,2215.0
7395,4196,Rendimento médio mensal real domiciliar per capita,Reais,Região Metropolitana até 2020,2601,Recife - PE,2023,1576,1576.0
7395,4196,Rendimento médio mensal real domiciliar per capita,Reais,Região Metropolitana até 2020,2601,Recife - PE,2024,1988,1988.0
7395,4196,Rendimento médio mensal real domiciliar per capita,Reais,Região Metropolitana até 2020,2601,Recife - PE,2025,1951,1951.0
7395,4196,Rendimento médio mensal real domiciliar per capita,Reais,Região Metropolitana até 2020,2701,Maceió - AL,2023,1608,1608.0
7395,4196,Rendimento médio mensal real domiciliar per capita,Reais,Região Metropolitana até 2020,2701,Maceió - AL,2024,1818,1818.0
7395,4196,Rendimento médio mensal real domiciliar per capita,Reais,Região Metropolitana até 2020,2701,Maceió - AL,2025,2015,2015.0
7395,4196,Rendimento médio mensal real domiciliar per capita,Reais,Região Metropolitana até 2020,2801,Aracaju - SE,2023,1820,1820.0
7395,4196,Rendimento médio mensal real domiciliar per capita,Reais,Região Metropolitana até 2020,2801,Aracaju - SE,2024,2090,2090.0
7395,4196,Rendimento médio mensal real domiciliar per capita,Reais,Região Metropolitana até 2020,2801,Aracaju - SE,2025,2429,2429.0
7395,4196,Rendimento médio mensal real domiciliar per capita,Reais,Região Metropolitana até 2020,2901,Salvador - BA,2023,1985,1985.0
7395,4196,Rendimento médio mensal real domiciliar per capita,Reais,Região Metropolitana até 2020,2901,Salvador - BA,2024,1901,1901.0
7395,4196,Rendimento médio mensal real domiciliar per capita,Reais,Região Metropolitana até 2020,2901,Salvador - BA,2025,1900,1900.0
7395,4196,Rendimento médio mensal real domiciliar per capita,Reais,Região Metropolitana até 2020,3101,Belo Horizonte - MG,2023,2672,2672.0
7395,4196,Rendimento médio mensal real domiciliar per capita,Reais,Região Metropolitana até 2020,3101,Belo Horizonte - MG,2024,2606,2606.0
7395,4196,Rendimento médio mensal real domiciliar per capita,Reais,Região Metropolitana até 2020,3101,Belo Horizonte - MG,2025,3000,3000.0
7395,4196,Rendimento médio mensal real domiciliar per capita,Reais,Região Metropolitana até 2020,3201,Grande Vitória - ES,2023,2376,2376.0
7395,4196,Rendimento médio mensal real domiciliar per capita,Reais,Região Metropolitana até 2020,3201,Grande Vitória - ES,2024,2605,2605.0
7395,4196,Rendimento médio mensal real domiciliar per capita,Reais,Região Metropolitana até 2020,3201,Grande Vitória - ES,2025,2697,2697.0
7395,4196,Rendimento médio mensal real domiciliar per capita,Reais,Região Metropolitana até 2020,3301,Rio de Janeiro - RJ,2023,2691,2691.0
7395,4196,Rendimento médio mensal real domiciliar per capita,Reais,Região Metropolitana até 2020,3301,Rio de Janeiro - RJ,2024,2741,2741.0
7395,4196,Rendimento médio mensal real domiciliar per capita,Reais,Região Metropolitana até 2020,3301,Rio de Janeiro - RJ,2025,2972,2972.0
7395,4196,Rendimento médio mensal real domiciliar per capita,Reais,Região Metropolitana até 2020,3501,São Paulo - SP,2023,3179,3179.0
7395,4196,Rendimento médio mensal real domiciliar per capita,Reais,Região Metropolitana até 2020,3501,São Paulo - SP,2024,3309,3309.0
7395,4196,Rendimento médio mensal real domiciliar per capita,Reais,Região Metropolitana até 2020,3501,São Paulo - SP,2025,3152,3152.0
7395,4196,Rendimento médio mensal real domiciliar per capita,Reais,Região Metropolitana até 2020,4101,Curitiba - PR,2023,2665,2665.0
7395,4196,Rendimento médio mensal real domiciliar per capita,Reais,Região Metropolitana até 2020,4101,Curitiba - PR,2024,3083,3083.0
7395,4196,Rendimento médio mensal real domiciliar per capita,Reais,Região Metropolitana até 2020,4101,Curitiba - PR,2025,3273,3273.0
7395,4196,Rendimento médio mensal real domiciliar per capita,Reais,Região Metropolitana até 2020,4201,Florianópolis - SC,2023,3433,3433.0
7395,4196,Rendimento médio mensal real domiciliar per capita,Reais,Região Metropolitana até 2020,4201,Florianópolis - SC,2024,3520,3520.0
7395,4196,Rendimento médio mensal real domiciliar per capita,Reais,Região Metropolitana até 2020,4201,Florianópolis - SC,2025,3657,3657.0
7395,4196,Rendimento médio mensal real domiciliar per capita,Reais,Região Metropolitana até 2020,4301,Porto Alegre - RS,2023,2849,2849.0
7395,4196,Rendimento médio mensal real domiciliar per capita,Reais,Região Metropolitana até 2020,4301,Porto Alegre - RS,2024,3090,3090.0
7395,4196,Rendimento médio mensal real domiciliar per capita,Reais,Região Metropolitana até 2020,4301,Porto Alegre - RS,2025,3097,3097.0
7395,4196,Rendimento médio mensal real domiciliar per capita,Reais,Região Metropolitana até 2020,5101,Vale do Rio Cuiabá - MT,2023,2268,2268.0
7395,4196,Rendimento médio mensal real domiciliar per capita,Reais,Região Metropolitana até 2020,5101,Vale do Rio Cuiabá - MT,2024,2558,2558.0
7395,4196,Rendimento médio mensal real domiciliar per capita,Reais,Região Metropolitana até 2020,5101,Vale do Rio Cuiabá - MT,2025,2521,2521.0
7395,4196,Rendimento médio mensal real domiciliar per capita,Reais,Região Metropolitana até 2020,5201,Goiânia - GO,2023,2474,2474.0
7395,4196,Rendimento médio mensal real domiciliar per capita,Reais,Região Metropolitana até 2020,5201,Goiânia - GO,2024,2537,2537.0
7395,4196,Rendimento médio mensal real domiciliar per capita,Reais,Região Metropolitana até 2020,5201,Goiânia - GO,2025,2995,2995.0
7395,4197,Coeficiente de variação - Rendimento médio mensal real domiciliar per capita,%,Brasil,1,Brasil,2023,0.8,0.8
7395,4197,Coeficiente de variação - Rendimento médio mensal real domiciliar per capita,%,Brasil,1,Brasil,2024,0.8,0.8
7395,4197,Coeficiente de variação - Rendimento médio mensal real domiciliar per capita,%,Brasil,1,Brasil,2025,0.8,0.8
7395,4197,Coeficiente de variação - Rendimento médio mensal real domiciliar per capita,%,Unidade da Federação,11,Rondônia,2023,3.7,3.7
7395,4197,Coeficiente de variação - Rendimento médio mensal real domiciliar per capita,%,Unidade da Federação,11,Rondônia,2024,4.8,4.8
7395,4197,Coeficiente de variação - Rendimento médio mensal real domiciliar per capita,%,Unidade da Federação,11,Rondônia,2025,4.0,4.0
7395,4197,Coeficiente de variação - Rendimento médio mensal real domiciliar per capita,%,Unidade da Federação,12,Acre,2023,3.7,3.7
7395,4197,Coeficiente de variação - Rendimento médio mensal real domiciliar per capita,%,Unidade da Federação,12,Acre,2024,3.9,3.9
7395,4197,Coeficiente de variação - Rendimento médio mensal real domiciliar per capita,%,Unidade da Federação,12,Acre,2025,4.7,4.7
7395,4197,Coeficiente de variação - Rendimento médio mensal real domiciliar per capita,%,Unidade da Federação,13,Amazonas,2023,4.5,4.5
7395,4197,Coeficiente de variação - Rendimento médio mensal real domiciliar per capita,%,Unidade da Federação,13,Amazonas,2024,4.0,4.0
7395,4197,Coeficiente de variação - Rendimento médio mensal real domiciliar per capita,%,Unidade da Federação,13,Amazonas,2025,4.3,4.3
7395,4197,Coeficiente de variação - Rendimento médio mensal real domiciliar per capita,%,Unidade da Federação,14,Roraima,2023,5.9,5.9
7395,4197,Coeficiente de variação - Rendimento médio mensal real domiciliar per capita,%,Unidade da Federação,14,Roraima,2024,5.4,5.4
7395,4197,Coeficiente de variação - Rendimento médio mensal real domiciliar per capita,%,Unidade da Federação,14,Roraima,2025,6.0,6.0
7395,4197,Coeficiente de variação - Rendimento médio mensal real domiciliar per capita,%,Unidade da Federação,15,Pará,2023,3.7,3.7
7395,4197,Coeficiente de variação - Rendimento médio mensal real domiciliar per capita,%,Unidade da Federação,15,Pará,2024,3.3,3.3
7395,4197,Coeficiente de variação - Rendimento médio mensal real domiciliar per capita,%,Unidade da Federação,15,Pará,2025,3.4,3.4
7395,4197,Coeficiente de variação - Rendimento médio mensal real domiciliar per capita,%,Unidade da Federação,16,Amapá,2023,6.2,6.2
7395,4197,Coeficiente de variação - Rendimento médio mensal real domiciliar per capita,%,Unidade da Federação,16,Amapá,2024,6.2,6.2
7395,4197,Coeficiente de variação - Rendimento médio mensal real domiciliar per capita,%,Unidade da Federação,16,Amapá,2025,8.2,8.2
7395,4197,Coeficiente de variação - Rendimento médio mensal real domiciliar per capita,%,Unidade da Federação,17,Tocantins,2023,3.8,3.8
7395,4197,Coeficiente de variação - Rendimento médio mensal real domiciliar per capita,%,Unidade da Federação,17,Tocantins,2024,3.4,3.4
7395,4197,Coeficiente de variação - Rendimento médio mensal real domiciliar per capita,%,Unidade da Federação,17,Tocantins,2025,4.2,4.2
7395,4197,Coeficiente de variação - Rendimento médio mensal real domiciliar per capita,%,Unidade da Federação,21,Maranhão,2023,2.3,2.3
7395,4197,Coeficiente de variação - Rendimento médio mensal real domiciliar per capita,%,Unidade da Federação,21,Maranhão,2024,2.7,2.7
7395,4197,Coeficiente de variação - Rendimento médio mensal real domiciliar per capita,%,Unidade da Federação,21,Maranhão,2025,2.1,2.1
7395,4197,Coeficiente de variação - Rendimento médio mensal real domiciliar per capita,%,Unidade da Federação,22,Piauí,2023,9.3,9.3
7395,4197,Coeficiente de variação - Rendimento médio mensal real domiciliar per capita,%,Unidade da Federação,22,Piauí,2024,8.6,8.6
7395,4197,Coeficiente de variação - Rendimento médio mensal real domiciliar per capita,%,Unidade da Federação,22,Piauí,2025,5.1,5.1
7395,4197,Coeficiente de variação - Rendimento médio mensal real domiciliar per capita,%,Unidade da Federação,23,Ceará,2023,3.3,3.3
7395,4197,Coeficiente de variação - Rendimento médio mensal real domiciliar per capita,%,Unidade da Federação,23,Ceará,2024,2.8,2.8
7395,4197,Coeficiente de variação - Rendimento médio mensal real domiciliar per capita,%,Unidade da Federação,23,Ceará,2025,3.5,3.5
7395,4197,Coeficiente de variação - Rendimento médio mensal real domiciliar per capita,%,Unidade da Federação,24,Rio Grande do Norte,2023,4.9,4.9
7395,4197,Coeficiente de variação - Rendimento médio mensal real domiciliar per capita,%,Unidade da Federação,24,Rio Grande do Norte,2024,5.0,5.0
7395,4197,Coeficiente de variação - Rendimento médio mensal real domiciliar per capita,%,Unidade da Federação,24,Rio Grande do Norte,2025,5.4,5.4
7395,4197,Coeficiente de variação - Rendimento médio mensal real domiciliar per capita,%,Unidade da Federação,25,Paraíba,2023,5.3,5.3
7395,4197,Coeficiente de variação - Rendimento médio mensal real domiciliar per capita,%,Unidade da Federação,25,Paraíba,2024,4.6,4.6
7395,4197,Coeficiente de variação - Rendimento médio mensal real domiciliar per capita,%,Unidade da Federação,25,Paraíba,2025,4.5,4.5
7395,4197,Coeficiente de variação - Rendimento médio mensal real domiciliar per capita,%,Unidade da Federação,26,Pernambuco,2023,4.0,4.0
7395,4197,Coeficiente de variação - Rendimento médio mensal real domiciliar per capita,%,Unidade da Federação,26,Pernambuco,2024,4.6,4.6
7395,4197,Coeficiente de variação - Rendimento médio mensal real domiciliar per capita,%,Unidade da Federação,26,Pernambuco,2025,3.4,3.4
7395,4197,Coeficiente de variação - Rendimento médio mensal real domiciliar per capita,%,Unidade da Federação,27,Alagoas,2023,3.7,3.7
7395,4197,Coeficiente de variação - Rendimento médio mensal real domiciliar per capita,%,Unidade da Federação,27,Alagoas,2024,4.1,4.1
7395,4197,Coeficiente de variação - Rendimento médio mensal real domiciliar per capita,%,Unidade da Federação,27,Alagoas,2025,3.6,3.6
7395,4197,Coeficiente de variação - Rendimento médio mensal real domiciliar per capita,%,Unidade da Federação,28,Sergipe,2023,5.0,5.0
7395,4197,Coeficiente de variação - Rendimento médio mensal real domiciliar per capita,%,Unidade da Federação,28,Sergipe,2024,4.8,4.8
7395,4197,Coeficiente de variação - Rendimento médio mensal real domiciliar per capita,%,Unidade da Federação,28,Sergipe,2025,4.8,4.8
7395,4197,Coeficiente de variação - Rendimento médio mensal real domiciliar per capita,%,Unidade da Federação,29,Bahia,2023,3.0,3.0
7395,4197,Coeficiente de variação - Rendimento médio mensal real domiciliar per capita,%,Unidade da Federação,29,Bahia,2024,2.9,2.9
7395,4197,Coeficiente de variação - Rendimento médio mensal real domiciliar per capita,%,Unidade da Federação,29,Bahia,2025,2.4,2.4
7395,4197,Coeficiente de variação - Rendimento médio mensal real domiciliar per capita,%,Unidade da Federação,31,Minas Gerais,2023,2.2,2.2
7395,4197,Coeficiente de variação - Rendimento médio mensal real domiciliar per capita,%,Unidade da Federação,31,Minas Gerais,2024,2.0,2.0
7395,4197,Coeficiente de variação - Rendimento médio mensal real domiciliar per capita,%,Unidade da Federação,31,Minas Gerais,2025,2.1,2.1
7395,4197,Coeficiente de variação - Rendimento médio mensal real domiciliar per capita,%,Unidade da Federação,32,Espírito Santo,2023,3.0,3.0
7395,4197,Coeficiente de variação - Rendimento médio mensal real domiciliar per capita,%,Unidade da Federação,32,Espírito Santo,2024,3.1,3.1
7395,4197,Coeficiente de variação - Rendimento médio mensal real domiciliar per capita,%,Unidade da Federação,32,Espírito Santo,2025,3.1,3.1
7395,4197,Coeficiente de variação - Rendimento médio mensal real domiciliar per capita,%,Unidade da Federação,33,Rio de Janeiro,2023,2.4,2.4
7395,4197,Coeficiente de variação - Rendimento médio mensal real domiciliar per capita,%,Unidade da Federação,33,Rio de Janeiro,2024,2.4,2.4
7395,4197,Coeficiente de variação - Rendimento médio mensal real domiciliar per capita,%,Unidade da Federação,33,Rio de Janeiro,2025,3.2,3.2
7395,4197,Coeficiente de variação - Rendimento médio mensal real domiciliar per capita,%,Unidade da Federação,35,São Paulo,2023,2.5,2.5
7395,4197,Coeficiente de variação - Rendimento médio mensal real domiciliar per capita,%,Unidade da Federação,35,São Paulo,2024,2.3,2.3
7395,4197,Coeficiente de variação - Rendimento médio mensal real domiciliar per capita,%,Unidade da Federação,35,São Paulo,2025,2.2,2.2
7395,4197,Coeficiente de variação - Rendimento médio mensal real domiciliar per capita,%,Unidade da Federação,41,Paraná,2023,2.5,2.5
7395,4197,Coeficiente de variação - Rendimento médio mensal real domiciliar per capita,%,Unidade da Federação,41,Paraná,2024,2.2,2.2
7395,4197,Coeficiente de variação - Rendimento médio mensal real domiciliar per capita,%,Unidade da Federação,41,Paraná,2025,2.5,2.5
7395,4197,Coeficiente de variação - Rendimento médio mensal real domiciliar per capita,%,Unidade da Federação,42,Santa Catarina,2023,1.7,1.7
7395,4197,Coeficiente de variação - Rendimento médio mensal real domiciliar per capita,%,Unidade da Federação,42,Santa Catarina,2024,1.7,1.7
7395,4197,Coeficiente de variação - Rendimento médio mensal real domiciliar per capita,%,Unidade da Federação,42,Santa Catarina,2025,1.4,1.4
7395,4197,Coeficiente de variação - Rendimento médio mensal real domiciliar per capita,%,Unidade da Federação,43,Rio Grande do Sul,2023,1.9,1.9
7395,4197,Coeficiente de variação - Rendimento médio mensal real domiciliar per capita,%,Unidade da Federação,43,Rio Grande do Sul,2024,2.1,2.1
7395,4197,Coeficiente de variação - Rendimento médio mensal real domiciliar per capita,%,Unidade da Federação,43,Rio Grande do Sul,2025,2.1,2.1
7395,4197,Coeficiente de variação - Rendimento médio mensal real domiciliar per capita,%,Unidade da Federação,50,Mato Grosso do Sul,2023,3.9,3.9
7395,4197,Coeficiente de variação - Rendimento médio mensal real domiciliar per capita,%,Unidade da Federação,50,Mato Grosso do Sul,2024,3.3,3.3
7395,4197,Coeficiente de variação - Rendimento médio mensal real domiciliar per capita,%,Unidade da Federação,50,Mato Grosso do Sul,2025,2.8,2.8
7395,4197,Coeficiente de variação - Rendimento médio mensal real domiciliar per capita,%,Unidade da Federação,51,Mato Grosso,2023,3.1,3.1
7395,4197,Coeficiente de variação - Rendimento médio mensal real domiciliar per capita,%,Unidade da Federação,51,Mato Grosso,2024,2.8,2.8
7395,4197,Coeficiente de variação - Rendimento médio mensal real domiciliar per capita,%,Unidade da Federação,51,Mato Grosso,2025,2.8,2.8
7395,4197,Coeficiente de variação - Rendimento médio mensal real domiciliar per capita,%,Unidade da Federação,52,Goiás,2023,2.8,2.8
7395,4197,Coeficiente de variação - Rendimento médio mensal real domiciliar per capita,%,Unidade da Federação,52,Goiás,2024,2.8,2.8
7395,4197,Coeficiente de variação - Rendimento médio mensal real domiciliar per capita,%,Unidade da Federação,52,Goiás,2025,3.2,3.2
7395,4197,Coeficiente de variação - Rendimento médio mensal real domiciliar per capita,%,Unidade da Federação,53,Distrito Federal,2023,4.9,4.9
7395,4197,Coeficiente de variação - Rendimento médio mensal real domiciliar per capita,%,Unidade da Federação,53,Distrito Federal,2024,5.6,5.6
7395,4197,Coeficiente de variação - Rendimento médio mensal real domiciliar per capita,%,Unidade da Federação,53,Distrito Federal,2025,5.0,5.0
7395,4197,Coeficiente de variação - Rendimento médio mensal real domiciliar per capita,%,Região Metropolitana até 2020,1301,Manaus - AM,2023,5.6,5.6
7395,4197,Coeficiente de variação - Rendimento médio mensal real domiciliar per capita,%,Região Metropolitana até 2020,1301,Manaus - AM,2024,5.0,5.0
7395,4197,Coeficiente de variação - Rendimento médio mensal real domiciliar per capita,%,Região Metropolitana até 2020,1301,Manaus - AM,2025,5.6,5.6
7395,4197,Coeficiente de variação - Rendimento médio mensal real domiciliar per capita,%,Região Metropolitana até 2020,1501,Belém - PA,2023,8.0,8.0
7395,4197,Coeficiente de variação - Rendimento médio mensal real domiciliar per capita,%,Região Metropolitana até 2020,1501,Belém - PA,2024,7.1,7.1
7395,4197,Coeficiente de variação - Rendimento médio mensal real domiciliar per capita,%,Região Metropolitana até 2020,1501,Belém - PA,2025,7.7,7.7
7395,4197,Coeficiente de variação - Rendimento médio mensal real domiciliar per capita,%,Região Metropolitana até 2020,1601,Macapá - AP,2023,7.0,7.0
7395,4197,Coeficiente de variação - Rendimento médio mensal real domiciliar per capita,%,Região Metropolitana até 2020,1601,Macapá - AP,2024,7.3,7.3
7395,4197,Coeficiente de variação - Rendimento médio mensal real domiciliar per capita,%,Região Metropolitana até 2020,1601,Macapá - AP,2025,9.6,9.6
7395,4197,Coeficiente de variação - Rendimento médio mensal real domiciliar per capita,%,Região Metropolitana até 2020,2101,Grande São Luís - MA,2023,5.5,5.5
7395,4197,Coeficiente de variação - Rendimento médio mensal real domiciliar per capita,%,Região Metropolitana até 2020,2101,Grande São Luís - MA,2024,6.6,6.6
7395,4197,Coeficiente de variação - Rendimento médio mensal real domiciliar per capita,%,Região Metropolitana até 2020,2101,Grande São Luís - MA,2025,5.4,5.4
7395,4197,Coeficiente de variação - Rendimento médio mensal real domiciliar per capita,%,Região Metropolitana até 2020,2301,Fortaleza - CE,2023,5.9,5.9
7395,4197,Coeficiente de variação - Rendimento médio mensal real domiciliar per capita,%,Região Metropolitana até 2020,2301,Fortaleza - CE,2024,4.6,4.6
7395,4197,Coeficiente de variação - Rendimento médio mensal real domiciliar per capita,%,Região Metropolitana até 2020,2301,Fortaleza - CE,2025,5.7,5.7
7395,4197,Coeficiente de variação - Rendimento médio mensal real domiciliar per capita,%,Região Metropolitana até 2020,2401,Natal - RN,2023,8.0,8.0
7395,4197,Coeficiente de variação - Rendimento médio mensal real domiciliar per capita,%,Região Metropolitana até 2020,2401,Natal - RN,2024,6.7,6.7
7395,4197,Coeficiente de variação - Rendimento médio mensal real domiciliar per capita,%,Região Metropolitana até 2020,2401,Natal - RN,2025,8.7,8.7
7395,4197,Coeficiente de variação - Rendimento médio mensal real domiciliar per capita,%,Região Metropolitana até 2020,2501,João Pessoa - PB,2023,9.5,9.5
7395,4197,Coeficiente de variação - Rendimento médio mensal real domiciliar per capita,%,Região Metropolitana até 2020,2501,João Pessoa - PB,2024,8.4,8.4
7395,4197,Coeficiente de variação - Rendimento médio mensal real domiciliar per capita,%,Região Metropolitana até 2020,2501,João Pessoa - PB,2025,7.9,7.9
7395,4197,Coeficiente de variação - Rendimento médio mensal real domiciliar per capita,%,Região Metropolitana até 2020,2601,Recife - PE,2023,6.2,6.2
7395,4197,Coeficiente de variação - Rendimento médio mensal real domiciliar per capita,%,Região Metropolitana até 2020,2601,Recife - PE,2024,7.2,7.2
7395,4197,Coeficiente de variação - Rendimento médio mensal real domiciliar per capita,%,Região Metropolitana até 2020,2601,Recife - PE,2025,5.2,5.2
7395,4197,Coeficiente de variação - Rendimento médio mensal real domiciliar per capita,%,Região Metropolitana até 2020,2701,Maceió - AL,2023,6.6,6.6
7395,4197,Coeficiente de variação - Rendimento médio mensal real domiciliar per capita,%,Região Metropolitana até 2020,2701,Maceió - AL,2024,6.5,6.5
7395,4197,Coeficiente de variação - Rendimento médio mensal real domiciliar per capita,%,Região Metropolitana até 2020,2701,Maceió - AL,2025,6.0,6.0
7395,4197,Coeficiente de variação - Rendimento médio mensal real domiciliar per capita,%,Região Metropolitana até 2020,2801,Aracaju - SE,2023,8.4,8.4
7395,4197,Coeficiente de variação - Rendimento médio mensal real domiciliar per capita,%,Região Metropolitana até 2020,2801,Aracaju - SE,2024,7.9,7.9
7395,4197,Coeficiente de variação - Rendimento médio mensal real domiciliar per capita,%,Região Metropolitana até 2020,2801,Aracaju - SE,2025,7.1,7.1
7395,4197,Coeficiente de variação - Rendimento médio mensal real domiciliar per capita,%,Região Metropolitana até 2020,2901,Salvador - BA,2023,6.8,6.8
7395,4197,Coeficiente de variação - Rendimento médio mensal real domiciliar per capita,%,Região Metropolitana até 2020,2901,Salvador - BA,2024,6.3,6.3
7395,4197,Coeficiente de variação - Rendimento médio mensal real domiciliar per capita,%,Região Metropolitana até 2020,2901,Salvador - BA,2025,4.8,4.8
7395,4197,Coeficiente de variação - Rendimento médio mensal real domiciliar per capita,%,Região Metropolitana até 2020,3101,Belo Horizonte - MG,2023,5.6,5.6
7395,4197,Coeficiente de variação - Rendimento médio mensal real domiciliar per capita,%,Região Metropolitana até 2020,3101,Belo Horizonte - MG,2024,5.0,5.0
7395,4197,Coeficiente de variação - Rendimento médio mensal real domiciliar per capita,%,Região Metropolitana até 2020,3101,Belo Horizonte - MG,2025,4.9,4.9
7395,4197,Coeficiente de variação - Rendimento médio mensal real domiciliar per capita,%,Região Metropolitana até 2020,3201,Grande Vitória - ES,2023,4.6,4.6
7395,4197,Coeficiente de variação - Rendimento médio mensal real domiciliar per capita,%,Região Metropolitana até 2020,3201,Grande Vitória - ES,2024,4.4,4.4
7395,4197,Coeficiente de variação - Rendimento médio mensal real domiciliar per capita,%,Região Metropolitana até 2020,3201,Grande Vitória - ES,2025,5.0,5.0
7395,4197,Coeficiente de variação - Rendimento médio mensal real domiciliar per capita,%,Região Metropolitana até 2020,3301,Rio de Janeiro - RJ,2023,2.9,2.9
7395,4197,Coeficiente de variação - Rendimento médio mensal real domiciliar per capita,%,Região Metropolitana até 2020,3301,Rio de Janeiro - RJ,2024,2.8,2.8
7395,4197,Coeficiente de variação - Rendimento médio mensal real domiciliar per capita,%,Região Metropolitana até 2020,3301,Rio de Janeiro - RJ,2025,3.9,3.9
7395,4197,Coeficiente de variação - Rendimento médio mensal real domiciliar per capita,%,Região Metropolitana até 2020,3501,São Paulo - SP,2023,4.0,4.0
7395,4197,Coeficiente de variação - Rendimento médio mensal real domiciliar per capita,%,Região Metropolitana até 2020,3501,São Paulo - SP,2024,3.8,3.8
7395,4197,Coeficiente de variação - Rendimento médio mensal real domiciliar per capita,%,Região Metropolitana até 2020,3501,São Paulo - SP,2025,3.5,3.5
7395,4197,Coeficiente de variação - Rendimento médio mensal real domiciliar per capita,%,Região Metropolitana até 2020,4101,Curitiba - PR,2023,3.6,3.6
7395,4197,Coeficiente de variação - Rendimento médio mensal real domiciliar per capita,%,Região Metropolitana até 2020,4101,Curitiba - PR,2024,3.8,3.8
7395,4197,Coeficiente de variação - Rendimento médio mensal real domiciliar per capita,%,Região Metropolitana até 2020,4101,Curitiba - PR,2025,4.8,4.8
7395,4197,Coeficiente de variação - Rendimento médio mensal real domiciliar per capita,%,Região Metropolitana até 2020,4201,Florianópolis - SC,2023,5.3,5.3
7395,4197,Coeficiente de variação - Rendimento médio mensal real domiciliar per capita,%,Região Metropolitana até 2020,4201,Florianópolis - SC,2024,4.6,4.6
7395,4197,Coeficiente de variação - Rendimento médio mensal real domiciliar per capita,%,Região Metropolitana até 2020,4201,Florianópolis - SC,2025,3.9,3.9
7395,4197,Coeficiente de variação - Rendimento médio mensal real domiciliar per capita,%,Região Metropolitana até 2020,4301,Porto Alegre - RS,2023,3.2,3.2
7395,4197,Coeficiente de variação - Rendimento médio mensal real domiciliar per capita,%,Região Metropolitana até 2020,4301,Porto Alegre - RS,2024,3.9,3.9
7395,4197,Coeficiente de variação - Rendimento médio mensal real domiciliar per capita,%,Região Metropolitana até 2020,4301,Porto Alegre - RS,2025,3.6,3.6
7395,4197,Coeficiente de variação - Rendimento médio mensal real domiciliar per capita,%,Região Metropolitana até 2020,5101,Vale do Rio Cuiabá - MT,2023,7.3,7.3
7395,4197,Coeficiente de variação - Rendimento médio mensal real domiciliar per capita,%,Região Metropolitana até 2020,5101,Vale do Rio Cuiabá - MT,2024,7.0,7.0
7395,4197,Coeficiente de variação - Rendimento médio mensal real domiciliar per capita,%,Região Metropolitana até 2020,5101,Vale do Rio Cuiabá - MT,2025,4.6,4.6
7395,4197,Coeficiente de variação - Rendimento médio mensal real domiciliar per capita,%,Região Metropolitana até 2020,5201,Goiânia - GO,2023,4.6,4.6
7395,4197,Coeficiente de variação - Rendimento médio mensal real domiciliar per capita,%,Região Metropolitana até 2020,5201,Goiânia - GO,2024,4.2,4.2
7395,4197,Coeficiente de variação - Rendimento médio mensal real domiciliar per capita,%,Região Metropolitana até 2020,5201,Goiânia - GO,2025,6.4,6.4
