recorte,capital,cbo,ocupacao,admissoes,salario_medio,salario_p25,salario_mediana,salario_p75,salario_medio_real,horas_mediana,amostra_pequena,periodo_competencia
todas as atividades,Aracaju,141510,Gerente de restaurante,55,2534.45,2000.0,2304.23,2993.27,2594.38,44.0,False,202508-202607
todas as atividades,Belo Horizonte,141510,Gerente de restaurante,729,2985.18,2037.27,2617.76,3500.0,3047.06,44.0,False,202508-202607
todas as atividades,Belém,141510,Gerente de restaurante,91,3211.63,1800.0,2420.0,3464.44,3300.29,44.0,False,202508-202607
todas as atividades,Boa Vista,141510,Gerente de restaurante,8,2620.56,2055.25,2350.0,2892.86,2687.01,44.0,True,202508-202607
todas as atividades,Brasília,141510,Gerente de restaurante,465,2452.64,1772.56,2200.0,2700.0,2511.07,44.0,False,202508-202607
todas as atividades,Campo Grande,141510,Gerente de restaurante,69,2988.95,2000.0,2508.0,3139.0,3051.75,44.0,False,202508-202607
todas as atividades,Cuiabá,141510,Gerente de restaurante,131,2942.49,2000.0,2618.0,3531.0,3006.28,44.0,False,202508-202607
todas as atividades,Curitiba,141510,Gerente de restaurante,577,3023.39,2200.0,2538.48,3500.0,3091.25,44.0,False,202508-202607
todas as atividades,Florianópolis,141510,Gerente de restaurante,163,2761.3,2146.0,2596.8,3000.0,2822.91,44.0,False,202508-202607
todas as atividades,Fortaleza,141510,Gerente de restaurante,243,2524.93,1800.0,2245.31,2804.36,2582.04,44.0,False,202508-202607
todas as atividades,Goiânia,141510,Gerente de restaurante,179,2657.38,2000.0,2496.0,2885.0,2718.65,44.0,False,202508-202607
todas as atividades,João Pessoa,141510,Gerente de restaurante,106,2507.07,2000.0,2360.52,2779.25,2564.37,44.0,False,202508-202607
todas as atividades,Macapá,141510,Gerente de restaurante,13,2270.16,1825.17,2194.0,2512.04,2324.03,44.0,True,202508-202607
todas as atividades,Maceió,141510,Gerente de restaurante,77,2716.41,1895.0,2500.0,3000.0,2782.22,44.0,False,202508-202607
todas as atividades,Manaus,141510,Gerente de restaurante,177,2593.4,1900.0,2393.92,3000.0,2649.33,44.0,False,202508-202607
todas as atividades,Natal,141510,Gerente de restaurante,53,2589.38,1715.0,2200.0,2890.0,2650.99,44.0,False,202508-202607
todas as atividades,Palmas,141510,Gerente de restaurante,19,2427.05,1747.0,2000.0,2663.93,2485.55,44.0,True,202508-202607
todas as atividades,Porto Alegre,141510,Gerente de restaurante,368,2907.64,2158.52,2600.0,3466.77,2974.53,44.0,False,202508-202607
todas as atividades,Porto Velho,141510,Gerente de restaurante,18,2387.77,1800.0,2000.0,3125.0,2438.75,44.0,True,202508-202607
todas as atividades,Recife,141510,Gerente de restaurante,239,3128.42,2000.0,2750.0,3795.63,3205.33,44.0,False,202508-202607
todas as atividades,Rio Branco,141510,Gerente de restaurante,13,2137.29,1621.0,1621.0,2500.0,2189.17,44.0,True,202508-202607
todas as atividades,Rio de Janeiro,141510,Gerente de restaurante,1378,2657.96,2000.0,2334.64,2983.0,2717.04,44.0,False,202508-202607
todas as atividades,Salvador,141510,Gerente de restaurante,168,2889.45,2000.0,2500.0,3268.79,2950.6,44.0,False,202508-202607
todas as atividades,São Luís,141510,Gerente de restaurante,66,2615.43,1928.1,2233.64,2988.95,2680.1,44.0,False,202508-202607
todas as atividades,São Paulo,141510,Gerente de restaurante,3136,3505.72,2532.2,3000.0,3981.9,3581.9,44.0,False,202508-202607
todas as atividades,Teresina,141510,Gerente de restaurante,33,2163.83,1675.0,2000.0,2325.95,2211.86,44.0,False,202508-202607
todas as atividades,Vitória,141510,Gerente de restaurante,156,3167.89,2294.23,2740.18,3990.25,3248.56,44.0,False,202508-202607
todas as atividades,Aracaju,141515,Gerente de bar,5,2616.0,2100.0,3000.0,3000.0,2692.54,44.0,True,202508-202607
todas as atividades,Belo Horizonte,141515,Gerente de bar,175,2511.88,2000.0,2285.8,2800.0,2565.82,44.0,False,202508-202607
todas as atividades,Belém,141515,Gerente de bar,24,1903.29,1606.49,1680.0,2000.0,1949.0,44.0,True,202508-202607
todas as atividades,Boa Vista,141515,Gerente de bar,6,1896.43,1715.75,2000.0,2053.47,1944.04,44.0,True,202508-202607
todas as atividades,Brasília,141515,Gerente de bar,89,2446.82,1800.0,2204.16,3027.08,2498.84,44.0,False,202508-202607
todas as atividades,Campo Grande,141515,Gerente de bar,20,2561.68,2000.0,2450.0,2850.0,2628.46,44.0,True,202508-202607
todas as atividades,Cuiabá,141515,Gerente de bar,10,2185.2,1740.0,2000.0,2567.5,2257.84,44.0,True,202508-202607
todas as atividades,Curitiba,141515,Gerente de bar,83,2532.75,2184.28,2500.0,2950.0,2591.16,44.0,False,202508-202607
todas as atividades,Florianópolis,141515,Gerente de bar,31,2443.59,2146.0,2269.4,2672.0,2501.44,44.0,False,202508-202607
todas as atividades,Fortaleza,141515,Gerente de bar,35,2227.45,1687.24,2000.0,2465.75,2278.95,44.0,False,202508-202607
todas as atividades,Goiânia,141515,Gerente de bar,70,2500.12,1762.5,2219.5,2857.15,2561.8,44.0,False,202508-202607
todas as atividades,João Pessoa,141515,Gerente de bar,18,2513.75,1925.0,2000.0,3000.0,2577.09,44.0,True,202508-202607
todas as atividades,Macapá,141515,Gerente de bar,1,3500.0,3500.0,3500.0,3500.0,3500.0,44.0,True,202508-202607
todas as atividades,Maceió,141515,Gerente de bar,9,2726.98,2024.0,2200.0,2980.0,2778.8,44.0,True,202508-202607
todas as atividades,Manaus,141515,Gerente de bar,26,2604.89,2125.0,2528.97,2923.08,2673.07,44.0,True,202508-202607
todas as atividades,Natal,141515,Gerente de bar,9,1973.25,1800.0,1800.0,2000.0,2032.37,44.0,True,202508-202607
todas as atividades,Palmas,141515,Gerente de bar,5,3060.0,3000.0,3000.0,3000.0,3118.72,44.0,True,202508-202607
todas as atividades,Porto Alegre,141515,Gerente de bar,69,2361.88,1930.0,2100.0,2700.0,2420.69,44.0,False,202508-202607
todas as atividades,Porto Velho,141515,Gerente de bar,7,2029.07,1730.5,1800.0,2160.75,2060.88,44.0,True,202508-202607
todas as atividades,Recife,141515,Gerente de bar,38,3338.74,2032.54,2500.0,2900.0,3429.62,44.0,False,202508-202607
todas as atividades,Rio Branco,141515,Gerente de bar,2,2332.22,2238.61,2332.22,2425.84,2375.52,44.0,True,202508-202607
todas as atividades,Rio de Janeiro,141515,Gerente de bar,344,2391.68,1900.0,2200.0,2742.7,2448.18,44.0,False,202508-202607
todas as atividades,Salvador,141515,Gerente de bar,20,3001.52,2500.0,2640.86,3525.0,3061.72,44.0,True,202508-202607
todas as atividades,São Luís,141515,Gerente de bar,8,1972.61,1740.54,1793.65,2125.0,2026.18,44.0,True,202508-202607
todas as atividades,São Paulo,141515,Gerente de bar,666,3226.15,2424.9,3000.0,3650.0,3300.71,44.0,False,202508-202607
todas as atividades,Teresina,141515,Gerente de bar,5,2027.81,1675.0,1796.05,2100.0,2086.41,44.0,True,202508-202607
todas as atividades,Vitória,141515,Gerente de bar,13,2644.05,1974.78,2500.0,2900.0,2706.39,44.0,True,202508-202607
todas as atividades,Aracaju,371410,Recreador,54,1648.97,1593.9,1621.0,1706.6,1682.09,44.0,False,202508-202607
todas as atividades,Belo Horizonte,371410,Recreador,1045,2137.28,1800.0,1958.01,2622.4,2181.77,44.0,False,202508-202607
todas as atividades,Belém,371410,Recreador,65,1706.48,1553.2,1621.0,1728.0,1752.42,44.0,False,202508-202607
todas as atividades,Boa Vista,371410,Recreador,60,1623.51,1586.31,1621.0,1621.0,1655.59,44.0,False,202508-202607
todas as atividades,Brasília,371410,Recreador,1889,1866.78,1656.0,1767.97,2001.05,1907.89,44.0,False,202508-202607
todas as atividades,Campo Grande,371410,Recreador,148,1760.76,1600.0,1691.2,1800.0,1803.48,44.0,False,202508-202607
todas as atividades,Cuiabá,371410,Recreador,136,2128.49,1633.46,1805.25,2598.53,2176.99,44.0,False,202508-202607
todas as atividades,Curitiba,371410,Recreador,141,2029.47,1828.0,1996.0,2166.0,2078.49,44.0,False,202508-202607
todas as atividades,Florianópolis,371410,Recreador,138,2249.88,2000.0,2146.0,2166.0,2308.07,44.0,False,202508-202607
todas as atividades,Fortaleza,371410,Recreador,361,1695.52,1568.09,1621.0,1674.49,1736.41,44.0,False,202508-202607
todas as atividades,Goiânia,371410,Recreador,436,1755.98,1635.87,1682.42,1760.0,1796.27,44.0,False,202508-202607
todas as atividades,João Pessoa,371410,Recreador,137,1763.19,1621.0,1700.0,1722.3,1794.63,44.0,False,202508-202607
todas as atividades,Macapá,371410,Recreador,5,1621.0,1621.0,1621.0,1621.0,1651.29,44.0,True,202508-202607
todas as atividades,Maceió,371410,Recreador,139,1736.58,1621.0,1695.0,1842.22,1781.08,44.0,False,202508-202607
todas as atividades,Manaus,371410,Recreador,158,1643.7,1621.0,1621.0,1621.0,1668.58,40.0,False,202508-202607
todas as atividades,Natal,371410,Recreador,206,1657.28,1590.0,1621.0,1691.44,1696.37,44.0,False,202508-202607
todas as atividades,Palmas,371410,Recreador,62,1741.3,1600.0,1700.0,1786.58,1780.52,44.0,False,202508-202607
todas as atividades,Porto Alegre,371410,Recreador,274,2186.55,1837.83,1949.0,2304.0,2239.67,44.0,False,202508-202607
todas as atividades,Porto Velho,371410,Recreador,35,1648.99,1598.0,1621.0,1706.5,1689.44,44.0,False,202508-202607
todas as atividades,Recife,371410,Recreador,150,1695.18,1651.8,1700.0,1724.89,1731.29,44.0,False,202508-202607
todas as atividades,Rio Branco,371410,Recreador,27,1615.72,1518.0,1598.0,1706.5,1655.19,44.0,True,202508-202607
todas as atividades,Rio de Janeiro,371410,Recreador,809,1764.7,1621.0,1690.5,1800.0,1802.15,44.0,False,202508-202607
todas as atividades,Salvador,371410,Recreador,84,1780.54,1621.0,1653.75,1722.04,1824.27,44.0,False,202508-202607
todas as atividades,São Luís,371410,Recreador,67,1694.64,1647.06,1665.59,1787.3,1731.76,44.0,False,202508-202607
todas as atividades,São Paulo,371410,Recreador,1502,2079.93,1826.59,2000.0,2209.14,2127.72,44.0,False,202508-202607
todas as atividades,Teresina,371410,Recreador,90,1638.29,1568.0,1600.0,1675.0,1679.95,44.0,False,202508-202607
todas as atividades,Vitória,371410,Recreador,52,1685.99,1642.75,1702.05,1705.0,1713.57,44.0,False,202508-202607
todas as atividades,Aracaju,421125,Operador de caixa,1826,1654.78,1621.0,1635.0,1660.0,1693.85,44.0,False,202508-202607
todas as atividades,Belo Horizonte,421125,Operador de caixa,16764,1761.79,1720.0,1720.0,1836.79,1802.69,44.0,False,202508-202607
todas as atividades,Belém,421125,Operador de caixa,3354,1708.87,1621.0,1670.0,1802.72,1750.4,44.0,False,202508-202607
todas as atividades,Boa Vista,421125,Operador de caixa,2245,1607.58,1601.49,1621.0,1621.0,1643.12,44.0,False,202508-202607
todas as atividades,Brasília,421125,Operador de caixa,13564,1659.59,1621.0,1639.44,1700.0,1696.63,44.0,False,202508-202607
todas as atividades,Campo Grande,421125,Operador de caixa,4056,1774.47,1665.0,1756.0,1831.0,1816.15,44.0,False,202508-202607
todas as atividades,Cuiabá,421125,Operador de caixa,4505,1733.23,1615.0,1720.0,1800.0,1773.02,44.0,False,202508-202607
todas as atividades,Curitiba,421125,Operador de caixa,14090,1917.47,1711.0,1927.02,2058.0,1962.76,44.0,False,202508-202607
todas as atividades,Florianópolis,421125,Operador de caixa,4101,2222.49,2127.0,2255.0,2256.0,2276.96,44.0,False,202508-202607
todas as atividades,Fortaleza,421125,Operador de caixa,8674,1645.5,1594.11,1635.0,1672.22,1682.31,44.0,False,202508-202607
todas as atividades,Goiânia,421125,Operador de caixa,9832,1703.22,1615.0,1653.75,1747.59,1742.63,44.0,False,202508-202607
todas as atividades,João Pessoa,421125,Operador de caixa,2766,1679.64,1675.0,1685.0,1700.0,1718.61,44.0,False,202508-202607
todas as atividades,Macapá,421125,Operador de caixa,1200,1623.48,1518.0,1621.0,1621.0,1660.42,44.0,False,202508-202607
todas as atividades,Maceió,421125,Operador de caixa,2670,1623.27,1553.0,1622.73,1660.0,1661.62,44.0,False,202508-202607
todas as atividades,Manaus,421125,Operador de caixa,5961,1617.31,1550.0,1621.0,1650.0,1654.76,44.0,False,202508-202607
todas as atividades,Natal,421125,Operador de caixa,2350,1604.89,1565.0,1621.0,1621.0,1641.48,44.0,False,202508-202607
todas as atividades,Palmas,421125,Operador de caixa,2474,1676.94,1621.0,1677.0,1677.0,1714.96,44.0,False,202508-202607
todas as atividades,Porto Alegre,421125,Operador de caixa,9177,1888.16,1812.95,1916.0,1916.0,1933.11,44.0,False,202508-202607
todas as atividades,Porto Velho,421125,Operador de caixa,1910,1716.43,1679.0,1700.0,1773.0,1755.25,44.0,False,202508-202607
todas as atividades,Recife,421125,Operador de caixa,3683,1706.22,1651.0,1715.77,1740.0,1746.56,44.0,False,202508-202607
todas as atividades,Rio Branco,421125,Operador de caixa,747,1644.27,1518.0,1621.0,1700.0,1681.52,44.0,False,202508-202607
todas as atividades,Rio de Janeiro,421125,Operador de caixa,21045,1753.95,1650.0,1768.81,1810.0,1794.71,44.0,False,202508-202607
todas as atividades,Salvador,421125,Operador de caixa,4770,1701.27,1621.0,1700.0,1704.0,1740.97,44.0,False,202508-202607
todas as atividades,São Luís,421125,Operador de caixa,2222,1691.3,1621.0,1686.14,1787.3,1730.77,44.0,False,202508-202607
todas as atividades,São Paulo,421125,Operador de caixa,42324,2075.84,1976.0,2100.0,2120.0,2123.96,44.0,False,202508-202607
todas as atividades,Teresina,421125,Operador de caixa,1957,1671.89,1631.7,1661.91,1728.39,1709.05,44.0,False,202508-202607
todas as atividades,Vitória,421125,Operador de caixa,2247,1726.57,1650.0,1674.75,1828.6,1764.04,44.0,False,202508-202607
todas as atividades,Aracaju,513205,Cozinheiro geral,775,1813.44,1621.0,1680.0,1900.0,1854.62,44.0,False,202508-202607
todas as atividades,Belo Horizonte,513205,Cozinheiro geral,5382,2018.61,1737.59,1944.38,2200.0,2063.43,44.0,False,202508-202607
todas as atividades,Belém,513205,Cozinheiro geral,2441,1729.96,1621.0,1650.0,1694.62,1770.62,44.0,False,202508-202607
todas as atividades,Boa Vista,513205,Cozinheiro geral,255,1777.4,1600.0,1621.0,1786.3,1816.38,44.0,False,202508-202607
todas as atividades,Brasília,513205,Cozinheiro geral,5307,1992.88,1702.0,1792.86,2126.2,2036.03,44.0,False,202508-202607
todas as atividades,Campo Grande,513205,Cozinheiro geral,1001,1942.47,1651.0,1830.0,2100.0,1985.94,44.0,False,202508-202607
todas as atividades,Cuiabá,513205,Cozinheiro geral,1233,1899.49,1645.0,1741.5,2000.0,1941.92,44.0,False,202508-202607
todas as atividades,Curitiba,513205,Cozinheiro geral,7295,2011.09,1782.73,1900.0,2166.0,2055.38,44.0,False,202508-202607
todas as atividades,Florianópolis,513205,Cozinheiro geral,2205,2216.79,1978.0,2146.0,2317.0,2268.04,44.0,False,202508-202607
todas as atividades,Fortaleza,513205,Cozinheiro geral,4935,1737.03,1621.0,1655.52,1767.93,1784.19,44.0,False,202508-202607
todas as atividades,Goiânia,513205,Cozinheiro geral,2472,2022.6,1635.87,1854.62,2288.0,2068.95,44.0,False,202508-202607
todas as atividades,João Pessoa,513205,Cozinheiro geral,2187,1712.55,1600.0,1638.39,1700.0,1756.52,44.0,False,202508-202607
todas as atividades,Macapá,513205,Cozinheiro geral,421,1758.07,1621.0,1621.0,1889.35,1789.26,44.0,False,202508-202607
todas as atividades,Maceió,513205,Cozinheiro geral,898,1848.64,1621.43,1695.0,1900.0,1892.38,44.0,False,202508-202607
todas as atividades,Manaus,513205,Cozinheiro geral,1660,1814.99,1621.0,1765.0,1860.0,1855.56,44.0,False,202508-202607
todas as atividades,Natal,513205,Cozinheiro geral,1287,1753.85,1607.81,1653.0,1720.36,1794.66,44.0,False,202508-202607
todas as atividades,Palmas,513205,Cozinheiro geral,855,1851.38,1793.0,1850.0,1850.0,1892.47,44.0,False,202508-202607
todas as atividades,Porto Alegre,513205,Cozinheiro geral,3415,1924.36,1770.0,1850.0,2035.74,1968.72,44.0,False,202508-202607
todas as atividades,Porto Velho,513205,Cozinheiro geral,368,1822.12,1621.0,1706.5,1850.82,1866.02,44.0,False,202508-202607
todas as atividades,Recife,513205,Cozinheiro geral,2717,1786.75,1638.39,1700.0,1826.27,1825.96,44.0,False,202508-202607
todas as atividades,Rio Branco,513205,Cozinheiro geral,502,1729.48,1642.0,1657.48,1790.07,1756.82,44.0,False,202508-202607
todas as atividades,Rio de Janeiro,513205,Cozinheiro geral,10737,1945.75,1626.28,1810.0,2112.11,1990.38,44.0,False,202508-202607
todas as atividades,Salvador,513205,Cozinheiro geral,3709,1743.43,1621.0,1683.84,1800.0,1782.03,44.0,False,202508-202607
todas as atividades,São Luís,513205,Cozinheiro geral,1179,1713.8,1570.0,1665.59,1750.0,1759.93,44.0,False,202508-202607
todas as atividades,São Paulo,513205,Cozinheiro geral,28853,2242.3,1850.0,2092.54,2500.0,2293.17,44.0,False,202508-202607
todas as atividades,Teresina,513205,Cozinheiro geral,708,1715.23,1570.0,1675.0,1708.02,1754.4,44.0,False,202508-202607
todas as atividades,Vitória,513205,Cozinheiro geral,1028,2097.21,1749.0,2038.65,2364.49,2144.67,44.0,False,202508-202607
todas as atividades,Aracaju,513405,Garçom,674,1627.45,1560.0,1621.0,1661.0,1667.65,44.0,False,202508-202607
todas as atividades,Belo Horizonte,513405,Garçom,3032,1765.98,1623.94,1738.0,1750.0,1806.36,44.0,False,202508-202607
todas as atividades,Belém,513405,Garçom,798,1653.73,1580.0,1621.0,1680.0,1698.86,44.0,False,202508-202607
todas as atividades,Boa Vista,513405,Garçom,252,1615.57,1586.31,1621.0,1621.0,1655.8,44.0,False,202508-202607
todas as atividades,Brasília,513405,Garçom,4259,1824.32,1639.44,1750.68,1750.68,1866.2,44.0,False,202508-202607
todas as atividades,Campo Grande,513405,Garçom,708,1756.2,1621.0,1691.2,1842.54,1794.94,44.0,False,202508-202607
todas as atividades,Cuiabá,513405,Garçom,656,1670.08,1570.0,1621.0,1676.0,1710.24,44.0,False,202508-202607
todas as atividades,Curitiba,513405,Garçom,2751,1979.38,1828.0,1900.0,2068.0,2023.95,44.0,False,202508-202607
todas as atividades,Florianópolis,513405,Garçom,2007,2104.41,1978.0,2095.0,2146.0,2158.22,44.0,False,202508-202607
todas as atividades,Fortaleza,513405,Garçom,2439,1645.35,1563.54,1658.28,1674.49,1683.36,44.0,False,202508-202607
todas as atividades,Goiânia,513405,Garçom,2450,1720.86,1635.87,1635.87,1750.0,1759.73,44.0,False,202508-202607
todas as atividades,João Pessoa,513405,Garçom,1325,1626.61,1563.0,1621.0,1660.0,1662.91,44.0,False,202508-202607
todas as atividades,Macapá,513405,Garçom,214,1882.14,1580.0,1621.0,1687.28,1933.37,44.0,False,202508-202607
todas as atividades,Maceió,513405,Garçom,944,1702.2,1580.0,1695.0,1695.0,1743.25,44.0,False,202508-202607
todas as atividades,Manaus,513405,Garçom,880,1638.85,1593.9,1621.0,1621.0,1676.3,44.0,False,202508-202607
todas as atividades,Natal,513405,Garçom,829,1638.73,1615.0,1621.0,1678.0,1678.49,44.0,False,202508-202607
todas as atividades,Palmas,513405,Garçom,386,1739.6,1626.0,1731.04,1747.0,1774.83,44.0,False,202508-202607
todas as atividades,Porto Alegre,513405,Garçom,2172,1865.09,1770.85,1804.0,1930.0,1908.1,44.0,False,202508-202607
todas as atividades,Porto Velho,513405,Garçom,171,1678.84,1598.0,1688.0,1706.5,1713.79,44.0,False,202508-202607
todas as atividades,Recife,513405,Garçom,1601,1685.09,1651.8,1700.0,1700.0,1726.75,44.0,False,202508-202607
todas as atividades,Rio Branco,513405,Garçom,159,1633.0,1518.0,1621.0,1678.74,1668.89,44.0,False,202508-202607
todas as atividades,Rio de Janeiro,513405,Garçom,8327,1778.26,1658.8,1658.8,1753.0,1819.4,44.0,False,202508-202607
todas as atividades,Salvador,513405,Garçom,1911,1643.38,1625.09,1625.09,1646.0,1682.59,44.0,False,202508-202607
todas as atividades,São Luís,513405,Garçom,526,1720.97,1665.59,1665.59,1685.86,1763.75,44.0,False,202508-202607
todas as atividades,São Paulo,513405,Garçom,15212,2107.28,1805.06,2070.51,2237.0,2155.91,44.0,False,202508-202607
todas as atividades,Teresina,513405,Garçom,699,1656.5,1568.0,1675.0,1675.0,1694.01,44.0,False,202508-202607
todas as atividades,Vitória,513405,Garçom,786,1779.1,1647.29,1705.0,1840.4,1818.16,44.0,False,202508-202607
todas as atividades,Aracaju,513415,Cumim,217,1609.06,1560.0,1621.0,1633.89,1646.32,44.0,False,202508-202607
todas as atividades,Belo Horizonte,513415,Cumim,598,1701.46,1621.0,1697.0,1738.0,1742.1,44.0,False,202508-202607
todas as atividades,Belém,513415,Cumim,400,1608.36,1518.0,1615.32,1621.0,1654.42,44.0,False,202508-202607
todas as atividades,Boa Vista,513415,Cumim,112,1605.33,1586.31,1621.0,1621.0,1645.07,44.0,False,202508-202607
todas as atividades,Brasília,513415,Cumim,1992,1718.81,1639.44,1750.68,1750.68,1756.91,44.0,False,202508-202607
todas as atividades,Campo Grande,513415,Cumim,150,1684.25,1600.0,1691.2,1691.2,1718.99,44.0,False,202508-202607
todas as atividades,Cuiabá,513415,Cumim,173,1655.64,1570.0,1621.0,1676.0,1692.25,44.0,False,202508-202607
todas as atividades,Curitiba,513415,Cumim,426,1870.6,1828.0,1900.0,1955.37,1913.31,44.0,False,202508-202607
todas as atividades,Florianópolis,513415,Cumim,141,2052.21,1978.0,1978.0,2146.0,2107.09,44.0,False,202508-202607
todas as atividades,Fortaleza,513415,Cumim,1109,1624.32,1563.54,1658.28,1674.49,1662.71,44.0,False,202508-202607
todas as atividades,Goiânia,513415,Cumim,848,1711.32,1635.87,1635.87,1750.0,1749.03,44.0,False,202508-202607
todas as atividades,João Pessoa,513415,Cumim,571,1601.06,1563.0,1621.0,1621.0,1641.29,44.0,False,202508-202607
todas as atividades,Macapá,513415,Cumim,35,1586.41,1518.0,1621.0,1621.0,1616.26,44.0,False,202508-202607
todas as atividades,Maceió,513415,Cumim,494,1663.08,1580.0,1695.0,1695.0,1704.5,44.0,False,202508-202607
todas as atividades,Manaus,513415,Cumim,462,1605.91,1593.9,1621.0,1621.0,1641.64,44.0,False,202508-202607
todas as atividades,Natal,513415,Cumim,535,1650.02,1595.0,1621.0,1664.85,1688.86,44.0,False,202508-202607
todas as atividades,Palmas,513415,Cumim,83,1731.23,1606.0,1725.0,1725.0,1766.06,44.0,False,202508-202607
todas as atividades,Porto Alegre,513415,Cumim,205,1815.4,1770.85,1770.85,1850.0,1857.82,44.0,False,202508-202607
todas as atividades,Porto Velho,513415,Cumim,68,1657.12,1598.0,1637.0,1706.5,1686.54,44.0,False,202508-202607
todas as atividades,Recife,513415,Cumim,932,1682.08,1651.8,1700.0,1700.0,1719.21,44.0,False,202508-202607
todas as atividades,Rio Branco,513415,Cumim,67,1625.45,1598.0,1621.0,1706.5,1661.5,44.0,False,202508-202607
todas as atividades,Rio de Janeiro,513415,Cumim,3623,1702.05,1658.8,1658.8,1733.45,1741.05,44.0,False,202508-202607
todas as atividades,Salvador,513415,Cumim,672,1629.41,1625.09,1625.09,1625.09,1669.52,44.0,False,202508-202607
todas as atividades,São Luís,513415,Cumim,161,1706.4,1665.59,1665.59,1665.59,1748.33,44.0,False,202508-202607
todas as atividades,São Paulo,513415,Cumim,5377,1918.61,1804.0,1804.0,2001.61,1961.63,44.0,False,202508-202607
todas as atividades,Teresina,513415,Cumim,165,1633.84,1568.0,1675.0,1675.0,1671.54,44.0,False,202508-202607
todas as atividades,Vitória,513415,Cumim,166,1668.54,1590.0,1705.0,1705.0,1709.81,44.0,False,202508-202607
todas as atividades,Aracaju,513420,Barman,168,1739.5,1560.0,1650.0,1800.0,1783.58,44.0,False,202508-202607
todas as atividades,Belo Horizonte,513420,Barman,451,1845.08,1650.0,1738.0,2000.0,1888.45,44.0,False,202508-202607
todas as atividades,Belém,513420,Barman,218,1714.29,1580.0,1621.0,1680.0,1760.36,44.0,False,202508-202607
todas as atividades,Boa Vista,513420,Barman,40,1627.37,1586.31,1593.16,1621.0,1671.96,44.0,False,202508-202607
todas as atividades,Brasília,513420,Barman,825,1739.79,1639.44,1750.68,1750.68,1776.69,44.0,False,202508-202607
todas as atividades,Campo Grande,513420,Barman,164,1732.32,1600.0,1691.2,1800.0,1774.16,44.0,False,202508-202607
todas as atividades,Cuiabá,513420,Barman,171,1791.13,1621.0,1676.0,1853.55,1828.09,44.0,False,202508-202607
todas as atividades,Curitiba,513420,Barman,484,2015.99,1828.0,1925.77,2100.0,2063.45,44.0,False,202508-202607
todas as atividades,Florianópolis,513420,Barman,340,2158.47,1978.0,2146.0,2183.0,2211.18,44.0,False,202508-202607
todas as atividades,Fortaleza,513420,Barman,663,1682.24,1563.6,1674.49,1674.49,1720.85,44.0,False,202508-202607
todas as atividades,Goiânia,513420,Barman,635,1812.35,1635.87,1750.0,1890.0,1853.15,44.0,False,202508-202607
todas as atividades,João Pessoa,513420,Barman,263,1664.89,1563.0,1621.0,1665.0,1705.0,44.0,False,202508-202607
todas as atividades,Macapá,513420,Barman,47,1622.91,1580.0,1621.0,1621.0,1653.57,44.0,False,202508-202607
todas as atividades,Maceió,513420,Barman,232,1756.91,1580.0,1695.0,1695.0,1799.42,44.0,False,202508-202607
todas as atividades,Manaus,513420,Barman,241,1654.39,1593.9,1621.0,1621.0,1690.45,44.0,False,202508-202607
todas as atividades,Natal,513420,Barman,192,1672.56,1615.0,1649.33,1715.0,1712.44,44.0,False,202508-202607
todas as atividades,Palmas,513420,Barman,99,1716.33,1606.0,1725.0,1725.0,1750.89,44.0,False,202508-202607
todas as atividades,Porto Alegre,513420,Barman,295,1905.34,1770.85,1831.0,1930.0,1953.31,44.0,False,202508-202607
todas as atividades,Porto Velho,513420,Barman,65,1681.71,1598.0,1688.0,1706.5,1720.74,44.0,False,202508-202607
todas as atividades,Recife,513420,Barman,450,1749.66,1651.8,1700.0,1746.66,1789.36,44.0,False,202508-202607
todas as atividades,Rio Branco,513420,Barman,35,1637.74,1598.0,1621.0,1706.5,1672.72,44.0,False,202508-202607
todas as atividades,Rio de Janeiro,513420,Barman,1824,1869.07,1768.67,1769.0,1881.0,1910.27,44.0,False,202508-202607
todas as atividades,Salvador,513420,Barman,408,1719.28,1625.09,1625.09,1757.69,1761.46,44.0,False,202508-202607
todas as atividades,São Luís,513420,Barman,105,1716.65,1665.59,1665.59,1665.9,1759.18,44.0,False,202508-202607
todas as atividades,São Paulo,513420,Barman,2988,2131.89,1804.0,2022.09,2350.38,2180.0,44.0,False,202508-202607
todas as atividades,Teresina,513420,Barman,130,1647.37,1568.0,1675.0,1675.0,1685.37,44.0,False,202508-202607
todas as atividades,Vitória,513420,Barman,117,1795.25,1705.0,1732.94,1852.23,1834.97,44.0,False,202508-202607
todas as atividades,Aracaju,513435,Atendente de lanchonete,1475,1606.82,1560.0,1621.0,1621.0,1642.38,44.0,False,202508-202607
todas as atividades,Belo Horizonte,513435,Atendente de lanchonete,11836,1703.77,1609.94,1697.0,1791.33,1739.95,44.0,False,202508-202607
todas as atividades,Belém,513435,Atendente de lanchonete,2723,1615.84,1580.0,1621.0,1633.11,1654.33,44.0,False,202508-202607
todas as atividades,Boa Vista,513435,Atendente de lanchonete,547,1617.63,1600.0,1621.0,1621.0,1654.23,44.0,False,202508-202607
todas as atividades,Brasília,513435,Atendente de lanchonete,13662,1689.86,1639.44,1655.0,1750.68,1727.11,44.0,False,202508-202607
todas as atividades,Campo Grande,513435,Atendente de lanchonete,2823,1697.39,1600.0,1651.6,1700.0,1735.99,44.0,False,202508-202607
todas as atividades,Cuiabá,513435,Atendente de lanchonete,2386,1654.32,1570.0,1621.0,1676.0,1692.43,44.0,False,202508-202607
todas as atividades,Curitiba,513435,Atendente de lanchonete,9598,1908.01,1828.0,1828.0,2000.0,1952.27,44.0,False,202508-202607
todas as atividades,Florianópolis,513435,Atendente de lanchonete,3748,2066.6,1978.0,2048.46,2146.0,2114.37,44.0,False,202508-202607
todas as atividades,Fortaleza,513435,Atendente de lanchonete,5196,1618.3,1563.54,1621.0,1658.3,1653.96,44.0,False,202508-202607
todas as atividades,Goiânia,513435,Atendente de lanchonete,7267,1707.01,1635.87,1635.87,1750.0,1745.52,44.0,False,202508-202607
todas as atividades,João Pessoa,513435,Atendente de lanchonete,3144,1623.21,1563.0,1621.0,1665.0,1659.61,44.0,False,202508-202607
todas as atividades,Macapá,513435,Atendente de lanchonete,463,1631.87,1518.0,1621.0,1621.0,1666.8,44.0,False,202508-202607
todas as atividades,Maceió,513435,Atendente de lanchonete,2048,1635.23,1580.0,1621.0,1695.0,1672.48,44.0,False,202508-202607
todas as atividades,Manaus,513435,Atendente de lanchonete,3935,1622.72,1593.9,1621.0,1621.0,1659.35,44.0,False,202508-202607
todas as atividades,Natal,513435,Atendente de lanchonete,1398,1620.29,1595.0,1621.0,1639.0,1654.97,44.0,False,202508-202607
todas as atividades,Palmas,513435,Atendente de lanchonete,925,1681.68,1606.0,1677.0,1725.0,1719.19,44.0,False,202508-202607
todas as atividades,Porto Alegre,513435,Atendente de lanchonete,5780,1809.25,1770.85,1770.85,1850.0,1849.85,44.0,False,202508-202607
todas as atividades,Porto Velho,513435,Atendente de lanchonete,914,1648.92,1598.0,1621.0,1706.5,1687.34,44.0,False,202508-202607
todas as atividades,Recife,513435,Atendente de lanchonete,4121,1657.48,1622.73,1656.03,1700.0,1696.7,44.0,False,202508-202607
todas as atividades,Rio Branco,513435,Atendente de lanchonete,651,1627.52,1518.0,1621.0,1646.96,1663.65,44.0,False,202508-202607
todas as atividades,Rio de Janeiro,513435,Atendente de lanchonete,19889,1670.16,1560.0,1629.1,1783.19,1706.64,44.0,False,202508-202607
todas as atividades,Salvador,513435,Atendente de lanchonete,3863,1624.1,1621.0,1625.09,1636.96,1660.34,44.0,False,202508-202607
todas as atividades,São Luís,513435,Atendente de lanchonete,1469,1658.37,1648.0,1665.59,1665.59,1697.7,44.0,False,202508-202607
todas as atividades,São Paulo,513435,Atendente de lanchonete,52570,1881.42,1621.0,1804.0,2070.51,1923.27,44.0,False,202508-202607
todas as atividades,Teresina,513435,Atendente de lanchonete,1243,1636.79,1568.0,1647.57,1675.0,1674.37,44.0,False,202508-202607
todas as atividades,Vitória,513435,Atendente de lanchonete,1954,1690.44,1590.0,1700.5,1705.0,1728.6,44.0,False,202508-202607
todas as atividades,Aracaju,513505,Auxiliar nos serviços de alimentação,1667,1639.57,1560.0,1621.0,1670.0,1677.17,44.0,False,202508-202607
todas as atividades,Belo Horizonte,513505,Auxiliar nos serviços de alimentação,11035,1748.47,1649.12,1700.0,1800.0,1786.25,44.0,False,202508-202607
todas as atividades,Belém,513505,Auxiliar nos serviços de alimentação,2462,1641.57,1560.0,1621.0,1680.0,1682.52,44.0,False,202508-202607
todas as atividades,Boa Vista,513505,Auxiliar nos serviços de alimentação,977,1629.36,1586.31,1621.0,1621.0,1666.59,44.0,False,202508-202607
todas as atividades,Brasília,513505,Auxiliar nos serviços de alimentação,11080,1732.73,1639.44,1700.0,1750.68,1771.43,44.0,False,202508-202607
todas as atividades,Campo Grande,513505,Auxiliar nos serviços de alimentação,3644,1752.39,1621.0,1691.2,1800.0,1789.81,44.0,False,202508-202607
todas as atividades,Cuiabá,513505,Auxiliar nos serviços de alimentação,2825,1711.11,1615.0,1676.0,1732.94,1748.37,44.0,False,202508-202607
todas as atividades,Curitiba,513505,Auxiliar nos serviços de alimentação,12018,1920.74,1828.0,1864.85,2002.0,1964.98,44.0,False,202508-202607
todas as atividades,Florianópolis,513505,Auxiliar nos serviços de alimentação,4535,2131.11,1978.0,2146.0,2200.0,2181.46,44.0,False,202508-202607
todas as atividades,Fortaleza,513505,Auxiliar nos serviços de alimentação,7056,1643.22,1563.54,1653.42,1674.49,1680.14,44.0,False,202508-202607
todas as atividades,Goiânia,513505,Auxiliar nos serviços de alimentação,6482,1752.7,1635.87,1700.0,1800.0,1791.97,44.0,False,202508-202607
todas as atividades,João Pessoa,513505,Auxiliar nos serviços de alimentação,2705,1631.34,1563.0,1621.0,1665.0,1668.53,44.0,False,202508-202607
todas as atividades,Macapá,513505,Auxiliar nos serviços de alimentação,848,1643.68,1580.0,1621.0,1621.0,1675.78,44.0,False,202508-202607
todas as atividades,Maceió,513505,Auxiliar nos serviços de alimentação,2247,1665.06,1580.0,1695.0,1695.0,1703.46,44.0,False,202508-202607
todas as atividades,Manaus,513505,Auxiliar nos serviços de alimentação,5373,1661.0,1600.0,1621.0,1731.09,1698.32,44.0,False,202508-202607
todas as atividades,Natal,513505,Auxiliar nos serviços de alimentação,2480,1628.18,1595.0,1621.0,1653.0,1665.33,44.0,False,202508-202607
todas as atividades,Palmas,513505,Auxiliar nos serviços de alimentação,1137,1706.79,1606.0,1677.0,1725.0,1745.79,44.0,False,202508-202607
todas as atividades,Porto Alegre,513505,Auxiliar nos serviços de alimentação,8663,1863.12,1770.85,1872.0,1916.0,1905.48,44.0,False,202508-202607
todas as atividades,Porto Velho,513505,Auxiliar nos serviços de alimentação,1131,1688.56,1598.0,1700.0,1731.09,1723.69,44.0,False,202508-202607
todas as atividades,Recife,513505,Auxiliar nos serviços de alimentação,5077,1676.47,1638.39,1668.0,1700.0,1713.67,44.0,False,202508-202607
todas as atividades,Rio Branco,513505,Auxiliar nos serviços de alimentação,742,1662.68,1602.5,1621.0,1706.5,1698.66,44.0,False,202508-202607
todas as atividades,Rio de Janeiro,513505,Auxiliar nos serviços de alimentação,19572,1742.48,1621.0,1706.84,1810.0,1780.63,44.0,False,202508-202607
todas as atividades,Salvador,513505,Auxiliar nos serviços de alimentação,4942,1664.27,1621.0,1625.09,1700.0,1700.78,44.0,False,202508-202607
todas as atividades,São Luís,513505,Auxiliar nos serviços de alimentação,1859,1680.59,1665.29,1665.59,1670.0,1718.48,44.0,False,202508-202607
todas as atividades,São Paulo,513505,Auxiliar nos serviços de alimentação,57514,2014.14,1810.0,1972.38,2125.85,2059.46,44.0,False,202508-202607
todas as atividades,Teresina,513505,Auxiliar nos serviços de alimentação,1553,1647.13,1570.0,1653.96,1675.0,1684.46,44.0,False,202508-202607
todas as atividades,Vitória,513505,Auxiliar nos serviços de alimentação,2271,1754.67,1640.0,1705.0,1800.0,1795.19,44.0,False,202508-202607
todas as atividades,Aracaju,514320,Faxineiro,3230,1606.43,1560.0,1621.0,1623.22,1641.84,44.0,False,202508-202607
todas as atividades,Belo Horizonte,514320,Faxineiro,35518,1730.93,1649.12,1715.99,1772.8,1768.04,44.0,False,202508-202607
todas as atividades,Belém,514320,Faxineiro,8088,1636.47,1586.87,1621.0,1694.62,1671.87,44.0,False,202508-202607
todas as atividades,Boa Vista,514320,Faxineiro,1966,1637.49,1586.31,1621.0,1636.02,1671.77,44.0,False,202508-202607
todas as atividades,Brasília,514320,Faxineiro,31018,1739.06,1630.0,1743.69,1850.0,1777.24,44.0,False,202508-202607
todas as atividades,Campo Grande,514320,Faxineiro,6468,1680.38,1600.0,1651.0,1717.2,1716.6,44.0,False,202508-202607
todas as atividades,Cuiabá,514320,Faxineiro,8613,1695.17,1621.0,1632.91,1743.97,1732.85,44.0,False,202508-202607
todas as atividades,Curitiba,514320,Faxineiro,26237,1852.44,1764.0,1828.0,1900.0,1893.97,44.0,False,202508-202607
todas as atividades,Florianópolis,514320,Faxineiro,8464,1854.99,1653.63,1752.85,1985.0,1896.41,44.0,False,202508-202607
todas as atividades,Fortaleza,514320,Faxineiro,18891,1630.41,1548.36,1621.0,1641.12,1665.19,44.0,False,202508-202607
todas as atividades,Goiânia,514320,Faxineiro,16660,1719.63,1601.55,1676.0,1711.5,1760.28,44.0,False,202508-202607
todas as atividades,João Pessoa,514320,Faxineiro,5864,1609.28,1530.0,1621.0,1631.5,1644.75,44.0,False,202508-202607
todas as atividades,Macapá,514320,Faxineiro,4532,1670.3,1621.0,1649.48,1717.2,1703.58,44.0,False,202508-202607
todas as atividades,Maceió,514320,Faxineiro,4942,1621.29,1550.0,1621.0,1666.0,1657.51,44.0,False,202508-202607
todas as atividades,Manaus,514320,Faxineiro,13045,1640.47,1550.0,1621.0,1670.0,1678.71,44.0,False,202508-202607
todas as atividades,Natal,514320,Faxineiro,5813,1611.98,1580.42,1621.0,1645.42,1651.13,44.0,False,202508-202607
todas as atividades,Palmas,514320,Faxineiro,2189,1679.1,1588.83,1673.6,1696.71,1717.04,44.0,False,202508-202607
todas as atividades,Porto Alegre,514320,Faxineiro,16032,1761.19,1653.58,1765.86,1819.0,1800.8,44.0,False,202508-202607
todas as atividades,Porto Velho,514320,Faxineiro,3061,1684.82,1621.0,1700.0,1743.48,1723.19,44.0,False,202508-202607
todas as atividades,Recife,514320,Faxineiro,11261,1630.29,1567.5,1632.45,1654.71,1663.24,44.0,False,202508-202607
todas as atividades,Rio Branco,514320,Faxineiro,2511,1624.01,1540.47,1621.0,1663.7,1658.44,44.0,False,202508-202607
todas as atividades,Rio de Janeiro,514320,Faxineiro,51177,1728.91,1651.0,1730.75,1745.0,1765.91,44.0,False,202508-202607
todas as atividades,Salvador,514320,Faxineiro,14773,1626.52,1552.0,1621.0,1660.0,1662.35,44.0,False,202508-202607
todas as atividades,São Luís,514320,Faxineiro,6181,1621.94,1535.0,1621.0,1636.74,1658.29,44.0,False,202508-202607
todas as atividades,São Paulo,514320,Faxineiro,214782,1826.17,1717.2,1823.93,1837.4,1866.47,44.0,False,202508-202607
todas as atividades,Teresina,514320,Faxineiro,3321,1614.08,1553.96,1621.0,1654.13,1650.11,44.0,False,202508-202607
todas as atividades,Vitória,514320,Faxineiro,3567,1692.75,1608.14,1653.63,1735.02,1732.38,44.0,False,202508-202607
todas as atividades,Aracaju,521140,Atendente de lojas e mercados,2464,1645.67,1621.0,1635.0,1660.0,1681.18,44.0,False,202508-202607
todas as atividades,Belo Horizonte,521140,Atendente de lojas e mercados,16075,1760.96,1697.0,1720.0,1836.79,1799.48,44.0,False,202508-202607
todas as atividades,Belém,521140,Atendente de lojas e mercados,3762,1634.32,1519.47,1621.0,1670.0,1673.74,44.0,False,202508-202607
todas as atividades,Boa Vista,521140,Atendente de lojas e mercados,2657,1605.23,1601.49,1621.0,1621.0,1639.28,44.0,False,202508-202607
todas as atividades,Brasília,521140,Atendente de lojas e mercados,20393,1675.63,1621.0,1681.0,1700.0,1714.49,44.0,False,202508-202607
todas as atividades,Campo Grande,521140,Atendente de lojas e mercados,5252,1777.02,1665.0,1790.0,1830.0,1817.08,44.0,False,202508-202607
todas as atividades,Cuiabá,521140,Atendente de lojas e mercados,3141,1698.49,1615.0,1685.0,1720.0,1736.6,44.0,False,202508-202607
todas as atividades,Curitiba,521140,Atendente de lojas e mercados,16250,1896.22,1710.99,1891.0,2058.0,1941.91,44.0,False,202508-202607
todas as atividades,Florianópolis,521140,Atendente de lojas e mercados,3432,2182.36,2110.0,2255.0,2271.0,2235.28,44.0,False,202508-202607
todas as atividades,Fortaleza,521140,Atendente de lojas e mercados,6422,1646.16,1594.11,1635.0,1674.49,1683.98,44.0,False,202508-202607
todas as atividades,Goiânia,521140,Atendente de lojas e mercados,7676,1708.37,1621.0,1683.27,1738.01,1747.17,44.0,False,202508-202607
todas as atividades,João Pessoa,521140,Atendente de lojas e mercados,2939,1675.83,1675.0,1685.0,1700.0,1713.35,44.0,False,202508-202607
todas as atividades,Macapá,521140,Atendente de lojas e mercados,1312,1614.06,1560.0,1621.0,1621.0,1646.55,44.0,False,202508-202607
todas as atividades,Maceió,521140,Atendente de lojas e mercados,2578,1618.5,1553.0,1621.0,1660.0,1652.98,44.0,False,202508-202607
todas as atividades,Manaus,521140,Atendente de lojas e mercados,7584,1624.42,1600.0,1621.0,1650.0,1660.76,44.0,False,202508-202607
todas as atividades,Natal,521140,Atendente de lojas e mercados,2443,1608.58,1565.0,1621.0,1628.0,1644.71,44.0,False,202508-202607
todas as atividades,Palmas,521140,Atendente de lojas e mercados,1315,1702.36,1606.0,1677.0,1725.0,1741.82,44.0,False,202508-202607
todas as atividades,Porto Alegre,521140,Atendente de lojas e mercados,6783,1879.97,1802.0,1916.0,1926.0,1922.38,44.0,False,202508-202607
todas as atividades,Porto Velho,521140,Atendente de lojas e mercados,1625,1713.47,1688.0,1700.0,1773.0,1751.21,44.0,False,202508-202607
todas as atividades,Recife,521140,Atendente de lojas e mercados,6015,1678.9,1647.79,1655.4,1733.0,1713.97,44.0,False,202508-202607
todas as atividades,Rio Branco,521140,Atendente de lojas e mercados,1064,1642.6,1576.84,1621.0,1672.22,1678.62,44.0,False,202508-202607
todas as atividades,Rio de Janeiro,521140,Atendente de lojas e mercados,27984,1725.46,1621.0,1712.0,1810.0,1765.73,44.0,False,202508-202607
todas as atividades,Salvador,521140,Atendente de lojas e mercados,6792,1673.1,1621.0,1646.0,1703.44,1710.59,44.0,False,202508-202607
todas as atividades,São Luís,521140,Atendente de lojas e mercados,2714,1716.87,1621.0,1686.14,1787.3,1756.94,44.0,False,202508-202607
todas as atividades,São Paulo,521140,Atendente de lojas e mercados,80594,2027.64,1922.48,2070.51,2120.0,2074.85,44.0,False,202508-202607
todas as atividades,Teresina,521140,Atendente de lojas e mercados,1811,1658.49,1601.48,1633.51,1728.39,1694.5,44.0,False,202508-202607
todas as atividades,Vitória,521140,Atendente de lojas e mercados,2022,1704.44,1640.0,1650.0,1713.61,1742.21,44.0,False,202508-202607
todas as atividades,27 capitais,141510,Gerente de restaurante,8730,3042.42,2190.85,2690.12,3500.0,3110.08,44.0,False,202508-202607
todas as atividades,27 capitais,141515,Gerente de bar,1788,2748.31,2000.0,2500.0,3032.68,2812.35,44.0,False,202508-202607
todas as atividades,27 capitais,371410,Recreador,8270,1908.87,1639.44,1800.0,2037.28,1951.43,44.0,False,202508-202607
todas as atividades,27 capitais,421125,Operador de caixa,190514,1821.21,1650.0,1747.0,1976.0,1863.43,44.0,False,202508-202607
todas as atividades,27 capitais,513205,Cozinheiro geral,93825,2007.45,1683.84,1850.0,2172.0,2053.31,44.0,False,202508-202607
todas as atividades,27 capitais,513405,Garçom,56168,1861.97,1651.8,1750.68,2000.0,1905.27,44.0,False,202508-202607
todas as atividades,27 capitais,513415,Cumim,19782,1749.66,1638.0,1700.0,1804.0,1789.85,44.0,False,202508-202607
todas as atividades,27 capitais,513420,Barman,11650,1886.47,1665.59,1800.0,2000.0,1929.6,44.0,False,202508-202607
todas as atividades,27 capitais,513435,Atendente de lanchonete,165628,1762.74,1621.0,1688.53,1828.0,1802.09,44.0,False,202508-202607
todas as atividades,27 capitais,513505,Auxiliar nos serviços de alimentação,181895,1835.49,1646.96,1800.0,1950.0,1876.66,44.0,False,202508-202607
todas as atividades,27 capitais,514320,Faxineiro,528204,1756.41,1640.75,1717.2,1837.4,1795.08,44.0,False,202508-202607
todas as atividades,27 capitais,521140,Atendente de lojas e mercados,243099,1829.97,1650.0,1773.0,2000.0,1872.03,44.0,False,202508-202607
CNAE 56 - alimentação,Aracaju,141510,Gerente de restaurante,54,2433.24,2000.0,2304.23,2925.68,2494.17,44.0,False,202508-202607
CNAE 56 - alimentação,Belo Horizonte,141510,Gerente de restaurante,617,3006.85,2026.05,2700.0,3663.21,3068.69,44.0,False,202508-202607
CNAE 56 - alimentação,Belém,141510,Gerente de restaurante,67,2421.97,1720.0,2200.0,3035.84,2485.4,44.0,False,202508-202607
CNAE 56 - alimentação,Boa Vista,141510,Gerente de restaurante,7,2280.64,1910.5,2300.0,2628.58,2332.03,44.0,True,202508-202607
CNAE 56 - alimentação,Brasília,141510,Gerente de restaurante,374,2460.32,1810.14,2237.18,2700.0,2517.73,44.0,False,202508-202607
CNAE 56 - alimentação,Campo Grande,141510,Gerente de restaurante,58,2885.55,2195.9,2574.82,3119.5,2939.42,44.0,False,202508-202607
CNAE 56 - alimentação,Cuiabá,141510,Gerente de restaurante,113,3007.64,2180.0,2654.0,3561.99,3073.39,44.0,False,202508-202607
CNAE 56 - alimentação,Curitiba,141510,Gerente de restaurante,499,2919.37,2200.0,2517.04,3338.63,2983.92,44.0,False,202508-202607
CNAE 56 - alimentação,Florianópolis,141510,Gerente de restaurante,143,2746.46,2146.0,2500.0,3000.0,2804.46,44.0,False,202508-202607
CNAE 56 - alimentação,Fortaleza,141510,Gerente de restaurante,160,2258.27,1697.42,2000.0,2525.2,2307.75,44.0,False,202508-202607
CNAE 56 - alimentação,Goiânia,141510,Gerente de restaurante,138,2629.84,2017.5,2446.48,2843.0,2692.19,44.0,False,202508-202607
CNAE 56 - alimentação,João Pessoa,141510,Gerente de restaurante,91,2561.81,2000.0,2431.5,2870.0,2618.99,44.0,False,202508-202607
CNAE 56 - alimentação,Macapá,141510,Gerente de restaurante,12,2307.24,2057.14,2194.0,2634.03,2361.98,44.0,True,202508-202607
CNAE 56 - alimentação,Maceió,141510,Gerente de restaurante,71,2570.73,1897.5,2500.0,3000.0,2629.56,44.0,False,202508-202607
CNAE 56 - alimentação,Manaus,141510,Gerente de restaurante,143,2562.12,1792.86,2200.0,3075.0,2616.68,44.0,False,202508-202607
CNAE 56 - alimentação,Natal,141510,Gerente de restaurante,37,2469.63,1857.14,2301.33,2890.0,2526.84,44.0,False,202508-202607
CNAE 56 - alimentação,Palmas,141510,Gerente de restaurante,18,2458.66,1747.0,2150.0,2674.46,2516.52,44.0,True,202508-202607
CNAE 56 - alimentação,Porto Alegre,141510,Gerente de restaurante,335,2884.12,2116.05,2600.0,3466.77,2950.64,44.0,False,202508-202607
CNAE 56 - alimentação,Porto Velho,141510,Gerente de restaurante,13,2442.96,1800.0,2000.0,3300.0,2496.3,44.0,True,202508-202607
CNAE 56 - alimentação,Recife,141510,Gerente de restaurante,200,3043.35,2000.0,2769.3,3796.73,3118.12,44.0,False,202508-202607
CNAE 56 - alimentação,Rio Branco,141510,Gerente de restaurante,10,2204.27,1621.0,1881.93,2679.22,2258.42,44.0,True,202508-202607
CNAE 56 - alimentação,Rio de Janeiro,141510,Gerente de restaurante,1157,2642.95,2000.0,2347.5,3000.0,2702.05,44.0,False,202508-202607
CNAE 56 - alimentação,Salvador,141510,Gerente de restaurante,158,2801.6,1985.0,2500.0,3151.18,2861.47,44.0,False,202508-202607
CNAE 56 - alimentação,São Luís,141510,Gerente de restaurante,50,2722.32,1842.5,2265.5,3000.0,2789.08,44.0,False,202508-202607
CNAE 56 - alimentação,São Paulo,141510,Gerente de restaurante,2707,3389.64,2562.56,3000.0,3870.42,3462.02,44.0,False,202508-202607
CNAE 56 - alimentação,Teresina,141510,Gerente de restaurante,27,2169.36,1800.0,2000.0,2262.98,2215.2,44.0,True,202508-202607
CNAE 56 - alimentação,Vitória,141510,Gerente de restaurante,128,3281.64,2377.76,2843.07,4289.52,3359.93,44.0,False,202508-202607
CNAE 56 - alimentação,Aracaju,141515,Gerente de bar,5,2616.0,2100.0,3000.0,3000.0,2692.54,44.0,True,202508-202607
CNAE 56 - alimentação,Belo Horizonte,141515,Gerente de bar,154,2422.48,2000.0,2275.0,2742.0,2476.55,44.0,False,202508-202607
CNAE 56 - alimentação,Belém,141515,Gerente de bar,13,2161.93,1725.28,2000.0,2128.0,2207.55,44.0,True,202508-202607
CNAE 56 - alimentação,Boa Vista,141515,Gerente de bar,3,1885.87,1793.16,2000.0,2035.64,1954.76,44.0,True,202508-202607
CNAE 56 - alimentação,Brasília,141515,Gerente de bar,70,2425.86,1800.0,2200.0,3032.68,2478.33,44.0,False,202508-202607
CNAE 56 - alimentação,Campo Grande,141515,Gerente de bar,14,2679.47,2000.0,2500.0,2950.0,2749.95,44.0,True,202508-202607
CNAE 56 - alimentação,Cuiabá,141515,Gerente de bar,7,2304.57,1710.5,2500.0,2795.0,2381.76,44.0,True,202508-202607
CNAE 56 - alimentação,Curitiba,141515,Gerente de bar,71,2582.97,2200.0,2500.0,3000.0,2643.59,44.0,False,202508-202607
CNAE 56 - alimentação,Florianópolis,141515,Gerente de bar,26,2411.49,2146.0,2198.0,2500.0,2470.59,44.0,True,202508-202607
CNAE 56 - alimentação,Fortaleza,141515,Gerente de bar,27,2156.21,1674.49,2000.0,2431.5,2202.08,44.0,True,202508-202607
CNAE 56 - alimentação,Goiânia,141515,Gerente de bar,59,2539.01,1750.0,2251.66,2878.57,2600.33,44.0,False,202508-202607
CNAE 56 - alimentação,João Pessoa,141515,Gerente de bar,16,2617.03,2000.0,2250.0,3000.0,2679.49,44.0,True,202508-202607
CNAE 56 - alimentação,Macapá,141515,Gerente de bar,1,3500.0,3500.0,3500.0,3500.0,3500.0,44.0,True,202508-202607
CNAE 56 - alimentação,Maceió,141515,Gerente de bar,9,2726.98,2024.0,2200.0,2980.0,2778.8,44.0,True,202508-202607
CNAE 56 - alimentação,Manaus,141515,Gerente de bar,19,2327.1,2000.0,2300.0,2528.97,2380.25,44.0,True,202508-202607
CNAE 56 - alimentação,Natal,141515,Gerente de bar,8,2021.16,1800.0,1800.0,2060.82,2082.93,44.0,True,202508-202607
CNAE 56 - alimentação,Palmas,141515,Gerente de bar,2,3400.0,3200.0,3400.0,3600.0,3445.22,44.0,True,202508-202607
CNAE 56 - alimentação,Porto Alegre,141515,Gerente de bar,59,2406.8,1930.0,2102.9,3000.0,2467.13,44.0,False,202508-202607
CNAE 56 - alimentação,Porto Velho,141515,Gerente de bar,3,2440.5,2160.75,2431.5,2715.75,2466.74,44.0,True,202508-202607
CNAE 56 - alimentação,Recife,141515,Gerente de bar,28,2670.64,2000.0,2500.0,2512.5,2744.59,44.0,True,202508-202607
CNAE 56 - alimentação,Rio Branco,141515,Gerente de bar,1,2145.0,2145.0,2145.0,2145.0,2145.0,44.0,True,202508-202607
CNAE 56 - alimentação,Rio de Janeiro,141515,Gerente de bar,288,2345.26,1849.28,2200.0,2600.0,2399.9,44.0,False,202508-202607
CNAE 56 - alimentação,Salvador,141515,Gerente de bar,14,2606.26,2218.64,2500.0,2670.43,2660.48,44.0,True,202508-202607
CNAE 56 - alimentação,São Luís,141515,Gerente de bar,5,2105.6,1765.52,2000.0,2500.0,2151.9,44.0,True,202508-202607
CNAE 56 - alimentação,São Paulo,141515,Gerente de bar,489,3231.04,2360.06,3000.0,3650.0,3302.7,44.0,False,202508-202607
CNAE 56 - alimentação,Teresina,141515,Gerente de bar,4,2009.76,1648.25,1735.52,2097.04,2066.75,44.0,True,202508-202607
CNAE 56 - alimentação,Vitória,141515,Gerente de bar,9,2427.41,1924.4,2500.0,2600.0,2474.52,44.0,True,202508-202607
CNAE 56 - alimentação,Aracaju,371410,Recreador,15,1631.67,1560.0,1621.0,1645.5,1669.35,44.0,True,202508-202607
CNAE 56 - alimentação,Belo Horizonte,371410,Recreador,41,1784.37,1697.0,1738.0,2000.0,1820.76,44.0,False,202508-202607
CNAE 56 - alimentação,Belém,371410,Recreador,42,1647.52,1553.2,1621.0,1700.0,1698.43,44.0,False,202508-202607
CNAE 56 - alimentação,Boa Vista,371410,Recreador,9,1616.84,1586.31,1621.0,1621.0,1647.72,44.0,True,202508-202607
CNAE 56 - alimentação,Brasília,371410,Recreador,179,1724.99,1639.44,1750.68,1750.68,1761.22,44.0,False,202508-202607
CNAE 56 - alimentação,Campo Grande,371410,Recreador,48,1704.62,1600.0,1691.2,1691.2,1738.37,44.0,False,202508-202607
CNAE 56 - alimentação,Cuiabá,371410,Recreador,19,1613.68,1570.0,1621.0,1676.0,1654.51,44.0,True,202508-202607
CNAE 56 - alimentação,Curitiba,371410,Recreador,34,1874.82,1828.0,1828.0,1900.0,1930.42,44.0,False,202508-202607
CNAE 56 - alimentação,Florianópolis,371410,Recreador,7,2050.0,1978.0,1978.0,2146.0,2098.99,44.0,True,202508-202607
CNAE 56 - alimentação,Fortaleza,371410,Recreador,106,1636.54,1568.09,1674.49,1674.49,1671.21,44.0,False,202508-202607
CNAE 56 - alimentação,Goiânia,371410,Recreador,141,1721.55,1635.87,1635.87,1750.0,1757.86,44.0,False,202508-202607
CNAE 56 - alimentação,João Pessoa,371410,Recreador,48,1599.62,1563.0,1621.0,1621.0,1642.06,44.0,False,202508-202607
CNAE 56 - alimentação,Macapá,371410,Recreador,1,1621.0,1621.0,1621.0,1621.0,1645.1,44.0,True,202508-202607
CNAE 56 - alimentação,Maceió,371410,Recreador,25,1648.53,1580.0,1695.0,1695.0,1693.44,44.0,True,202508-202607
CNAE 56 - alimentação,Manaus,371410,Recreador,49,1601.62,1593.9,1621.0,1621.0,1634.56,44.0,False,202508-202607
CNAE 56 - alimentação,Natal,371410,Recreador,24,1631.17,1595.0,1615.0,1663.5,1673.14,44.0,True,202508-202607
CNAE 56 - alimentação,Palmas,371410,Recreador,12,1689.34,1606.0,1712.5,1725.0,1717.91,44.0,True,202508-202607
CNAE 56 - alimentação,Porto Alegre,371410,Recreador,19,1806.09,1770.85,1770.85,1850.0,1831.88,44.0,True,202508-202607
CNAE 56 - alimentação,Porto Velho,371410,Recreador,11,1609.95,1598.0,1598.0,1598.0,1666.27,44.0,True,202508-202607
CNAE 56 - alimentação,Recife,371410,Recreador,72,1686.56,1651.8,1700.0,1700.0,1721.0,44.0,False,202508-202607
CNAE 56 - alimentação,Rio Branco,371410,Recreador,6,1612.0,1518.0,1518.0,1729.5,1655.42,44.0,True,202508-202607
CNAE 56 - alimentação,Rio de Janeiro,371410,Recreador,116,1639.33,1621.0,1621.0,1670.53,1677.23,44.0,False,202508-202607
CNAE 56 - alimentação,Salvador,371410,Recreador,8,1627.7,1625.09,1625.09,1625.09,1679.65,44.0,True,202508-202607
CNAE 56 - alimentação,São Luís,371410,Recreador,14,1672.73,1665.59,1665.59,1665.59,1728.46,44.0,True,202508-202607
CNAE 56 - alimentação,São Paulo,371410,Recreador,70,1967.22,1804.0,1822.04,2070.51,2014.39,44.0,False,202508-202607
CNAE 56 - alimentação,Teresina,371410,Recreador,49,1622.63,1568.0,1675.0,1675.0,1658.89,44.0,False,202508-202607
CNAE 56 - alimentação,Vitória,371410,Recreador,23,1718.19,1705.0,1705.0,1731.28,1749.3,44.0,True,202508-202607
CNAE 56 - alimentação,Aracaju,421125,Operador de caixa,227,1627.91,1560.0,1621.0,1670.0,1666.97,44.0,False,202508-202607
CNAE 56 - alimentação,Belo Horizonte,421125,Operador de caixa,804,1733.62,1621.0,1697.0,1800.0,1773.13,44.0,False,202508-202607
CNAE 56 - alimentação,Belém,421125,Operador de caixa,265,1654.26,1580.0,1621.0,1680.0,1699.45,44.0,False,202508-202607
CNAE 56 - alimentação,Boa Vista,421125,Operador de caixa,56,1621.52,1586.31,1621.0,1621.0,1664.43,44.0,False,202508-202607
CNAE 56 - alimentação,Brasília,421125,Operador de caixa,1145,1721.9,1639.44,1750.0,1750.68,1760.08,44.0,False,202508-202607
CNAE 56 - alimentação,Campo Grande,421125,Operador de caixa,208,1736.68,1600.0,1691.2,1800.0,1775.51,44.0,False,202508-202607
CNAE 56 - alimentação,Cuiabá,421125,Operador de caixa,210,1696.05,1570.0,1657.0,1700.0,1739.75,44.0,False,202508-202607
CNAE 56 - alimentação,Curitiba,421125,Operador de caixa,832,1944.88,1828.0,1900.0,2000.0,1991.67,44.0,False,202508-202607
CNAE 56 - alimentação,Florianópolis,421125,Operador de caixa,369,2095.79,1978.0,2146.0,2146.0,2144.74,44.0,False,202508-202607
CNAE 56 - alimentação,Fortaleza,421125,Operador de caixa,701,1640.0,1563.54,1658.28,1674.49,1677.49,44.0,False,202508-202607
CNAE 56 - alimentação,Goiânia,421125,Operador de caixa,564,1759.64,1635.87,1700.0,1800.0,1798.77,44.0,False,202508-202607
CNAE 56 - alimentação,João Pessoa,421125,Operador de caixa,245,1618.09,1563.0,1621.0,1621.0,1658.79,44.0,False,202508-202607
CNAE 56 - alimentação,Macapá,421125,Operador de caixa,48,1612.42,1580.0,1621.0,1621.0,1642.3,44.0,False,202508-202607
CNAE 56 - alimentação,Maceió,421125,Operador de caixa,285,1663.6,1580.0,1695.0,1695.0,1703.12,44.0,False,202508-202607
CNAE 56 - alimentação,Manaus,421125,Operador de caixa,362,1620.34,1593.9,1621.0,1621.0,1656.14,44.0,False,202508-202607
CNAE 56 - alimentação,Natal,421125,Operador de caixa,173,1646.04,1615.0,1637.0,1653.0,1679.25,44.0,False,202508-202607
CNAE 56 - alimentação,Palmas,421125,Operador de caixa,106,1750.83,1621.0,1725.0,1773.43,1783.87,44.0,False,202508-202607
CNAE 56 - alimentação,Porto Alegre,421125,Operador de caixa,667,1836.8,1770.85,1770.85,1850.0,1883.25,44.0,False,202508-202607
CNAE 56 - alimentação,Porto Velho,421125,Operador de caixa,76,1662.65,1598.0,1639.0,1706.5,1708.45,44.0,False,202508-202607
CNAE 56 - alimentação,Recife,421125,Operador de caixa,375,1686.56,1651.8,1700.0,1700.0,1724.26,44.0,False,202508-202607
CNAE 56 - alimentação,Rio Branco,421125,Operador de caixa,56,1595.01,1518.0,1614.24,1621.0,1638.5,44.0,False,202508-202607
CNAE 56 - alimentação,Rio de Janeiro,421125,Operador de caixa,2459,1716.17,1621.0,1697.14,1800.68,1756.97,44.0,False,202508-202607
CNAE 56 - alimentação,Salvador,421125,Operador de caixa,600,1644.79,1625.09,1625.09,1646.0,1681.42,44.0,False,202508-202607
CNAE 56 - alimentação,São Luís,421125,Operador de caixa,259,1673.46,1665.59,1665.59,1665.59,1713.66,44.0,False,202508-202607
CNAE 56 - alimentação,São Paulo,421125,Operador de caixa,2859,2074.82,1837.5,2050.02,2200.0,2122.32,44.0,False,202508-202607
CNAE 56 - alimentação,Teresina,421125,Operador de caixa,189,1635.55,1568.0,1675.0,1675.0,1673.0,44.0,False,202508-202607
CNAE 56 - alimentação,Vitória,421125,Operador de caixa,176,1745.69,1590.0,1705.0,1726.54,1786.92,44.0,False,202508-202607
CNAE 56 - alimentação,Aracaju,513205,Cozinheiro geral,549,1847.17,1621.0,1700.0,2000.0,1889.12,44.0,False,202508-202607
CNAE 56 - alimentação,Belo Horizonte,513205,Cozinheiro geral,3701,2042.84,1738.0,2000.0,2250.0,2087.72,44.0,False,202508-202607
CNAE 56 - alimentação,Belém,513205,Cozinheiro geral,1223,1706.88,1650.0,1650.0,1685.22,1746.63,44.0,False,202508-202607
CNAE 56 - alimentação,Boa Vista,513205,Cozinheiro geral,118,1743.1,1586.31,1621.0,1784.59,1785.88,44.0,False,202508-202607
CNAE 56 - alimentação,Brasília,513205,Cozinheiro geral,3205,1914.59,1724.49,1750.68,2000.0,1956.13,44.0,False,202508-202607
CNAE 56 - alimentação,Campo Grande,513205,Cozinheiro geral,510,1936.87,1621.0,1800.0,2127.2,1982.58,44.0,False,202508-202607
CNAE 56 - alimentação,Cuiabá,513205,Cozinheiro geral,522,1894.87,1621.0,1730.75,2000.0,1940.61,44.0,False,202508-202607
CNAE 56 - alimentação,Curitiba,513205,Cozinheiro geral,3287,2146.07,1891.28,2000.0,2300.0,2195.82,44.0,False,202508-202607
CNAE 56 - alimentação,Florianópolis,513205,Cozinheiro geral,1382,2243.74,1978.0,2146.0,2327.6,2296.38,44.0,False,202508-202607
CNAE 56 - alimentação,Fortaleza,513205,Cozinheiro geral,1733,1782.15,1568.1,1674.49,1877.4,1823.04,44.0,False,202508-202607
CNAE 56 - alimentação,Goiânia,513205,Cozinheiro geral,1500,1989.48,1635.87,1844.17,2239.89,2036.46,44.0,False,202508-202607
CNAE 56 - alimentação,João Pessoa,513205,Cozinheiro geral,715,1745.48,1600.0,1648.0,1800.0,1783.67,44.0,False,202508-202607
CNAE 56 - alimentação,Macapá,513205,Cozinheiro geral,127,1645.81,1580.0,1621.0,1687.28,1682.02,44.0,False,202508-202607
CNAE 56 - alimentação,Maceió,513205,Cozinheiro geral,573,1779.68,1621.0,1695.0,1849.7,1822.26,44.0,False,202508-202607
CNAE 56 - alimentação,Manaus,513205,Cozinheiro geral,904,1803.27,1621.0,1790.0,1850.0,1840.93,44.0,False,202508-202607
CNAE 56 - alimentação,Natal,513205,Cozinheiro geral,519,1779.94,1621.0,1678.0,1900.0,1820.43,44.0,False,202508-202607
CNAE 56 - alimentação,Palmas,513205,Cozinheiro geral,609,1853.73,1793.0,1850.0,1850.0,1890.93,44.0,False,202508-202607
CNAE 56 - alimentação,Porto Alegre,513205,Cozinheiro geral,1775,1988.44,1770.85,1892.8,2081.33,2032.72,44.0,False,202508-202607
CNAE 56 - alimentação,Porto Velho,513205,Cozinheiro geral,231,1755.4,1598.0,1706.5,1800.0,1798.47,44.0,False,202508-202607
CNAE 56 - alimentação,Recife,513205,Cozinheiro geral,1948,1784.67,1651.65,1700.0,1827.57,1822.32,44.0,False,202508-202607
CNAE 56 - alimentação,Rio Branco,513205,Cozinheiro geral,85,1721.58,1621.0,1621.0,1790.07,1758.44,44.0,False,202508-202607
CNAE 56 - alimentação,Rio de Janeiro,513205,Cozinheiro geral,7079,1930.18,1650.0,1801.55,2080.0,1974.99,44.0,False,202508-202607
CNAE 56 - alimentação,Salvador,513205,Cozinheiro geral,1827,1800.42,1625.09,1700.0,1893.45,1840.87,44.0,False,202508-202607
CNAE 56 - alimentação,São Luís,513205,Cozinheiro geral,657,1753.02,1665.59,1665.59,1765.53,1795.07,44.0,False,202508-202607
CNAE 56 - alimentação,São Paulo,513205,Cozinheiro geral,18209,2278.76,1850.0,2149.82,2500.0,2330.01,44.0,False,202508-202607
CNAE 56 - alimentação,Teresina,513205,Cozinheiro geral,426,1705.33,1568.0,1675.0,1675.0,1745.75,44.0,False,202508-202607
CNAE 56 - alimentação,Vitória,513205,Cozinheiro geral,699,2098.83,1709.25,2031.05,2400.0,2147.69,44.0,False,202508-202607
CNAE 56 - alimentação,Aracaju,513405,Garçom,562,1617.34,1560.0,1621.0,1647.5,1657.04,44.0,False,202508-202607
CNAE 56 - alimentação,Belo Horizonte,513405,Garçom,2572,1745.14,1623.94,1738.0,1738.0,1784.79,44.0,False,202508-202607
CNAE 56 - alimentação,Belém,513405,Garçom,611,1617.15,1580.0,1621.0,1680.0,1659.0,44.0,False,202508-202607
CNAE 56 - alimentação,Boa Vista,513405,Garçom,172,1613.84,1586.31,1621.0,1621.0,1657.4,44.0,False,202508-202607
CNAE 56 - alimentação,Brasília,513405,Garçom,3126,1728.32,1639.44,1750.68,1750.68,1765.5,44.0,False,202508-202607
CNAE 56 - alimentação,Campo Grande,513405,Garçom,540,1740.87,1621.0,1691.2,1800.0,1779.81,44.0,False,202508-202607
CNAE 56 - alimentação,Cuiabá,513405,Garçom,357,1633.87,1570.0,1621.0,1676.0,1676.51,44.0,False,202508-202607
CNAE 56 - alimentação,Curitiba,513405,Garçom,2275,1959.07,1828.0,1900.0,2007.95,2003.32,44.0,False,202508-202607
CNAE 56 - alimentação,Florianópolis,513405,Garçom,1476,2082.47,1978.0,2000.0,2146.0,2137.13,44.0,False,202508-202607
CNAE 56 - alimentação,Fortaleza,513405,Garçom,1557,1623.27,1563.54,1658.28,1674.49,1661.26,44.0,False,202508-202607
CNAE 56 - alimentação,Goiânia,513405,Garçom,1667,1714.35,1635.87,1635.87,1750.0,1753.54,44.0,False,202508-202607
CNAE 56 - alimentação,João Pessoa,513405,Garçom,1010,1611.84,1563.0,1621.0,1621.0,1650.06,44.0,False,202508-202607
CNAE 56 - alimentação,Macapá,513405,Garçom,129,1606.71,1518.0,1621.0,1621.0,1642.51,44.0,False,202508-202607
CNAE 56 - alimentação,Maceió,513405,Garçom,685,1654.44,1580.0,1695.0,1695.0,1695.09,44.0,False,202508-202607
CNAE 56 - alimentação,Manaus,513405,Garçom,639,1616.54,1593.9,1621.0,1621.0,1652.82,44.0,False,202508-202607
CNAE 56 - alimentação,Natal,513405,Garçom,622,1633.05,1615.0,1621.0,1653.0,1673.96,44.0,False,202508-202607
CNAE 56 - alimentação,Palmas,513405,Garçom,279,1721.24,1626.0,1700.0,1747.0,1756.89,44.0,False,202508-202607
CNAE 56 - alimentação,Porto Alegre,513405,Garçom,1848,1859.81,1770.85,1804.0,1930.0,1902.21,44.0,False,202508-202607
CNAE 56 - alimentação,Porto Velho,513405,Garçom,101,1653.1,1598.0,1637.0,1706.5,1693.56,44.0,False,202508-202607
CNAE 56 - alimentação,Recife,513405,Garçom,1124,1671.66,1651.8,1700.0,1700.0,1713.1,44.0,False,202508-202607
CNAE 56 - alimentação,Rio Branco,513405,Garçom,105,1609.87,1518.0,1621.0,1639.44,1649.12,44.0,False,202508-202607
CNAE 56 - alimentação,Rio de Janeiro,513405,Garçom,6492,1757.11,1658.8,1658.8,1733.45,1797.29,44.0,False,202508-202607
CNAE 56 - alimentação,Salvador,513405,Garçom,1595,1631.96,1625.09,1625.09,1625.09,1672.01,44.0,False,202508-202607
CNAE 56 - alimentação,São Luís,513405,Garçom,353,1694.92,1665.59,1665.59,1665.59,1737.6,44.0,False,202508-202607
CNAE 56 - alimentação,São Paulo,513405,Garçom,12237,2071.81,1804.0,2070.0,2200.0,2119.4,44.0,False,202508-202607
CNAE 56 - alimentação,Teresina,513405,Garçom,565,1647.76,1568.0,1675.0,1675.0,1684.55,44.0,False,202508-202607
CNAE 56 - alimentação,Vitória,513405,Garçom,679,1761.45,1647.29,1705.0,1827.5,1799.72,44.0,False,202508-202607
CNAE 56 - alimentação,Aracaju,513415,Cumim,185,1607.12,1560.0,1621.0,1633.89,1644.63,44.0,False,202508-202607
CNAE 56 - alimentação,Belo Horizonte,513415,Cumim,485,1701.34,1621.0,1697.0,1738.0,1742.05,44.0,False,202508-202607
CNAE 56 - alimentação,Belém,513415,Cumim,322,1601.73,1518.0,1616.0,1621.0,1645.99,44.0,False,202508-202607
CNAE 56 - alimentação,Boa Vista,513415,Cumim,94,1604.18,1586.31,1611.24,1621.0,1646.58,44.0,False,202508-202607
CNAE 56 - alimentação,Brasília,513415,Cumim,1622,1707.4,1639.44,1750.68,1750.68,1745.45,44.0,False,202508-202607
CNAE 56 - alimentação,Campo Grande,513415,Cumim,118,1658.94,1600.0,1691.2,1691.2,1695.0,44.0,False,202508-202607
CNAE 56 - alimentação,Cuiabá,513415,Cumim,112,1648.71,1570.0,1621.0,1676.0,1685.17,44.0,False,202508-202607
CNAE 56 - alimentação,Curitiba,513415,Cumim,304,1844.77,1828.0,1896.0,1900.0,1887.36,44.0,False,202508-202607
CNAE 56 - alimentação,Florianópolis,513415,Cumim,122,2055.51,1978.0,1989.0,2146.0,2108.56,44.0,False,202508-202607
CNAE 56 - alimentação,Fortaleza,513415,Cumim,756,1624.14,1563.54,1658.28,1674.49,1661.46,44.0,False,202508-202607
CNAE 56 - alimentação,Goiânia,513415,Cumim,517,1710.71,1635.87,1635.87,1750.0,1748.26,44.0,False,202508-202607
CNAE 56 - alimentação,João Pessoa,513415,Cumim,485,1603.6,1563.0,1621.0,1621.0,1642.66,44.0,False,202508-202607
CNAE 56 - alimentação,Macapá,513415,Cumim,28,1593.94,1518.0,1621.0,1621.0,1617.49,44.0,True,202508-202607
CNAE 56 - alimentação,Maceió,513415,Cumim,318,1642.82,1580.0,1695.0,1695.0,1684.19,44.0,False,202508-202607
CNAE 56 - alimentação,Manaus,513415,Cumim,386,1604.64,1593.9,1621.0,1621.0,1640.25,44.0,False,202508-202607
CNAE 56 - alimentação,Natal,513415,Cumim,292,1632.77,1595.0,1621.0,1653.0,1671.98,44.0,False,202508-202607
CNAE 56 - alimentação,Palmas,513415,Cumim,72,1716.09,1606.0,1725.0,1725.0,1754.11,44.0,False,202508-202607
CNAE 56 - alimentação,Porto Alegre,513415,Cumim,194,1812.46,1770.85,1770.85,1850.0,1853.51,44.0,False,202508-202607
CNAE 56 - alimentação,Porto Velho,513415,Cumim,51,1655.56,1598.0,1637.0,1706.5,1686.41,44.0,False,202508-202607
CNAE 56 - alimentação,Recife,513415,Cumim,810,1675.38,1651.8,1700.0,1700.0,1712.1,44.0,False,202508-202607
CNAE 56 - alimentação,Rio Branco,513415,Cumim,37,1614.51,1518.0,1621.0,1650.0,1652.75,44.0,False,202508-202607
CNAE 56 - alimentação,Rio de Janeiro,513415,Cumim,2957,1686.35,1658.8,1658.8,1733.45,1725.39,44.0,False,202508-202607
CNAE 56 - alimentação,Salvador,513415,Cumim,601,1628.15,1625.09,1625.09,1625.09,1668.27,44.0,False,202508-202607
CNAE 56 - alimentação,São Luís,513415,Cumim,107,1669.33,1665.59,1665.59,1665.59,1710.8,44.0,False,202508-202607
CNAE 56 - alimentação,São Paulo,513415,Cumim,4716,1890.81,1804.0,1804.0,1976.88,1933.55,44.0,False,202508-202607
CNAE 56 - alimentação,Teresina,513415,Cumim,126,1642.44,1568.0,1675.0,1675.0,1676.84,44.0,False,202508-202607
CNAE 56 - alimentação,Vitória,513415,Cumim,161,1668.77,1590.0,1705.0,1705.0,1710.25,44.0,False,202508-202607
CNAE 56 - alimentação,Aracaju,513420,Barman,161,1744.95,1560.0,1650.0,1800.0,1788.8,44.0,False,202508-202607
CNAE 56 - alimentação,Belo Horizonte,513420,Barman,410,1848.52,1650.0,1738.0,2000.0,1891.55,44.0,False,202508-202607
CNAE 56 - alimentação,Belém,513420,Barman,176,1656.46,1580.0,1621.0,1680.0,1697.99,44.0,False,202508-202607
CNAE 56 - alimentação,Boa Vista,513420,Barman,34,1624.05,1586.31,1593.16,1621.0,1667.91,44.0,False,202508-202607
CNAE 56 - alimentação,Brasília,513420,Barman,667,1742.38,1639.44,1750.68,1750.68,1778.17,44.0,False,202508-202607
CNAE 56 - alimentação,Campo Grande,513420,Barman,126,1698.83,1600.0,1691.2,1728.03,1740.02,44.0,False,202508-202607
CNAE 56 - alimentação,Cuiabá,513420,Barman,96,1765.35,1570.0,1676.0,1800.0,1805.83,44.0,False,202508-202607
CNAE 56 - alimentação,Curitiba,513420,Barman,419,2013.82,1828.0,1906.2,2100.0,2061.18,44.0,False,202508-202607
CNAE 56 - alimentação,Florianópolis,513420,Barman,250,2159.5,1978.0,2146.0,2200.0,2214.74,44.0,False,202508-202607
CNAE 56 - alimentação,Fortaleza,513420,Barman,486,1664.26,1563.54,1674.49,1674.49,1701.81,44.0,False,202508-202607
CNAE 56 - alimentação,Goiânia,513420,Barman,405,1797.44,1635.87,1750.0,1800.0,1837.24,44.0,False,202508-202607
CNAE 56 - alimentação,João Pessoa,513420,Barman,207,1635.77,1563.0,1621.0,1638.0,1677.52,44.0,False,202508-202607
CNAE 56 - alimentação,Macapá,513420,Barman,34,1619.33,1526.0,1621.0,1621.0,1651.0,44.0,False,202508-202607
CNAE 56 - alimentação,Maceió,513420,Barman,176,1665.55,1580.0,1695.0,1695.0,1705.8,44.0,False,202508-202607
CNAE 56 - alimentação,Manaus,513420,Barman,195,1640.7,1593.9,1621.0,1621.0,1676.49,44.0,False,202508-202607
CNAE 56 - alimentação,Natal,513420,Barman,144,1664.59,1615.0,1639.0,1715.0,1705.77,44.0,False,202508-202607
CNAE 56 - alimentação,Palmas,513420,Barman,59,1727.54,1621.0,1725.0,1725.0,1759.27,44.0,False,202508-202607
CNAE 56 - alimentação,Porto Alegre,513420,Barman,262,1885.9,1770.85,1830.62,1930.0,1931.31,44.0,False,202508-202607
CNAE 56 - alimentação,Porto Velho,513420,Barman,47,1696.02,1598.0,1700.0,1706.5,1736.27,44.0,False,202508-202607
CNAE 56 - alimentação,Recife,513420,Barman,374,1714.75,1651.8,1700.0,1700.0,1753.95,44.0,False,202508-202607
CNAE 56 - alimentação,Rio Branco,513420,Barman,17,1631.73,1518.0,1621.0,1621.0,1673.67,44.0,True,202508-202607
CNAE 56 - alimentação,Rio de Janeiro,513420,Barman,1446,1847.73,1768.67,1768.68,1850.0,1888.6,44.0,False,202508-202607
CNAE 56 - alimentação,Salvador,513420,Barman,351,1671.51,1625.09,1625.09,1702.96,1710.89,44.0,False,202508-202607
CNAE 56 - alimentação,São Luís,513420,Barman,87,1708.0,1665.59,1665.59,1665.59,1750.1,44.0,False,202508-202607
CNAE 56 - alimentação,São Paulo,513420,Barman,2413,2076.32,1804.0,2004.0,2300.0,2122.56,44.0,False,202508-202607
CNAE 56 - alimentação,Teresina,513420,Barman,106,1641.69,1568.0,1675.0,1675.0,1678.38,44.0,False,202508-202607
CNAE 56 - alimentação,Vitória,513420,Barman,105,1800.99,1705.0,1732.94,1852.23,1840.7,44.0,False,202508-202607
CNAE 56 - alimentação,Aracaju,513435,Atendente de lanchonete,1231,1602.59,1560.0,1621.0,1621.0,1637.31,44.0,False,202508-202607
CNAE 56 - alimentação,Belo Horizonte,513435,Atendente de lanchonete,7917,1682.32,1600.0,1641.64,1705.76,1719.44,44.0,False,202508-202607
CNAE 56 - alimentação,Belém,513435,Atendente de lanchonete,2096,1609.14,1580.0,1621.0,1621.0,1647.68,44.0,False,202508-202607
CNAE 56 - alimentação,Boa Vista,513435,Atendente de lanchonete,266,1618.66,1586.31,1621.0,1621.0,1656.4,44.0,False,202508-202607
CNAE 56 - alimentação,Brasília,513435,Atendente de lanchonete,8943,1704.65,1639.44,1720.76,1750.68,1742.06,44.0,False,202508-202607
CNAE 56 - alimentação,Campo Grande,513435,Atendente de lanchonete,2147,1698.57,1600.0,1691.0,1692.0,1736.28,44.0,False,202508-202607
CNAE 56 - alimentação,Cuiabá,513435,Atendente de lanchonete,1671,1653.18,1570.0,1621.0,1676.0,1691.58,44.0,False,202508-202607
CNAE 56 - alimentação,Curitiba,513435,Atendente de lanchonete,7366,1887.13,1828.0,1828.0,1910.0,1930.39,44.0,False,202508-202607
CNAE 56 - alimentação,Florianópolis,513435,Atendente de lanchonete,2746,2077.41,1978.0,2100.0,2146.0,2125.81,44.0,False,202508-202607
CNAE 56 - alimentação,Fortaleza,513435,Atendente de lanchonete,3665,1621.29,1563.54,1635.0,1674.49,1656.07,44.0,False,202508-202607
CNAE 56 - alimentação,Goiânia,513435,Atendente de lanchonete,4471,1698.1,1635.87,1635.87,1750.0,1736.97,44.0,False,202508-202607
CNAE 56 - alimentação,João Pessoa,513435,Atendente de lanchonete,1955,1615.2,1563.0,1621.0,1653.42,1652.27,44.0,False,202508-202607
CNAE 56 - alimentação,Macapá,513435,Atendente de lanchonete,306,1595.53,1518.0,1621.0,1621.0,1630.84,44.0,False,202508-202607
CNAE 56 - alimentação,Maceió,513435,Atendente de lanchonete,1695,1640.38,1580.0,1660.0,1695.0,1676.91,44.0,False,202508-202607
CNAE 56 - alimentação,Manaus,513435,Atendente de lanchonete,2833,1613.34,1593.9,1621.0,1621.0,1649.32,44.0,False,202508-202607
CNAE 56 - alimentação,Natal,513435,Atendente de lanchonete,1009,1625.35,1595.0,1621.0,1639.0,1659.86,44.0,False,202508-202607
CNAE 56 - alimentação,Palmas,513435,Atendente de lanchonete,583,1685.4,1606.0,1677.0,1725.0,1721.76,44.0,False,202508-202607
CNAE 56 - alimentação,Porto Alegre,513435,Atendente de lanchonete,5015,1802.49,1770.85,1770.85,1850.0,1842.72,44.0,False,202508-202607
CNAE 56 - alimentação,Porto Velho,513435,Atendente de lanchonete,513,1641.72,1598.0,1621.0,1706.5,1680.77,44.0,False,202508-202607
CNAE 56 - alimentação,Recife,513435,Atendente de lanchonete,3145,1659.82,1622.73,1656.03,1700.0,1697.42,44.0,False,202508-202607
CNAE 56 - alimentação,Rio Branco,513435,Atendente de lanchonete,468,1627.69,1518.0,1621.0,1639.44,1662.0,44.0,False,202508-202607
CNAE 56 - alimentação,Rio de Janeiro,513435,Atendente de lanchonete,16521,1656.5,1555.05,1622.4,1733.43,1692.38,44.0,False,202508-202607
CNAE 56 - alimentação,Salvador,513435,Atendente de lanchonete,2943,1621.32,1621.0,1625.09,1629.04,1655.71,44.0,False,202508-202607
CNAE 56 - alimentação,São Luís,513435,Atendente de lanchonete,992,1663.71,1665.59,1665.59,1665.59,1703.47,44.0,False,202508-202607
CNAE 56 - alimentação,São Paulo,513435,Atendente de lanchonete,42463,1829.05,1611.78,1774.94,2000.0,1869.41,44.0,False,202508-202607
CNAE 56 - alimentação,Teresina,513435,Atendente de lanchonete,891,1627.14,1568.0,1621.0,1675.0,1663.05,44.0,False,202508-202607
CNAE 56 - alimentação,Vitória,513435,Atendente de lanchonete,1384,1702.39,1590.0,1705.0,1705.0,1740.1,44.0,False,202508-202607
CNAE 56 - alimentação,Aracaju,513505,Auxiliar nos serviços de alimentação,1136,1632.14,1560.0,1621.0,1670.0,1669.43,44.0,False,202508-202607
CNAE 56 - alimentação,Belo Horizonte,513505,Auxiliar nos serviços de alimentação,7498,1734.24,1623.94,1697.0,1793.0,1770.54,44.0,False,202508-202607
CNAE 56 - alimentação,Belém,513505,Auxiliar nos serviços de alimentação,1588,1619.61,1580.0,1621.0,1650.0,1658.61,44.0,False,202508-202607
CNAE 56 - alimentação,Boa Vista,513505,Auxiliar nos serviços de alimentação,591,1625.8,1586.31,1621.0,1621.0,1664.34,44.0,False,202508-202607
CNAE 56 - alimentação,Brasília,513505,Auxiliar nos serviços de alimentação,7301,1717.6,1639.44,1750.06,1750.68,1756.07,44.0,False,202508-202607
CNAE 56 - alimentação,Campo Grande,513505,Auxiliar nos serviços de alimentação,1948,1743.07,1609.0,1691.2,1800.0,1781.72,44.0,False,202508-202607
CNAE 56 - alimentação,Cuiabá,513505,Auxiliar nos serviços de alimentação,1586,1690.72,1600.0,1650.0,1700.0,1728.92,44.0,False,202508-202607
CNAE 56 - alimentação,Curitiba,513505,Auxiliar nos serviços de alimentação,8193,1914.09,1828.0,1853.29,2000.0,1957.71,44.0,False,202508-202607
CNAE 56 - alimentação,Florianópolis,513505,Auxiliar nos serviços de alimentação,2924,2102.24,1978.0,2146.0,2146.0,2151.46,44.0,False,202508-202607
CNAE 56 - alimentação,Fortaleza,513505,Auxiliar nos serviços de alimentação,3928,1631.17,1563.54,1653.42,1674.49,1668.18,44.0,False,202508-202607
CNAE 56 - alimentação,Goiânia,513505,Auxiliar nos serviços de alimentação,3815,1731.26,1635.87,1650.0,1750.0,1770.53,44.0,False,202508-202607
CNAE 56 - alimentação,João Pessoa,513505,Auxiliar nos serviços de alimentação,1776,1624.51,1563.0,1621.0,1658.06,1661.88,44.0,False,202508-202607
CNAE 56 - alimentação,Macapá,513505,Auxiliar nos serviços de alimentação,485,1604.88,1580.0,1621.0,1621.0,1637.11,44.0,False,202508-202607
CNAE 56 - alimentação,Maceió,513505,Auxiliar nos serviços de alimentação,1444,1655.85,1580.0,1695.0,1695.0,1693.41,44.0,False,202508-202607
CNAE 56 - alimentação,Manaus,513505,Auxiliar nos serviços de alimentação,3354,1667.26,1621.0,1621.0,1731.09,1704.6,44.0,False,202508-202607
CNAE 56 - alimentação,Natal,513505,Auxiliar nos serviços de alimentação,1343,1633.86,1595.0,1621.0,1669.94,1670.03,44.0,False,202508-202607
CNAE 56 - alimentação,Palmas,513505,Auxiliar nos serviços de alimentação,581,1704.17,1606.0,1664.0,1725.0,1742.33,44.0,False,202508-202607
CNAE 56 - alimentação,Porto Alegre,513505,Auxiliar nos serviços de alimentação,4478,1821.52,1770.85,1770.85,1868.23,1864.21,44.0,False,202508-202607
CNAE 56 - alimentação,Porto Velho,513505,Auxiliar nos serviços de alimentação,545,1661.59,1598.0,1637.0,1706.5,1700.0,44.0,False,202508-202607
CNAE 56 - alimentação,Recife,513505,Auxiliar nos serviços de alimentação,3105,1671.71,1633.37,1668.0,1700.0,1709.47,44.0,False,202508-202607
CNAE 56 - alimentação,Rio Branco,513505,Auxiliar nos serviços de alimentação,367,1617.63,1518.0,1621.0,1621.0,1654.54,44.0,False,202508-202607
CNAE 56 - alimentação,Rio de Janeiro,513505,Auxiliar nos serviços de alimentação,13221,1729.9,1621.0,1693.32,1800.68,1768.08,44.0,False,202508-202607
CNAE 56 - alimentação,Salvador,513505,Auxiliar nos serviços de alimentação,2737,1650.65,1625.09,1625.09,1650.0,1687.69,44.0,False,202508-202607
CNAE 56 - alimentação,São Luís,513505,Auxiliar nos serviços de alimentação,1240,1668.42,1665.59,1665.59,1665.59,1705.8,44.0,False,202508-202607
CNAE 56 - alimentação,São Paulo,513505,Auxiliar nos serviços de alimentação,35242,2021.47,1804.0,1950.0,2120.0,2066.61,44.0,False,202508-202607
CNAE 56 - alimentação,Teresina,513505,Auxiliar nos serviços de alimentação,924,1637.29,1568.0,1675.0,1675.0,1673.06,44.0,False,202508-202607
CNAE 56 - alimentação,Vitória,513505,Auxiliar nos serviços de alimentação,1660,1748.67,1638.97,1705.0,1790.33,1789.81,44.0,False,202508-202607
CNAE 56 - alimentação,Aracaju,514320,Faxineiro,475,1605.94,1560.0,1621.0,1621.0,1642.65,44.0,False,202508-202607
CNAE 56 - alimentação,Belo Horizonte,514320,Faxineiro,2412,1703.65,1621.0,1688.0,1772.8,1741.57,44.0,False,202508-202607
CNAE 56 - alimentação,Belém,514320,Faxineiro,447,1606.85,1520.0,1621.0,1621.0,1646.64,44.0,False,202508-202607
CNAE 56 - alimentação,Boa Vista,514320,Faxineiro,83,1644.02,1586.31,1621.0,1621.0,1689.36,44.0,False,202508-202607
CNAE 56 - alimentação,Brasília,514320,Faxineiro,2369,1705.01,1639.44,1720.76,1750.68,1743.09,44.0,False,202508-202607
CNAE 56 - alimentação,Campo Grande,514320,Faxineiro,199,1748.73,1600.0,1691.2,1800.0,1785.74,44.0,False,202508-202607
CNAE 56 - alimentação,Cuiabá,514320,Faxineiro,306,1716.4,1621.0,1632.91,1763.54,1756.81,44.0,False,202508-202607
CNAE 56 - alimentação,Curitiba,514320,Faxineiro,1993,1890.68,1800.0,1895.65,1907.56,1933.39,44.0,False,202508-202607
CNAE 56 - alimentação,Florianópolis,514320,Faxineiro,300,2067.65,1978.0,2100.0,2146.0,2116.05,44.0,False,202508-202607
CNAE 56 - alimentação,Fortaleza,514320,Faxineiro,956,1622.69,1563.54,1650.0,1674.49,1658.81,44.0,False,202508-202607
CNAE 56 - alimentação,Goiânia,514320,Faxineiro,922,1710.25,1635.87,1650.0,1750.0,1749.44,44.0,False,202508-202607
CNAE 56 - alimentação,João Pessoa,514320,Faxineiro,537,1603.53,1563.0,1621.0,1621.0,1640.81,44.0,False,202508-202607
CNAE 56 - alimentação,Macapá,514320,Faxineiro,103,1607.86,1601.49,1621.0,1621.0,1639.44,44.0,False,202508-202607
CNAE 56 - alimentação,Maceió,514320,Faxineiro,385,1641.45,1580.0,1669.8,1695.0,1680.75,44.0,False,202508-202607
CNAE 56 - alimentação,Manaus,514320,Faxineiro,2093,1696.76,1621.0,1698.99,1698.99,1735.15,44.0,False,202508-202607
CNAE 56 - alimentação,Natal,514320,Faxineiro,365,1630.5,1595.0,1621.0,1653.0,1666.64,44.0,False,202508-202607
CNAE 56 - alimentação,Palmas,514320,Faxineiro,110,1688.17,1609.9,1700.0,1708.35,1721.96,44.0,False,202508-202607
CNAE 56 - alimentação,Porto Alegre,514320,Faxineiro,1258,1782.18,1765.86,1770.85,1831.0,1822.9,44.0,False,202508-202607
CNAE 56 - alimentação,Porto Velho,514320,Faxineiro,92,1666.74,1598.0,1639.0,1706.5,1704.07,44.0,False,202508-202607
CNAE 56 - alimentação,Recife,514320,Faxineiro,1372,1658.48,1638.65,1668.0,1700.0,1696.32,44.0,False,202508-202607
CNAE 56 - alimentação,Rio Branco,514320,Faxineiro,67,1595.76,1518.0,1621.0,1621.0,1633.52,44.0,False,202508-202607
CNAE 56 - alimentação,Rio de Janeiro,514320,Faxineiro,4695,1703.15,1621.0,1689.35,1800.68,1741.41,44.0,False,202508-202607
CNAE 56 - alimentação,Salvador,514320,Faxineiro,1470,1630.79,1625.09,1625.09,1625.09,1667.27,44.0,False,202508-202607
CNAE 56 - alimentação,São Luís,514320,Faxineiro,709,1638.8,1636.74,1636.74,1665.59,1678.0,44.0,False,202508-202607
CNAE 56 - alimentação,São Paulo,514320,Faxineiro,7320,1923.67,1804.0,1837.4,2050.01,1968.67,44.0,False,202508-202607
CNAE 56 - alimentação,Teresina,514320,Faxineiro,167,1627.79,1568.0,1647.57,1675.0,1664.35,44.0,False,202508-202607
CNAE 56 - alimentação,Vitória,514320,Faxineiro,578,1702.46,1553.88,1704.0,1821.89,1756.93,44.0,False,202508-202607
CNAE 56 - alimentação,Aracaju,521140,Atendente de lojas e mercados,153,1636.82,1560.0,1621.0,1660.0,1674.56,44.0,False,202508-202607
CNAE 56 - alimentação,Belo Horizonte,521140,Atendente de lojas e mercados,1857,1698.59,1600.0,1697.0,1738.0,1737.82,44.0,False,202508-202607
CNAE 56 - alimentação,Belém,521140,Atendente de lojas e mercados,336,1611.77,1580.0,1621.0,1636.18,1649.24,44.0,False,202508-202607
CNAE 56 - alimentação,Boa Vista,521140,Atendente de lojas e mercados,56,1625.8,1597.7,1621.0,1621.0,1656.48,44.0,False,202508-202607
CNAE 56 - alimentação,Brasília,521140,Atendente de lojas e mercados,1619,1700.22,1639.44,1700.0,1750.68,1737.03,44.0,False,202508-202607
CNAE 56 - alimentação,Campo Grande,521140,Atendente de lojas e mercados,306,1733.93,1621.0,1691.2,1785.0,1775.57,44.0,False,202508-202607
CNAE 56 - alimentação,Cuiabá,521140,Atendente de lojas e mercados,180,1670.27,1600.0,1676.0,1717.0,1704.17,44.0,False,202508-202607
CNAE 56 - alimentação,Curitiba,521140,Atendente de lojas e mercados,1036,1936.79,1828.0,1900.0,2050.75,1981.2,44.0,False,202508-202607
CNAE 56 - alimentação,Florianópolis,521140,Atendente de lojas e mercados,309,2084.35,1978.0,2146.0,2146.0,2136.26,44.0,False,202508-202607
CNAE 56 - alimentação,Fortaleza,521140,Atendente de lojas e mercados,449,1609.94,1563.54,1621.0,1665.29,1645.75,44.0,False,202508-202607
CNAE 56 - alimentação,Goiânia,521140,Atendente de lojas e mercados,804,1692.7,1635.87,1635.87,1750.0,1731.76,44.0,False,202508-202607
CNAE 56 - alimentação,João Pessoa,521140,Atendente de lojas e mercados,250,1614.53,1563.0,1621.0,1621.0,1652.18,44.0,False,202508-202607
CNAE 56 - alimentação,Macapá,521140,Atendente de lojas e mercados,109,1592.92,1518.0,1621.0,1621.0,1623.64,44.0,False,202508-202607
CNAE 56 - alimentação,Maceió,521140,Atendente de lojas e mercados,257,1640.64,1580.0,1621.0,1695.0,1676.76,44.0,False,202508-202607
CNAE 56 - alimentação,Manaus,521140,Atendente de lojas e mercados,592,1602.3,1593.9,1621.0,1621.0,1640.94,44.0,False,202508-202607
CNAE 56 - alimentação,Natal,521140,Atendente de lojas e mercados,185,1630.93,1595.0,1621.0,1670.0,1664.36,44.0,False,202508-202607
CNAE 56 - alimentação,Palmas,521140,Atendente de lojas e mercados,66,1672.61,1606.0,1621.0,1725.0,1713.36,44.0,False,202508-202607
CNAE 56 - alimentação,Porto Alegre,521140,Atendente de lojas e mercados,474,1854.35,1770.85,1800.0,1912.0,1893.74,44.0,False,202508-202607
CNAE 56 - alimentação,Porto Velho,521140,Atendente de lojas e mercados,80,1663.48,1621.0,1686.01,1706.5,1691.43,44.0,False,202508-202607
CNAE 56 - alimentação,Recife,521140,Atendente de lojas e mercados,557,1648.68,1621.0,1651.8,1700.0,1686.74,44.0,False,202508-202607
CNAE 56 - alimentação,Rio Branco,521140,Atendente de lojas e mercados,89,1588.43,1518.0,1539.44,1621.0,1631.92,44.0,False,202508-202607
CNAE 56 - alimentação,Rio de Janeiro,521140,Atendente de lojas e mercados,2978,1713.23,1621.0,1700.0,1800.68,1751.51,44.0,False,202508-202607
CNAE 56 - alimentação,Salvador,521140,Atendente de lojas e mercados,854,1630.5,1621.0,1625.09,1646.0,1668.5,44.0,False,202508-202607
CNAE 56 - alimentação,São Luís,521140,Atendente de lojas e mercados,156,1672.9,1665.59,1665.59,1665.76,1712.87,44.0,False,202508-202607
CNAE 56 - alimentação,São Paulo,521140,Atendente de lojas e mercados,4963,1987.95,1804.0,1976.1,2107.45,2032.13,44.0,False,202508-202607
CNAE 56 - alimentação,Teresina,521140,Atendente de lojas e mercados,194,1646.97,1568.0,1675.0,1675.0,1680.14,44.0,False,202508-202607
CNAE 56 - alimentação,Vitória,521140,Atendente de lojas e mercados,269,1687.54,1616.6,1705.0,1709.25,1723.98,44.0,False,202508-202607
CNAE 56 - alimentação,27 capitais,141510,Gerente de restaurante,7387,2982.41,2200.0,2700.0,3500.0,3047.78,44.0,False,202508-202607
CNAE 56 - alimentação,27 capitais,141515,Gerente de bar,1404,2701.66,2000.0,2500.0,3000.0,2763.34,44.0,False,202508-202607
CNAE 56 - alimentação,27 capitais,371410,Recreador,1188,1701.11,1621.0,1669.2,1750.0,1739.64,44.0,False,202508-202607
CNAE 56 - alimentação,27 capitais,421125,Operador de caixa,14316,1800.91,1625.09,1733.45,1900.0,1842.83,44.0,False,202508-202607
CNAE 56 - alimentação,27 capitais,513205,Cozinheiro geral,54113,2046.06,1738.0,1872.16,2234.0,2092.32,44.0,False,202508-202607
CNAE 56 - alimentação,27 capitais,513405,Garçom,43378,1838.32,1651.8,1750.68,1978.0,1880.9,44.0,False,202508-202607
CNAE 56 - alimentação,27 capitais,513415,Cumim,15978,1740.92,1639.44,1700.0,1804.0,1780.97,44.0,False,202508-202607
CNAE 56 - alimentação,27 capitais,513420,Barman,9253,1861.38,1665.0,1771.0,1982.0,1903.69,44.0,False,202508-202607
CNAE 56 - alimentação,27 capitais,513435,Atendente de lanchonete,125235,1745.78,1621.0,1688.53,1804.0,1784.52,44.0,False,202508-202607
CNAE 56 - alimentação,27 capitais,513505,Auxiliar nos serviços de alimentação,113010,1828.51,1642.16,1787.0,1934.0,1869.5,44.0,False,202508-202607
CNAE 56 - alimentação,27 capitais,514320,Faxineiro,31783,1756.19,1625.09,1703.0,1821.6,1796.57,44.0,False,202508-202607
CNAE 56 - alimentação,27 capitais,521140,Atendente de lojas e mercados,19178,1782.35,1621.0,1712.0,1850.0,1822.44,44.0,False,202508-202607
