tabela,variavel_id,variavel,unidade,nivel,localidade_id,localidade,periodo,Serviços prestados às famílias,valor_original,valor
2611,639,Receita bruta - prestação de serviços,Mil Reais,Brasil,1,Brasil,2019,1. Total,223904993,223904993.0
2611,639,Receita bruta - prestação de serviços,Mil Reais,Brasil,1,Brasil,2020,1. Total,176376025,176376025.0
2611,639,Receita bruta - prestação de serviços,Mil Reais,Brasil,1,Brasil,2021,1. Total,225431436,225431436.0
2611,639,Receita bruta - prestação de serviços,Mil Reais,Brasil,1,Brasil,2022,1. Total,308962667,308962667.0
2611,639,Receita bruta - prestação de serviços,Mil Reais,Brasil,1,Brasil,2023,1. Total,388917984,388917984.0
2611,639,Receita bruta - prestação de serviços,Mil Reais,Brasil,1,Brasil,2019,1.2 Serviços de alimentação,146624115,146624115.0
2611,639,Receita bruta - prestação de serviços,Mil Reais,Brasil,1,Brasil,2020,1.2 Serviços de alimentação,116379139,116379139.0
2611,639,Receita bruta - prestação de serviços,Mil Reais,Brasil,1,Brasil,2021,1.2 Serviços de alimentação,143113017,143113017.0
2611,639,Receita bruta - prestação de serviços,Mil Reais,Brasil,1,Brasil,2022,1.2 Serviços de alimentação,198225765,198225765.0
2611,639,Receita bruta - prestação de serviços,Mil Reais,Brasil,1,Brasil,2023,1.2 Serviços de alimentação,245949352,245949352.0
2611,639,Receita bruta - prestação de serviços,Mil Reais,Brasil,1,Brasil,2019,"1.3 Atividades culturais, recreativas e esportivas",15042433,15042433.0
2611,639,Receita bruta - prestação de serviços,Mil Reais,Brasil,1,Brasil,2020,"1.3 Atividades culturais, recreativas e esportivas",10981241,10981241.0
2611,639,Receita bruta - prestação de serviços,Mil Reais,Brasil,1,Brasil,2021,"1.3 Atividades culturais, recreativas e esportivas",13169227,13169227.0
2611,639,Receita bruta - prestação de serviços,Mil Reais,Brasil,1,Brasil,2022,"1.3 Atividades culturais, recreativas e esportivas",20476560,20476560.0
2611,639,Receita bruta - prestação de serviços,Mil Reais,Brasil,1,Brasil,2023,"1.3 Atividades culturais, recreativas e esportivas",29392855,29392855.0
2611,639,Receita bruta - prestação de serviços,Mil Reais,Brasil,1,Brasil,2019,2.2 Serviços de alimentação,83449384,83449384.0
2611,639,Receita bruta - prestação de serviços,Mil Reais,Brasil,1,Brasil,2020,2.2 Serviços de alimentação,57933125,57933125.0
2611,639,Receita bruta - prestação de serviços,Mil Reais,Brasil,1,Brasil,2021,2.2 Serviços de alimentação,75759775,75759775.0
2611,639,Receita bruta - prestação de serviços,Mil Reais,Brasil,1,Brasil,2022,2.2 Serviços de alimentação,109266508,109266508.0
2611,639,Receita bruta - prestação de serviços,Mil Reais,Brasil,1,Brasil,2023,2.2 Serviços de alimentação,132787911,132787911.0
2611,639,Receita bruta - prestação de serviços,Mil Reais,Brasil,1,Brasil,2019,2.2.1 Restaurantes e outros serviços de alimentação e bebidas,62104117,62104117.0
2611,639,Receita bruta - prestação de serviços,Mil Reais,Brasil,1,Brasil,2020,2.2.1 Restaurantes e outros serviços de alimentação e bebidas,40539524,40539524.0
2611,639,Receita bruta - prestação de serviços,Mil Reais,Brasil,1,Brasil,2021,2.2.1 Restaurantes e outros serviços de alimentação e bebidas,54426070,54426070.0
2611,639,Receita bruta - prestação de serviços,Mil Reais,Brasil,1,Brasil,2022,2.2.1 Restaurantes e outros serviços de alimentação e bebidas,79367761,79367761.0
2611,639,Receita bruta - prestação de serviços,Mil Reais,Brasil,1,Brasil,2023,2.2.1 Restaurantes e outros serviços de alimentação e bebidas,95452941,95452941.0
2611,639,Receita bruta - prestação de serviços,Mil Reais,Brasil,1,Brasil,2019,"2.3 Atividades culturais, recreativas e esportivas",8704486,8704486.0
2611,639,Receita bruta - prestação de serviços,Mil Reais,Brasil,1,Brasil,2020,"2.3 Atividades culturais, recreativas e esportivas",4656063,4656063.0
2611,639,Receita bruta - prestação de serviços,Mil Reais,Brasil,1,Brasil,2021,"2.3 Atividades culturais, recreativas e esportivas",5910775,5910775.0
2611,639,Receita bruta - prestação de serviços,Mil Reais,Brasil,1,Brasil,2022,"2.3 Atividades culturais, recreativas e esportivas",11218403,11218403.0
2611,639,Receita bruta - prestação de serviços,Mil Reais,Brasil,1,Brasil,2023,"2.3 Atividades culturais, recreativas e esportivas",15581613,15581613.0
2611,640,Receita bruta - revenda de mercadorias,Mil Reais,Brasil,1,Brasil,2019,1. Total,2816589,2816589.0
2611,640,Receita bruta - revenda de mercadorias,Mil Reais,Brasil,1,Brasil,2020,1. Total,2576881,2576881.0
2611,640,Receita bruta - revenda de mercadorias,Mil Reais,Brasil,1,Brasil,2021,1. Total,3931103,3931103.0
2611,640,Receita bruta - revenda de mercadorias,Mil Reais,Brasil,1,Brasil,2022,1. Total,7062382,7062382.0
2611,640,Receita bruta - revenda de mercadorias,Mil Reais,Brasil,1,Brasil,2023,1. Total,7362726,7362726.0
2611,640,Receita bruta - revenda de mercadorias,Mil Reais,Brasil,1,Brasil,2019,1.2 Serviços de alimentação,1122894,1122894.0
2611,640,Receita bruta - revenda de mercadorias,Mil Reais,Brasil,1,Brasil,2020,1.2 Serviços de alimentação,833785,833785.0
2611,640,Receita bruta - revenda de mercadorias,Mil Reais,Brasil,1,Brasil,2021,1.2 Serviços de alimentação,1936748,1936748.0
2611,640,Receita bruta - revenda de mercadorias,Mil Reais,Brasil,1,Brasil,2022,1.2 Serviços de alimentação,3985844,3985844.0
2611,640,Receita bruta - revenda de mercadorias,Mil Reais,Brasil,1,Brasil,2023,1.2 Serviços de alimentação,4058535,4058535.0
2611,640,Receita bruta - revenda de mercadorias,Mil Reais,Brasil,1,Brasil,2019,"1.3 Atividades culturais, recreativas e esportivas",409353,409353.0
2611,640,Receita bruta - revenda de mercadorias,Mil Reais,Brasil,1,Brasil,2020,"1.3 Atividades culturais, recreativas e esportivas",436561,436561.0
2611,640,Receita bruta - revenda de mercadorias,Mil Reais,Brasil,1,Brasil,2021,"1.3 Atividades culturais, recreativas e esportivas",288215,288215.0
2611,640,Receita bruta - revenda de mercadorias,Mil Reais,Brasil,1,Brasil,2022,"1.3 Atividades culturais, recreativas e esportivas",476387,476387.0
2611,640,Receita bruta - revenda de mercadorias,Mil Reais,Brasil,1,Brasil,2023,"1.3 Atividades culturais, recreativas e esportivas",704396,704396.0
2611,640,Receita bruta - revenda de mercadorias,Mil Reais,Brasil,1,Brasil,2019,2.2 Serviços de alimentação,1030670,1030670.0
2611,640,Receita bruta - revenda de mercadorias,Mil Reais,Brasil,1,Brasil,2020,2.2 Serviços de alimentação,595432,595432.0
2611,640,Receita bruta - revenda de mercadorias,Mil Reais,Brasil,1,Brasil,2021,2.2 Serviços de alimentação,742722,742722.0
2611,640,Receita bruta - revenda de mercadorias,Mil Reais,Brasil,1,Brasil,2022,2.2 Serviços de alimentação,1998617,1998617.0
2611,640,Receita bruta - revenda de mercadorias,Mil Reais,Brasil,1,Brasil,2023,2.2 Serviços de alimentação,2140407,2140407.0
2611,640,Receita bruta - revenda de mercadorias,Mil Reais,Brasil,1,Brasil,2019,2.2.1 Restaurantes e outros serviços de alimentação e bebidas,305506,305506.0
2611,640,Receita bruta - revenda de mercadorias,Mil Reais,Brasil,1,Brasil,2020,2.2.1 Restaurantes e outros serviços de alimentação e bebidas,330941,330941.0
2611,640,Receita bruta - revenda de mercadorias,Mil Reais,Brasil,1,Brasil,2021,2.2.1 Restaurantes e outros serviços de alimentação e bebidas,398693,398693.0
2611,640,Receita bruta - revenda de mercadorias,Mil Reais,Brasil,1,Brasil,2022,2.2.1 Restaurantes e outros serviços de alimentação e bebidas,825264,825264.0
2611,640,Receita bruta - revenda de mercadorias,Mil Reais,Brasil,1,Brasil,2023,2.2.1 Restaurantes e outros serviços de alimentação e bebidas,668803,668803.0
2611,640,Receita bruta - revenda de mercadorias,Mil Reais,Brasil,1,Brasil,2019,"2.3 Atividades culturais, recreativas e esportivas",225855,225855.0
2611,640,Receita bruta - revenda de mercadorias,Mil Reais,Brasil,1,Brasil,2020,"2.3 Atividades culturais, recreativas e esportivas",145160,145160.0
2611,640,Receita bruta - revenda de mercadorias,Mil Reais,Brasil,1,Brasil,2021,"2.3 Atividades culturais, recreativas e esportivas",196557,196557.0
2611,640,Receita bruta - revenda de mercadorias,Mil Reais,Brasil,1,Brasil,2022,"2.3 Atividades culturais, recreativas e esportivas",351866,351866.0
2611,640,Receita bruta - revenda de mercadorias,Mil Reais,Brasil,1,Brasil,2023,"2.3 Atividades culturais, recreativas e esportivas",446693,446693.0
2611,641,Receita bruta - outras atividades,Mil Reais,Brasil,1,Brasil,2019,1. Total,966784,966784.0
2611,641,Receita bruta - outras atividades,Mil Reais,Brasil,1,Brasil,2020,1. Total,850982,850982.0
2611,641,Receita bruta - outras atividades,Mil Reais,Brasil,1,Brasil,2021,1. Total,1291825,1291825.0
2611,641,Receita bruta - outras atividades,Mil Reais,Brasil,1,Brasil,2022,1. Total,1266015,1266015.0
2611,641,Receita bruta - outras atividades,Mil Reais,Brasil,1,Brasil,2023,1. Total,1984096,1984096.0
2611,641,Receita bruta - outras atividades,Mil Reais,Brasil,1,Brasil,2019,1.2 Serviços de alimentação,605027,605027.0
2611,641,Receita bruta - outras atividades,Mil Reais,Brasil,1,Brasil,2020,1.2 Serviços de alimentação,543589,543589.0
2611,641,Receita bruta - outras atividades,Mil Reais,Brasil,1,Brasil,2021,1.2 Serviços de alimentação,884492,884492.0
2611,641,Receita bruta - outras atividades,Mil Reais,Brasil,1,Brasil,2022,1.2 Serviços de alimentação,976421,976421.0
2611,641,Receita bruta - outras atividades,Mil Reais,Brasil,1,Brasil,2023,1.2 Serviços de alimentação,1666715,1666715.0
2611,641,Receita bruta - outras atividades,Mil Reais,Brasil,1,Brasil,2019,"1.3 Atividades culturais, recreativas e esportivas",114645,114645.0
2611,641,Receita bruta - outras atividades,Mil Reais,Brasil,1,Brasil,2020,"1.3 Atividades culturais, recreativas e esportivas",105700,105700.0
2611,641,Receita bruta - outras atividades,Mil Reais,Brasil,1,Brasil,2021,"1.3 Atividades culturais, recreativas e esportivas",247483,247483.0
2611,641,Receita bruta - outras atividades,Mil Reais,Brasil,1,Brasil,2022,"1.3 Atividades culturais, recreativas e esportivas",37773,37773.0
2611,641,Receita bruta - outras atividades,Mil Reais,Brasil,1,Brasil,2023,"1.3 Atividades culturais, recreativas e esportivas",47461,47461.0
2611,641,Receita bruta - outras atividades,Mil Reais,Brasil,1,Brasil,2019,2.2 Serviços de alimentação,584428,584428.0
2611,641,Receita bruta - outras atividades,Mil Reais,Brasil,1,Brasil,2020,2.2 Serviços de alimentação,543589,543589.0
2611,641,Receita bruta - outras atividades,Mil Reais,Brasil,1,Brasil,2021,2.2 Serviços de alimentação,817264,817264.0
2611,641,Receita bruta - outras atividades,Mil Reais,Brasil,1,Brasil,2022,2.2 Serviços de alimentação,971339,971339.0
2611,641,Receita bruta - outras atividades,Mil Reais,Brasil,1,Brasil,2023,2.2 Serviços de alimentação,1226347,1226347.0
2611,641,Receita bruta - outras atividades,Mil Reais,Brasil,1,Brasil,2019,2.2.1 Restaurantes e outros serviços de alimentação e bebidas,189902,189902.0
2611,641,Receita bruta - outras atividades,Mil Reais,Brasil,1,Brasil,2020,2.2.1 Restaurantes e outros serviços de alimentação e bebidas,64481,64481.0
2611,641,Receita bruta - outras atividades,Mil Reais,Brasil,1,Brasil,2021,2.2.1 Restaurantes e outros serviços de alimentação e bebidas,86855,86855.0
2611,641,Receita bruta - outras atividades,Mil Reais,Brasil,1,Brasil,2022,2.2.1 Restaurantes e outros serviços de alimentação e bebidas,223684,223684.0
2611,641,Receita bruta - outras atividades,Mil Reais,Brasil,1,Brasil,2023,2.2.1 Restaurantes e outros serviços de alimentação e bebidas,248156,248156.0
2611,641,Receita bruta - outras atividades,Mil Reais,Brasil,1,Brasil,2019,"2.3 Atividades culturais, recreativas e esportivas",110113,110113.0
2611,641,Receita bruta - outras atividades,Mil Reais,Brasil,1,Brasil,2020,"2.3 Atividades culturais, recreativas e esportivas",105429,105429.0
2611,641,Receita bruta - outras atividades,Mil Reais,Brasil,1,Brasil,2021,"2.3 Atividades culturais, recreativas e esportivas",135990,135990.0
2611,641,Receita bruta - outras atividades,Mil Reais,Brasil,1,Brasil,2022,"2.3 Atividades culturais, recreativas e esportivas",36264,36264.0
2611,641,Receita bruta - outras atividades,Mil Reais,Brasil,1,Brasil,2023,"2.3 Atividades culturais, recreativas e esportivas",38596,38596.0
2611,642,Deduções,Mil Reais,Brasil,1,Brasil,2019,1. Total,18174570,18174570.0
2611,642,Deduções,Mil Reais,Brasil,1,Brasil,2020,1. Total,16720604,16720604.0
2611,642,Deduções,Mil Reais,Brasil,1,Brasil,2021,1. Total,19463921,19463921.0
2611,642,Deduções,Mil Reais,Brasil,1,Brasil,2022,1. Total,26698663,26698663.0
2611,642,Deduções,Mil Reais,Brasil,1,Brasil,2023,1. Total,31572788,31572788.0
2611,642,Deduções,Mil Reais,Brasil,1,Brasil,2019,1.2 Serviços de alimentação,10965405,10965405.0
2611,642,Deduções,Mil Reais,Brasil,1,Brasil,2020,1.2 Serviços de alimentação,10842432,10842432.0
2611,642,Deduções,Mil Reais,Brasil,1,Brasil,2021,1.2 Serviços de alimentação,11566566,11566566.0
2611,642,Deduções,Mil Reais,Brasil,1,Brasil,2022,1.2 Serviços de alimentação,16730034,16730034.0
2611,642,Deduções,Mil Reais,Brasil,1,Brasil,2023,1.2 Serviços de alimentação,18966596,18966596.0
2611,642,Deduções,Mil Reais,Brasil,1,Brasil,2019,"1.3 Atividades culturais, recreativas e esportivas",1517697,1517697.0
2611,642,Deduções,Mil Reais,Brasil,1,Brasil,2020,"1.3 Atividades culturais, recreativas e esportivas",1175865,1175865.0
2611,642,Deduções,Mil Reais,Brasil,1,Brasil,2021,"1.3 Atividades culturais, recreativas e esportivas",1307535,1307535.0
2611,642,Deduções,Mil Reais,Brasil,1,Brasil,2022,"1.3 Atividades culturais, recreativas e esportivas",1819299,1819299.0
2611,642,Deduções,Mil Reais,Brasil,1,Brasil,2023,"1.3 Atividades culturais, recreativas e esportivas",2401776,2401776.0
2611,642,Deduções,Mil Reais,Brasil,1,Brasil,2019,2.2 Serviços de alimentação,7716740,7716740.0
2611,642,Deduções,Mil Reais,Brasil,1,Brasil,2020,2.2 Serviços de alimentação,5590158,5590158.0
2611,642,Deduções,Mil Reais,Brasil,1,Brasil,2021,2.2 Serviços de alimentação,7319785,7319785.0
2611,642,Deduções,Mil Reais,Brasil,1,Brasil,2022,2.2 Serviços de alimentação,10863110,10863110.0
2611,642,Deduções,Mil Reais,Brasil,1,Brasil,2023,2.2 Serviços de alimentação,11793503,11793503.0
2611,642,Deduções,Mil Reais,Brasil,1,Brasil,2019,2.2.1 Restaurantes e outros serviços de alimentação e bebidas,5280885,5280885.0
2611,642,Deduções,Mil Reais,Brasil,1,Brasil,2020,2.2.1 Restaurantes e outros serviços de alimentação e bebidas,3654859,3654859.0
2611,642,Deduções,Mil Reais,Brasil,1,Brasil,2021,2.2.1 Restaurantes e outros serviços de alimentação e bebidas,4839760,4839760.0
2611,642,Deduções,Mil Reais,Brasil,1,Brasil,2022,2.2.1 Restaurantes e outros serviços de alimentação e bebidas,7816193,7816193.0
2611,642,Deduções,Mil Reais,Brasil,1,Brasil,2023,2.2.1 Restaurantes e outros serviços de alimentação e bebidas,7854879,7854879.0
2611,642,Deduções,Mil Reais,Brasil,1,Brasil,2019,"2.3 Atividades culturais, recreativas e esportivas",1030618,1030618.0
2611,642,Deduções,Mil Reais,Brasil,1,Brasil,2020,"2.3 Atividades culturais, recreativas e esportivas",614276,614276.0
2611,642,Deduções,Mil Reais,Brasil,1,Brasil,2021,"2.3 Atividades culturais, recreativas e esportivas",745368,745368.0
2611,642,Deduções,Mil Reais,Brasil,1,Brasil,2022,"2.3 Atividades culturais, recreativas e esportivas",1156275,1156275.0
2611,642,Deduções,Mil Reais,Brasil,1,Brasil,2023,"2.3 Atividades culturais, recreativas e esportivas",1335757,1335757.0
2611,643,Receita operacional líquida,Mil Reais,Brasil,1,Brasil,2019,1. Total,209513795,209513795.0
2611,643,Receita operacional líquida,Mil Reais,Brasil,1,Brasil,2020,1. Total,163083282,163083282.0
2611,643,Receita operacional líquida,Mil Reais,Brasil,1,Brasil,2021,1. Total,211190444,211190444.0
2611,643,Receita operacional líquida,Mil Reais,Brasil,1,Brasil,2022,1. Total,290592401,290592401.0
2611,643,Receita operacional líquida,Mil Reais,Brasil,1,Brasil,2023,1. Total,366692019,366692019.0
2611,643,Receita operacional líquida,Mil Reais,Brasil,1,Brasil,2019,1.2 Serviços de alimentação,137386630,137386630.0
2611,643,Receita operacional líquida,Mil Reais,Brasil,1,Brasil,2020,1.2 Serviços de alimentação,106914081,106914081.0
2611,643,Receita operacional líquida,Mil Reais,Brasil,1,Brasil,2021,1.2 Serviços de alimentação,134367691,134367691.0
2611,643,Receita operacional líquida,Mil Reais,Brasil,1,Brasil,2022,1.2 Serviços de alimentação,186457996,186457996.0
2611,643,Receita operacional líquida,Mil Reais,Brasil,1,Brasil,2023,1.2 Serviços de alimentação,232708006,232708006.0
2611,643,Receita operacional líquida,Mil Reais,Brasil,1,Brasil,2019,"1.3 Atividades culturais, recreativas e esportivas",14048735,14048735.0
2611,643,Receita operacional líquida,Mil Reais,Brasil,1,Brasil,2020,"1.3 Atividades culturais, recreativas e esportivas",10347636,10347636.0
2611,643,Receita operacional líquida,Mil Reais,Brasil,1,Brasil,2021,"1.3 Atividades culturais, recreativas e esportivas",12397390,12397390.0
2611,643,Receita operacional líquida,Mil Reais,Brasil,1,Brasil,2022,"1.3 Atividades culturais, recreativas e esportivas",19171421,19171421.0
2611,643,Receita operacional líquida,Mil Reais,Brasil,1,Brasil,2023,"1.3 Atividades culturais, recreativas e esportivas",27742936,27742936.0
2611,643,Receita operacional líquida,Mil Reais,Brasil,1,Brasil,2019,2.2 Serviços de alimentação,77347742,77347742.0
2611,643,Receita operacional líquida,Mil Reais,Brasil,1,Brasil,2020,2.2 Serviços de alimentação,53481988,53481988.0
2611,643,Receita operacional líquida,Mil Reais,Brasil,1,Brasil,2021,2.2 Serviços de alimentação,69999977,69999977.0
2611,643,Receita operacional líquida,Mil Reais,Brasil,1,Brasil,2022,2.2 Serviços de alimentação,101373355,101373355.0
2611,643,Receita operacional líquida,Mil Reais,Brasil,1,Brasil,2023,2.2 Serviços de alimentação,124361161,124361161.0
2611,643,Receita operacional líquida,Mil Reais,Brasil,1,Brasil,2019,2.2.1 Restaurantes e outros serviços de alimentação e bebidas,57318640,57318640.0
2611,643,Receita operacional líquida,Mil Reais,Brasil,1,Brasil,2020,2.2.1 Restaurantes e outros serviços de alimentação e bebidas,37280087,37280087.0
2611,643,Receita operacional líquida,Mil Reais,Brasil,1,Brasil,2021,2.2.1 Restaurantes e outros serviços de alimentação e bebidas,50071858,50071858.0
2611,643,Receita operacional líquida,Mil Reais,Brasil,1,Brasil,2022,2.2.1 Restaurantes e outros serviços de alimentação e bebidas,72600517,72600517.0
2611,643,Receita operacional líquida,Mil Reais,Brasil,1,Brasil,2023,2.2.1 Restaurantes e outros serviços de alimentação e bebidas,88515021,88515021.0
2611,643,Receita operacional líquida,Mil Reais,Brasil,1,Brasil,2019,"2.3 Atividades culturais, recreativas e esportivas",8009834,8009834.0
2611,643,Receita operacional líquida,Mil Reais,Brasil,1,Brasil,2020,"2.3 Atividades culturais, recreativas e esportivas",4292376,4292376.0
2611,643,Receita operacional líquida,Mil Reais,Brasil,1,Brasil,2021,"2.3 Atividades culturais, recreativas e esportivas",5497955,5497955.0
2611,643,Receita operacional líquida,Mil Reais,Brasil,1,Brasil,2022,"2.3 Atividades culturais, recreativas e esportivas",10450259,10450259.0
2611,643,Receita operacional líquida,Mil Reais,Brasil,1,Brasil,2023,"2.3 Atividades culturais, recreativas e esportivas",14731146,14731146.0
2611,1567,Aluguel de imóveis,Mil Reais,Brasil,1,Brasil,2019,1. Total,682056,682056.0
2611,1567,Aluguel de imóveis,Mil Reais,Brasil,1,Brasil,2020,1. Total,496119,496119.0
2611,1567,Aluguel de imóveis,Mil Reais,Brasil,1,Brasil,2021,1. Total,849525,849525.0
2611,1567,Aluguel de imóveis,Mil Reais,Brasil,1,Brasil,2022,1. Total,1139096,1139096.0
2611,1567,Aluguel de imóveis,Mil Reais,Brasil,1,Brasil,2023,1. Total,1133997,1133997.0
2611,1567,Aluguel de imóveis,Mil Reais,Brasil,1,Brasil,2019,1.2 Serviços de alimentação,383684,383684.0
2611,1567,Aluguel de imóveis,Mil Reais,Brasil,1,Brasil,2020,1.2 Serviços de alimentação,405888,405888.0
2611,1567,Aluguel de imóveis,Mil Reais,Brasil,1,Brasil,2021,1.2 Serviços de alimentação,708836,708836.0
2611,1567,Aluguel de imóveis,Mil Reais,Brasil,1,Brasil,2022,1.2 Serviços de alimentação,824471,824471.0
2611,1567,Aluguel de imóveis,Mil Reais,Brasil,1,Brasil,2023,1.2 Serviços de alimentação,824084,824084.0
2611,1567,Aluguel de imóveis,Mil Reais,Brasil,1,Brasil,2019,"1.3 Atividades culturais, recreativas e esportivas",36051,36051.0
2611,1567,Aluguel de imóveis,Mil Reais,Brasil,1,Brasil,2020,"1.3 Atividades culturais, recreativas e esportivas",52649,52649.0
2611,1567,Aluguel de imóveis,Mil Reais,Brasil,1,Brasil,2021,"1.3 Atividades culturais, recreativas e esportivas",33369,33369.0
2611,1567,Aluguel de imóveis,Mil Reais,Brasil,1,Brasil,2022,"1.3 Atividades culturais, recreativas e esportivas",164142,164142.0
2611,1567,Aluguel de imóveis,Mil Reais,Brasil,1,Brasil,2023,"1.3 Atividades culturais, recreativas e esportivas",91163,91163.0
2611,1567,Aluguel de imóveis,Mil Reais,Brasil,1,Brasil,2019,2.2 Serviços de alimentação,379478,379478.0
2611,1567,Aluguel de imóveis,Mil Reais,Brasil,1,Brasil,2020,2.2 Serviços de alimentação,350739,350739.0
2611,1567,Aluguel de imóveis,Mil Reais,Brasil,1,Brasil,2021,2.2 Serviços de alimentação,702253,702253.0
2611,1567,Aluguel de imóveis,Mil Reais,Brasil,1,Brasil,2022,2.2 Serviços de alimentação,712924,712924.0
2611,1567,Aluguel de imóveis,Mil Reais,Brasil,1,Brasil,2023,2.2 Serviços de alimentação,807105,807105.0
2611,1567,Aluguel de imóveis,Mil Reais,Brasil,1,Brasil,2019,2.2.1 Restaurantes e outros serviços de alimentação e bebidas,375684,375684.0
2611,1567,Aluguel de imóveis,Mil Reais,Brasil,1,Brasil,2020,2.2.1 Restaurantes e outros serviços de alimentação e bebidas,347856,347856.0
2611,1567,Aluguel de imóveis,Mil Reais,Brasil,1,Brasil,2021,2.2.1 Restaurantes e outros serviços de alimentação e bebidas,700100,700100.0
2611,1567,Aluguel de imóveis,Mil Reais,Brasil,1,Brasil,2022,2.2.1 Restaurantes e outros serviços de alimentação e bebidas,663331,663331.0
2611,1567,Aluguel de imóveis,Mil Reais,Brasil,1,Brasil,2023,2.2.1 Restaurantes e outros serviços de alimentação e bebidas,800287,800287.0
2611,1567,Aluguel de imóveis,Mil Reais,Brasil,1,Brasil,2019,"2.3 Atividades culturais, recreativas e esportivas",28407,28407.0
2611,1567,Aluguel de imóveis,Mil Reais,Brasil,1,Brasil,2020,"2.3 Atividades culturais, recreativas e esportivas",45206,45206.0
2611,1567,Aluguel de imóveis,Mil Reais,Brasil,1,Brasil,2021,"2.3 Atividades culturais, recreativas e esportivas",32324,32324.0
2611,1567,Aluguel de imóveis,Mil Reais,Brasil,1,Brasil,2022,"2.3 Atividades culturais, recreativas e esportivas",103559,103559.0
2611,1567,Aluguel de imóveis,Mil Reais,Brasil,1,Brasil,2023,"2.3 Atividades culturais, recreativas e esportivas",73376,73376.0
2611,678,Subvenções e dotações orçamentárias recebidas de governos,Mil Reais,Brasil,1,Brasil,2019,1. Total,136754,136754.0
2611,678,Subvenções e dotações orçamentárias recebidas de governos,Mil Reais,Brasil,1,Brasil,2020,1. Total,99275,99275.0
2611,678,Subvenções e dotações orçamentárias recebidas de governos,Mil Reais,Brasil,1,Brasil,2021,1. Total,169316,169316.0
2611,678,Subvenções e dotações orçamentárias recebidas de governos,Mil Reais,Brasil,1,Brasil,2022,1. Total,354023,354023.0
2611,678,Subvenções e dotações orçamentárias recebidas de governos,Mil Reais,Brasil,1,Brasil,2023,1. Total,471126,471126.0
2611,678,Subvenções e dotações orçamentárias recebidas de governos,Mil Reais,Brasil,1,Brasil,2019,1.2 Serviços de alimentação,97554,97554.0
2611,678,Subvenções e dotações orçamentárias recebidas de governos,Mil Reais,Brasil,1,Brasil,2020,1.2 Serviços de alimentação,2494,2494.0
2611,678,Subvenções e dotações orçamentárias recebidas de governos,Mil Reais,Brasil,1,Brasil,2021,1.2 Serviços de alimentação,5303,5303.0
2611,678,Subvenções e dotações orçamentárias recebidas de governos,Mil Reais,Brasil,1,Brasil,2022,1.2 Serviços de alimentação,21803,21803.0
2611,678,Subvenções e dotações orçamentárias recebidas de governos,Mil Reais,Brasil,1,Brasil,2023,1.2 Serviços de alimentação,185110,185110.0
2611,678,Subvenções e dotações orçamentárias recebidas de governos,Mil Reais,Brasil,1,Brasil,2019,"1.3 Atividades culturais, recreativas e esportivas",24205,24205.0
2611,678,Subvenções e dotações orçamentárias recebidas de governos,Mil Reais,Brasil,1,Brasil,2020,"1.3 Atividades culturais, recreativas e esportivas",94625,94625.0
2611,678,Subvenções e dotações orçamentárias recebidas de governos,Mil Reais,Brasil,1,Brasil,2021,"1.3 Atividades culturais, recreativas e esportivas",159998,159998.0
2611,678,Subvenções e dotações orçamentárias recebidas de governos,Mil Reais,Brasil,1,Brasil,2022,"1.3 Atividades culturais, recreativas e esportivas",242828,242828.0
2611,678,Subvenções e dotações orçamentárias recebidas de governos,Mil Reais,Brasil,1,Brasil,2023,"1.3 Atividades culturais, recreativas e esportivas",160572,160572.0
2611,678,Subvenções e dotações orçamentárias recebidas de governos,Mil Reais,Brasil,1,Brasil,2019,2.2 Serviços de alimentação,97554,97554.0
2611,678,Subvenções e dotações orçamentárias recebidas de governos,Mil Reais,Brasil,1,Brasil,2020,2.2 Serviços de alimentação,1749,1749.0
2611,678,Subvenções e dotações orçamentárias recebidas de governos,Mil Reais,Brasil,1,Brasil,2021,2.2 Serviços de alimentação,5270,5270.0
2611,678,Subvenções e dotações orçamentárias recebidas de governos,Mil Reais,Brasil,1,Brasil,2022,2.2 Serviços de alimentação,21803,21803.0
2611,678,Subvenções e dotações orçamentárias recebidas de governos,Mil Reais,Brasil,1,Brasil,2023,2.2 Serviços de alimentação,185111,185111.0
2611,678,Subvenções e dotações orçamentárias recebidas de governos,Mil Reais,Brasil,1,Brasil,2019,2.2.1 Restaurantes e outros serviços de alimentação e bebidas,7162,7162.0
2611,678,Subvenções e dotações orçamentárias recebidas de governos,Mil Reais,Brasil,1,Brasil,2020,2.2.1 Restaurantes e outros serviços de alimentação e bebidas,1743,1743.0
2611,678,Subvenções e dotações orçamentárias recebidas de governos,Mil Reais,Brasil,1,Brasil,2021,2.2.1 Restaurantes e outros serviços de alimentação e bebidas,3529,3529.0
2611,678,Subvenções e dotações orçamentárias recebidas de governos,Mil Reais,Brasil,1,Brasil,2022,2.2.1 Restaurantes e outros serviços de alimentação e bebidas,20509,20509.0
2611,678,Subvenções e dotações orçamentárias recebidas de governos,Mil Reais,Brasil,1,Brasil,2023,2.2.1 Restaurantes e outros serviços de alimentação e bebidas,170980,170980.0
2611,678,Subvenções e dotações orçamentárias recebidas de governos,Mil Reais,Brasil,1,Brasil,2019,"2.3 Atividades culturais, recreativas e esportivas",24113,24113.0
2611,678,Subvenções e dotações orçamentárias recebidas de governos,Mil Reais,Brasil,1,Brasil,2020,"2.3 Atividades culturais, recreativas e esportivas",94573,94573.0
2611,678,Subvenções e dotações orçamentárias recebidas de governos,Mil Reais,Brasil,1,Brasil,2021,"2.3 Atividades culturais, recreativas e esportivas",156932,156932.0
2611,678,Subvenções e dotações orçamentárias recebidas de governos,Mil Reais,Brasil,1,Brasil,2022,"2.3 Atividades culturais, recreativas e esportivas",239666,239666.0
2611,678,Subvenções e dotações orçamentárias recebidas de governos,Mil Reais,Brasil,1,Brasil,2023,"2.3 Atividades culturais, recreativas e esportivas",159441,159441.0
2611,679,"Receitas financeiras, variações monetárias ativas e resultado positivo em participações societárias",Mil Reais,Brasil,1,Brasil,2019,1. Total,3696971,3696971.0
2611,679,"Receitas financeiras, variações monetárias ativas e resultado positivo em participações societárias",Mil Reais,Brasil,1,Brasil,2020,1. Total,2504740,2504740.0
2611,679,"Receitas financeiras, variações monetárias ativas e resultado positivo em participações societárias",Mil Reais,Brasil,1,Brasil,2021,1. Total,3954866,3954866.0
2611,679,"Receitas financeiras, variações monetárias ativas e resultado positivo em participações societárias",Mil Reais,Brasil,1,Brasil,2022,1. Total,5380258,5380258.0
2611,679,"Receitas financeiras, variações monetárias ativas e resultado positivo em participações societárias",Mil Reais,Brasil,1,Brasil,2023,1. Total,5962299,5962299.0
2611,679,"Receitas financeiras, variações monetárias ativas e resultado positivo em participações societárias",Mil Reais,Brasil,1,Brasil,2019,1.2 Serviços de alimentação,1162163,1162163.0
2611,679,"Receitas financeiras, variações monetárias ativas e resultado positivo em participações societárias",Mil Reais,Brasil,1,Brasil,2020,1.2 Serviços de alimentação,1244499,1244499.0
2611,679,"Receitas financeiras, variações monetárias ativas e resultado positivo em participações societárias",Mil Reais,Brasil,1,Brasil,2021,1.2 Serviços de alimentação,1731600,1731600.0
2611,679,"Receitas financeiras, variações monetárias ativas e resultado positivo em participações societárias",Mil Reais,Brasil,1,Brasil,2022,1.2 Serviços de alimentação,2182508,2182508.0
2611,679,"Receitas financeiras, variações monetárias ativas e resultado positivo em participações societárias",Mil Reais,Brasil,1,Brasil,2023,1.2 Serviços de alimentação,1682429,1682429.0
2611,679,"Receitas financeiras, variações monetárias ativas e resultado positivo em participações societárias",Mil Reais,Brasil,1,Brasil,2019,"1.3 Atividades culturais, recreativas e esportivas",516662,516662.0
2611,679,"Receitas financeiras, variações monetárias ativas e resultado positivo em participações societárias",Mil Reais,Brasil,1,Brasil,2020,"1.3 Atividades culturais, recreativas e esportivas",267501,267501.0
2611,679,"Receitas financeiras, variações monetárias ativas e resultado positivo em participações societárias",Mil Reais,Brasil,1,Brasil,2021,"1.3 Atividades culturais, recreativas e esportivas",572329,572329.0
2611,679,"Receitas financeiras, variações monetárias ativas e resultado positivo em participações societárias",Mil Reais,Brasil,1,Brasil,2022,"1.3 Atividades culturais, recreativas e esportivas",996204,996204.0
2611,679,"Receitas financeiras, variações monetárias ativas e resultado positivo em participações societárias",Mil Reais,Brasil,1,Brasil,2023,"1.3 Atividades culturais, recreativas e esportivas",1634965,1634965.0
2611,679,"Receitas financeiras, variações monetárias ativas e resultado positivo em participações societárias",Mil Reais,Brasil,1,Brasil,2019,2.2 Serviços de alimentação,1144531,1144531.0
2611,679,"Receitas financeiras, variações monetárias ativas e resultado positivo em participações societárias",Mil Reais,Brasil,1,Brasil,2020,2.2 Serviços de alimentação,1177777,1177777.0
2611,679,"Receitas financeiras, variações monetárias ativas e resultado positivo em participações societárias",Mil Reais,Brasil,1,Brasil,2021,2.2 Serviços de alimentação,1550328,1550328.0
2611,679,"Receitas financeiras, variações monetárias ativas e resultado positivo em participações societárias",Mil Reais,Brasil,1,Brasil,2022,2.2 Serviços de alimentação,2003527,2003527.0
2611,679,"Receitas financeiras, variações monetárias ativas e resultado positivo em participações societárias",Mil Reais,Brasil,1,Brasil,2023,2.2 Serviços de alimentação,1632314,1632314.0
2611,679,"Receitas financeiras, variações monetárias ativas e resultado positivo em participações societárias",Mil Reais,Brasil,1,Brasil,2019,2.2.1 Restaurantes e outros serviços de alimentação e bebidas,466320,466320.0
2611,679,"Receitas financeiras, variações monetárias ativas e resultado positivo em participações societárias",Mil Reais,Brasil,1,Brasil,2020,2.2.1 Restaurantes e outros serviços de alimentação e bebidas,605260,605260.0
2611,679,"Receitas financeiras, variações monetárias ativas e resultado positivo em participações societárias",Mil Reais,Brasil,1,Brasil,2021,2.2.1 Restaurantes e outros serviços de alimentação e bebidas,794470,794470.0
2611,679,"Receitas financeiras, variações monetárias ativas e resultado positivo em participações societárias",Mil Reais,Brasil,1,Brasil,2022,2.2.1 Restaurantes e outros serviços de alimentação e bebidas,881105,881105.0
2611,679,"Receitas financeiras, variações monetárias ativas e resultado positivo em participações societárias",Mil Reais,Brasil,1,Brasil,2023,2.2.1 Restaurantes e outros serviços de alimentação e bebidas,738965,738965.0
2611,679,"Receitas financeiras, variações monetárias ativas e resultado positivo em participações societárias",Mil Reais,Brasil,1,Brasil,2019,"2.3 Atividades culturais, recreativas e esportivas",270213,270213.0
2611,679,"Receitas financeiras, variações monetárias ativas e resultado positivo em participações societárias",Mil Reais,Brasil,1,Brasil,2020,"2.3 Atividades culturais, recreativas e esportivas",228119,228119.0
2611,679,"Receitas financeiras, variações monetárias ativas e resultado positivo em participações societárias",Mil Reais,Brasil,1,Brasil,2021,"2.3 Atividades culturais, recreativas e esportivas",523722,523722.0
2611,679,"Receitas financeiras, variações monetárias ativas e resultado positivo em participações societárias",Mil Reais,Brasil,1,Brasil,2022,"2.3 Atividades culturais, recreativas e esportivas",934279,934279.0
2611,679,"Receitas financeiras, variações monetárias ativas e resultado positivo em participações societárias",Mil Reais,Brasil,1,Brasil,2023,"2.3 Atividades culturais, recreativas e esportivas",1342826,1342826.0
2611,674,Outras receitas operacionais,Mil Reais,Brasil,1,Brasil,2019,1. Total,1461854,1461854.0
2611,674,Outras receitas operacionais,Mil Reais,Brasil,1,Brasil,2020,1. Total,1566745,1566745.0
2611,674,Outras receitas operacionais,Mil Reais,Brasil,1,Brasil,2021,1. Total,1954192,1954192.0
2611,674,Outras receitas operacionais,Mil Reais,Brasil,1,Brasil,2022,1. Total,2125385,2125385.0
2611,674,Outras receitas operacionais,Mil Reais,Brasil,1,Brasil,2023,1. Total,3917614,3917614.0
2611,674,Outras receitas operacionais,Mil Reais,Brasil,1,Brasil,2019,1.2 Serviços de alimentação,892003,892003.0
2611,674,Outras receitas operacionais,Mil Reais,Brasil,1,Brasil,2020,1.2 Serviços de alimentação,914712,914712.0
2611,674,Outras receitas operacionais,Mil Reais,Brasil,1,Brasil,2021,1.2 Serviços de alimentação,1133339,1133339.0
2611,674,Outras receitas operacionais,Mil Reais,Brasil,1,Brasil,2022,1.2 Serviços de alimentação,895837,895837.0
2611,674,Outras receitas operacionais,Mil Reais,Brasil,1,Brasil,2023,1.2 Serviços de alimentação,1522652,1522652.0
2611,674,Outras receitas operacionais,Mil Reais,Brasil,1,Brasil,2019,"1.3 Atividades culturais, recreativas e esportivas",209925,209925.0
2611,674,Outras receitas operacionais,Mil Reais,Brasil,1,Brasil,2020,"1.3 Atividades culturais, recreativas e esportivas",156398,156398.0
2611,674,Outras receitas operacionais,Mil Reais,Brasil,1,Brasil,2021,"1.3 Atividades culturais, recreativas e esportivas",198229,198229.0
2611,674,Outras receitas operacionais,Mil Reais,Brasil,1,Brasil,2022,"1.3 Atividades culturais, recreativas e esportivas",315709,315709.0
2611,674,Outras receitas operacionais,Mil Reais,Brasil,1,Brasil,2023,"1.3 Atividades culturais, recreativas e esportivas",1168863,1168863.0
2611,674,Outras receitas operacionais,Mil Reais,Brasil,1,Brasil,2019,2.2 Serviços de alimentação,693229,693229.0
2611,674,Outras receitas operacionais,Mil Reais,Brasil,1,Brasil,2020,2.2 Serviços de alimentação,689044,689044.0
2611,674,Outras receitas operacionais,Mil Reais,Brasil,1,Brasil,2021,2.2 Serviços de alimentação,952332,952332.0
2611,674,Outras receitas operacionais,Mil Reais,Brasil,1,Brasil,2022,2.2 Serviços de alimentação,877237,877237.0
2611,674,Outras receitas operacionais,Mil Reais,Brasil,1,Brasil,2023,2.2 Serviços de alimentação,1287051,1287051.0
2611,674,Outras receitas operacionais,Mil Reais,Brasil,1,Brasil,2019,2.2.1 Restaurantes e outros serviços de alimentação e bebidas,514669,514669.0
2611,674,Outras receitas operacionais,Mil Reais,Brasil,1,Brasil,2020,2.2.1 Restaurantes e outros serviços de alimentação e bebidas,454295,454295.0
2611,674,Outras receitas operacionais,Mil Reais,Brasil,1,Brasil,2021,2.2.1 Restaurantes e outros serviços de alimentação e bebidas,597377,597377.0
2611,674,Outras receitas operacionais,Mil Reais,Brasil,1,Brasil,2022,2.2.1 Restaurantes e outros serviços de alimentação e bebidas,688884,688884.0
2611,674,Outras receitas operacionais,Mil Reais,Brasil,1,Brasil,2023,2.2.1 Restaurantes e outros serviços de alimentação e bebidas,1001623,1001623.0
2611,674,Outras receitas operacionais,Mil Reais,Brasil,1,Brasil,2019,"2.3 Atividades culturais, recreativas e esportivas",178921,178921.0
2611,674,Outras receitas operacionais,Mil Reais,Brasil,1,Brasil,2020,"2.3 Atividades culturais, recreativas e esportivas",128502,128502.0
2611,674,Outras receitas operacionais,Mil Reais,Brasil,1,Brasil,2021,"2.3 Atividades culturais, recreativas e esportivas",172928,172928.0
2611,674,Outras receitas operacionais,Mil Reais,Brasil,1,Brasil,2022,"2.3 Atividades culturais, recreativas e esportivas",242188,242188.0
2611,674,Outras receitas operacionais,Mil Reais,Brasil,1,Brasil,2023,"2.3 Atividades culturais, recreativas e esportivas",1070575,1070575.0
2611,646,Receitas não-operacionais,Mil Reais,Brasil,1,Brasil,2019,1. Total,1189981,1189981.0
2611,646,Receitas não-operacionais,Mil Reais,Brasil,1,Brasil,2020,1. Total,1070935,1070935.0
2611,646,Receitas não-operacionais,Mil Reais,Brasil,1,Brasil,2021,1. Total,1251260,1251260.0
2611,646,Receitas não-operacionais,Mil Reais,Brasil,1,Brasil,2022,1. Total,1345902,1345902.0
2611,646,Receitas não-operacionais,Mil Reais,Brasil,1,Brasil,2023,1. Total,6938893,6938893.0
2611,646,Receitas não-operacionais,Mil Reais,Brasil,1,Brasil,2019,1.2 Serviços de alimentação,610990,610990.0
2611,646,Receitas não-operacionais,Mil Reais,Brasil,1,Brasil,2020,1.2 Serviços de alimentação,417827,417827.0
2611,646,Receitas não-operacionais,Mil Reais,Brasil,1,Brasil,2021,1.2 Serviços de alimentação,474041,474041.0
2611,646,Receitas não-operacionais,Mil Reais,Brasil,1,Brasil,2022,1.2 Serviços de alimentação,624069,624069.0
2611,646,Receitas não-operacionais,Mil Reais,Brasil,1,Brasil,2023,1.2 Serviços de alimentação,5795955,5795955.0
2611,646,Receitas não-operacionais,Mil Reais,Brasil,1,Brasil,2019,"1.3 Atividades culturais, recreativas e esportivas",104430,104430.0
2611,646,Receitas não-operacionais,Mil Reais,Brasil,1,Brasil,2020,"1.3 Atividades culturais, recreativas e esportivas",145869,145869.0
2611,646,Receitas não-operacionais,Mil Reais,Brasil,1,Brasil,2021,"1.3 Atividades culturais, recreativas e esportivas",191667,191667.0
2611,646,Receitas não-operacionais,Mil Reais,Brasil,1,Brasil,2022,"1.3 Atividades culturais, recreativas e esportivas",160094,160094.0
2611,646,Receitas não-operacionais,Mil Reais,Brasil,1,Brasil,2023,"1.3 Atividades culturais, recreativas e esportivas",315355,315355.0
2611,646,Receitas não-operacionais,Mil Reais,Brasil,1,Brasil,2019,2.2 Serviços de alimentação,424871,424871.0
2611,646,Receitas não-operacionais,Mil Reais,Brasil,1,Brasil,2020,2.2 Serviços de alimentação,344754,344754.0
2611,646,Receitas não-operacionais,Mil Reais,Brasil,1,Brasil,2021,2.2 Serviços de alimentação,426495,426495.0
2611,646,Receitas não-operacionais,Mil Reais,Brasil,1,Brasil,2022,2.2 Serviços de alimentação,597876,597876.0
2611,646,Receitas não-operacionais,Mil Reais,Brasil,1,Brasil,2023,2.2 Serviços de alimentação,5775291,5775291.0
2611,646,Receitas não-operacionais,Mil Reais,Brasil,1,Brasil,2019,2.2.1 Restaurantes e outros serviços de alimentação e bebidas,268914,268914.0
2611,646,Receitas não-operacionais,Mil Reais,Brasil,1,Brasil,2020,2.2.1 Restaurantes e outros serviços de alimentação e bebidas,232436,232436.0
2611,646,Receitas não-operacionais,Mil Reais,Brasil,1,Brasil,2021,2.2.1 Restaurantes e outros serviços de alimentação e bebidas,218521,218521.0
2611,646,Receitas não-operacionais,Mil Reais,Brasil,1,Brasil,2022,2.2.1 Restaurantes e outros serviços de alimentação e bebidas,400808,400808.0
2611,646,Receitas não-operacionais,Mil Reais,Brasil,1,Brasil,2023,2.2.1 Restaurantes e outros serviços de alimentação e bebidas,5485796,5485796.0
2611,646,Receitas não-operacionais,Mil Reais,Brasil,1,Brasil,2019,"2.3 Atividades culturais, recreativas e esportivas",68752,68752.0
2611,646,Receitas não-operacionais,Mil Reais,Brasil,1,Brasil,2020,"2.3 Atividades culturais, recreativas e esportivas",125159,125159.0
2611,646,Receitas não-operacionais,Mil Reais,Brasil,1,Brasil,2021,"2.3 Atividades culturais, recreativas e esportivas",180608,180608.0
2611,646,Receitas não-operacionais,Mil Reais,Brasil,1,Brasil,2022,"2.3 Atividades culturais, recreativas e esportivas",147815,147815.0
2611,646,Receitas não-operacionais,Mil Reais,Brasil,1,Brasil,2023,"2.3 Atividades culturais, recreativas e esportivas",234354,234354.0
