place_id,nome_estabelecimento,avaliacao_media_estabelecimento,volume_avaliacoes_estabelecimento,review_index,nota_avaliacao,idioma,data_relativa,texto_avaliacao,mencao_preco,mencao_friccao,grupo_nota_estabelecimento,grupo_nota_individual,grupo_volume_avaliacoes
ChIJ-97tiEeNpJIRb_eV7a-sxBs,Ludoteca Sidequest,4.8,327,2,5,pt,5 months ago,"Amei o local! Belém precisava de local assim. Tem muitos jogos, de cartas, de tabuleiro. O atendimento é ótimo, as cotidianas são maravilhosas, o Pink limonade delícia, banheiro limpo, salas privativas, só achei que não tem acessibilidade. A entrada é R$20 de quarta e quinta-feira e sexta a domingo e feriados R$25.",False,False,maior,promotor,outlier
ChIJ-97tiEeNpJIRb_eV7a-sxBs,Ludoteca Sidequest,4.8,327,3,5,pt,3 months ago,"Amo a Ludoteca! Ambiente agradável, divertido, e sempre fui muito bem atendida. O preço dos hambúrguer estão na faixa da maioria das hamburgueria de Belém. Tem a opção de lanches mais em conta (croissant e o sanduíche que também são muito bons) Um local ideal para se divertir com amigos e com a família.
Achei um preço justo pela experiência que proporciona e pela segurança.

Somente o nível de barulho é moderado quando está cheio, podendo melhorar.",False,False,maior,promotor,outlier
ChIJ-97tiEeNpJIRb_eV7a-sxBs,Ludoteca Sidequest,4.8,327,4,5,pt,3 months ago,"Lugar Maravilhoso!!! Sensacional! Na minha opinião melhor lugar para se comemorar aniversário, a gente se diverte brincando, o aniversariante não paga ingresso e ainda ganha uma soda e uma polaroide. Os atendente são super atenciosos. Tem karaokê também. .
Só vão!",False,False,maior,promotor,outlier
ChIJ-UmVDcEXFgcRnbCBRUGrDVs,São Jogue - Paralela,4.8,16,0,5,pt,4 months ago,"Os atendentes são super legais! eu sendo uma adolescente, me senti muito incluída e especial. E eles explicam tudo direitinho, eu indico!",False,False,maior,promotor,menor
ChIJ-UmVDcEXFgcRnbCBRUGrDVs,São Jogue - Paralela,4.8,16,1,5,pt,4 months ago,"Atendimento incrível e imersivo, super educados e engraçados, comidas e bebidas excelentes e jogos variados e divertidos.",False,False,maior,promotor,menor
ChIJ-UmVDcEXFgcRnbCBRUGrDVs,São Jogue - Paralela,4.8,16,2,2,pt,8 months ago,"Reservamos com antecedência a sala de karaokê e quando chegamos foram mais de 30 minutos das pessoas atendentes tentando ligar o microfone (depois de pedirmos e ouvir ""vou botar no grupo para aprender como fazer"") e depois do tempo e ocasião do aniversário perdidos ouvimos que simplesmente não ia funcionar. Um absurdo a falta de consideração do estabelecimento e sua gerência para algo que foi reservado com antecedência.",False,False,maior,detrator,menor
ChIJ-UmVDcEXFgcRnbCBRUGrDVs,São Jogue - Paralela,4.8,16,4,5,pt,a year ago,"LITERALMENTE, o lugar mais divertido de Salvador!!!",False,False,maior,promotor,menor
ChIJ03bxSvSXpgARB1Fujm1ryEA,JogArtClub • Comes & Jogas,5.0,49,1,5,pt,a year ago,Adorei! Lugar que vale a pena ir. Muitos jogos legais! Vitor foi muito solícito em explicar os jogos e nos recebeu muito bem. Comida gostosa e preço justo. Pedi um pão de queijo recheado e um suco natural ($28 reais). Lá é cobrado valor por mesa pra jogar ($30 reais jogos simples).Voltaremos mais vezes 😍,False,False,maior,promotor,menor
ChIJ03bxSvSXpgARB1Fujm1ryEA,JogArtClub • Comes & Jogas,5.0,49,2,5,pt,3 months ago,"Não podia ser melhor, me associei no dia um. Acervo gigantesco, os MELHORES DRINKS no precinho e nossinhora tem um tal de cookie de matcha com siciliano que mudou minha vida. Só vá!",False,False,maior,promotor,menor
ChIJ03bxSvSXpgARB1Fujm1ryEA,JogArtClub • Comes & Jogas,5.0,49,3,5,pt,3 months ago,Atendimento excelente! O pessoal é muito educado e prestativo e ensinam os jogos super bem. As comidas também são ótimas e o preço é muito bom. Recomendo muito!,False,False,maior,promotor,menor
ChIJ03bxSvSXpgARB1Fujm1ryEA,JogArtClub • Comes & Jogas,5.0,49,4,5,pt,3 months ago,"Ambiente muito agradável, mas o grande destaque foi o atendimento impecável. Fomos atendidos pelo Sloan, que foi extremamente atencioso e prestativo. Só temos elogios e agradecimentos. Recomendo muito!!",False,False,maior,promotor,menor
ChIJ1S2JbVz_sgcRhJDPIt6lg5c,Vem pra Mesa Game Center,4.6,276,1,1,pt,3 months ago,"Para quem vai querendo só jogar os board game é ótimo, agr sobre a comida e recepção decepção, primeiro que muita coisa que tem no cardápio não tem disponível, pedimos o milk shake duplo e uma isca de frango com batata frita, a batata frita estava sem sal e tinha umas que passou do ponto, o frango da outra isca que pedimos, estava cru e a salada tava horrível. O garçom mais perdido ou só era preguiçoso mesmo, não retirou os copos e nem os pratos, a gente que levou, o lugar não tava com uma ventilação muito boa, estava com um cheiro de mofo , e além disso comida péssima e super faturada.",False,False,menor,detrator,maior
ChIJ1S2JbVz_sgcRhJDPIt6lg5c,Vem pra Mesa Game Center,4.6,276,2,5,pt,a month ago,"Recomendo muito vc ir!!

O local tem sinuca,pembolim e boliche 🎳 (sem contar todos aqueles jogos de tabuleiro)

A comida é ótima e o boliche, mesmo sendo pequeno é MT bom",False,False,menor,promotor,maior
ChIJ1S2JbVz_sgcRhJDPIt6lg5c,Vem pra Mesa Game Center,4.6,276,3,1,pt,4 months ago,"Gente, eu estou passada com o péssimo atendimento e funcionamento do local.
Você chega no local ninguém te orienta direito. Fizemos a reserva do boliche para as 21h, quando deu o horário os funcionários não nos orientou, não avisou ao pessoal da outra reserva que eles precisavam sair para o grupo do outro horário entrar. O karaokê que aparentemente não precisava de reserva, eles não tem uma logística para que todos usem, não tem microfone, ambos estavam quebrados. Quando conseguimos entrar na sala do karaokê, depois de 2h esperando, não tinha internet suficiente para carregar uma música sequer.

O atendimento do salão, pessoas mal educadas e improdutivas.

Eu não volto mais e nem acho que vale a pena o estresse. Melhor comprar o jogo e jogar em casa",False,False,menor,detrator,maior
ChIJ1S2JbVz_sgcRhJDPIt6lg5c,Vem pra Mesa Game Center,4.6,276,4,1,pt,4 months ago,"Local excelente, com muitas opções para ser divertir , porém fomos muito mal tratadas pelos funcionários. Um pessimo atendimento, todos trabalhando como se estivessem sobrecarregados.

E foi exatamente isso que um dos funcionários falou , devido uma falta de 2 milk-shake o mesmo falou que não era uma máquina para da conta de tudo sozinho.

No final ainda teve uma funcionária que foi bastante sarcástica quando falamos que não precisava mas do milkshake.

Fora a cara negativa dos funcionários.",True,False,menor,detrator,maior
ChIJ6ZLMZw-XpgAR_OR6SwY5xKo,Shelf Bar e Jogos,4.6,1505,1,5,pt,2 months ago,"Se tivesse 10 estrelas pra comida eu dava 11, tudo muito gostoso 😋 e não achamos que seria por ser um lugar de jogos mas é incrível, a chef Lilian está de parabéns junto com a equipe da cozinha. Infelizmente não tirei foto dos pratos!
Os atendentes ALEX E GUILHERME explicam os jogos perfeitamente, achei um dos melhores lugares pra jogos! O ambiente é limpo e a play list muito boa também",False,False,menor,promotor,outlier
ChIJ6ZLMZw-XpgAR_OR6SwY5xKo,Shelf Bar e Jogos,4.6,1505,2,5,pt,3 months ago,"Comemoramos o aniversário de duas amigas minhas no dia 30/05/2026 e fomos recebidos muito bem.

Agradecimentos especiais a Gabriele, Alex e Jesus. Gabriele super proativa nos atendeu super bem e ofereceu que guardasse o bolo, sem precisarmos solicitar.
Alex e Jesus nos ensinou o jogo super bem e esteve presente para auxiliar no desenrolar da competição, oque tornou tudo muito divertido.",False,False,menor,promotor,outlier
ChIJ6ZLMZw-XpgAR_OR6SwY5xKo,Shelf Bar e Jogos,4.6,1505,3,4,pt,6 months ago,"Cuidado com as cobranças. Ficar esperto que qq jogo q tiver é 30 reais, mesmo se vc só pegar, 1, ou brincar pouco, ou n gostar... não importa. O valor é cobrado em separado de tudo.  E ainda sim,  por pessoa, nem é por mesa. E tem mais. Os ""10%"" do atendimento lá são 13%. Já o valor dos pratos eh totalmente condizente com o local,  ambiente etc.  E muito bons,  por sinal.",False,False,menor,neutro,outlier
ChIJ6ZLMZw-XpgAR_OR6SwY5xKo,Shelf Bar e Jogos,4.6,1505,4,5,pt,3 months ago,"Gostei muito da casa! Viemos comemorar um aniversário e foi muito divertido. Fomos muito bem atendidos pela Camila, Pedro, Bruno e Alex! Com certeza voltaremos!",False,False,menor,promotor,outlier
ChIJ73mEeqQdzpQRKti9DbyjiWM,House Rules Ludobar,5.0,91,0,5,pt,5 months ago,"Amei muito o local!

Os hambúrgueres estão no meu top 3 de melhores que já provei.

O atendimento é perfeito, o Arthur indica os jogos e ainda explica como jogá-los.

O espaço em si também é muito bom, mesas limpas e som agradável.

Muita variedade de jogos, estão de parabéns!

Eu e o meu marido gastamos o total de R$100 com 2 lanches e 2 bebidas + os R$10 de cada para jogar os jogos.",False,False,maior,promotor,menor
ChIJ73mEeqQdzpQRKti9DbyjiWM,House Rules Ludobar,5.0,91,1,5,pt,a year ago,"Bar com jogos de tabuleiro, a diversão é garantida para aqueles que curtem esses tipos de jogos, e mesmo que vc não conheça, vale muito a pena passar para conhecer, atendimento feito com simpatia e paciência para explicar os jogos e sobre o cardápio também. Hambúrguer com sabor bem suave e valores bem em conta. Situado no mesmo nível da rua e com acessibilidade.",False,False,maior,promotor,menor
ChIJ73mEeqQdzpQRKti9DbyjiWM,House Rules Ludobar,5.0,91,2,5,pt,a month ago,"Um lugar excelente pra você vim com seus amigos, namorada e familiares. Além dos garçons serem otimos na profissão, também são muitos educados. Ambiente muito bom, aqui é o lugar que você deveria experimentar! .",False,False,maior,promotor,menor
ChIJ73mEeqQdzpQRKti9DbyjiWM,House Rules Ludobar,5.0,91,3,5,pt,a year ago,"Ambiente super aconchegante, lanches e porções maravilhosas.
E para completar tem vários jogos, para todos os gostos. Eles ensinam e indicam jogos, caso fiquem com dúvidas.
Voltaremos mais vezes",False,False,maior,promotor,menor
ChIJ73mEeqQdzpQRKti9DbyjiWM,House Rules Ludobar,5.0,91,4,5,pt,2 months ago,"Absolutamente perfeito, comida saborosa o atendimento é super caseiro e familiar e é o lugar perfeito para passar tempo com amigos e família. Variedade absurda de jogos, nacionais importados, antigos e novos, com certeza retornarei mais vezes.",False,False,maior,promotor,menor
ChIJ7UwihgtwmQARd_GtVTEV5Zw,Bar Do K.B. Ludo,5.0,17,1,5,pt,7 years ago,Kbludo é um ótimo barman um exemplo de ser humano conhecido em sua localidade como uma pessoa tranquilo simpático e trabalhador isso ele sempre foi Kbludo e um ótimo empreendedor e tenta levar uma experiência para seus clientes de forma q onde os clientes acabam virando amigos também do próprio Kbludo Luiz e um ótimo amigo e vale a pena você q gosta de bares frequentar esse local,False,False,maior,promotor,menor
ChIJ7UwihgtwmQARd_GtVTEV5Zw,Bar Do K.B. Ludo,5.0,17,2,5,pt,2 years ago,"Show de bola !!!!! Quem quer ter uma nostalgia de jogo de cartas e boas conversas,esse é o lugar !!!!!!",False,False,maior,promotor,menor
ChIJ7UwihgtwmQARd_GtVTEV5Zw,Bar Do K.B. Ludo,5.0,17,3,5,pt,6 years ago,Otima.Faz um Hamburger nota 1000.Com um atendimento exemplar.,False,False,maior,promotor,menor
ChIJ7UwihgtwmQARd_GtVTEV5Zw,Bar Do K.B. Ludo,5.0,17,4,5,pt,6 years ago,Ambiente familiar e cerveja gelada.😘👍,False,False,maior,promotor,menor
ChIJ7XGi3xIXuAARiTdzjnTSM8Q,A Rainha dos Dados,5.0,28,1,5,pt,2 months ago,"Gostei demais. Várias opções de jogos que eu nem imaginava que existiam, além de umas empanadas muito boas.",False,False,maior,promotor,menor
ChIJ7XGi3xIXuAARiTdzjnTSM8Q,A Rainha dos Dados,5.0,28,2,5,pt,2 months ago,"Um ótimo lugar pra jogar com os amigos. A loja tem centenas de opções de jogos de tabuleiros, além de comidinhas e bebidas gostosas. Os donos sao uma simpatia, ensinam e ate jogam junto. Uma ambiente delicioso.",False,False,maior,promotor,menor
ChIJ7XGi3xIXuAARiTdzjnTSM8Q,A Rainha dos Dados,5.0,28,3,5,pt,2 months ago,Excelente lugar para ir com os amigos! Miguel nos indicou jogos muito legais!,False,False,maior,promotor,menor
ChIJ7XGi3xIXuAARiTdzjnTSM8Q,A Rainha dos Dados,5.0,28,4,5,pt,2 months ago,"Um ambiente acolhedor, que dispõe de um cardápio muito diversificado de jogos e proporciona tempo de qualidade entre amigos e família! Nós adoramos!",False,False,maior,promotor,menor
ChIJCdEZv21PpJQRg6vLc_9tIcc,Mestre dos Jogos LudoBar,4.7,133,2,4,pt,7 months ago,"Fui com a minha família e amamos! O lugar é legal, tem uma vibe bem jogatina, porém quando a casa está cheia, fica difícil se comunicar um pouco com o pessoal por que faz muito barulho. Os atendentes que foram na nossa mesa fizeram um trabalho incrível, só lembro o nome de um, Jerônimo. Explicaram os jogos com paciência e até jogaram a primeira partida pra ajudar a pegar o ritmo, incríveis! A batata que pedimos o balde de 1kg estava muito boa também, e o preço é ótimo pra quantidade. A única coisa que eu achei que deixou a desejar foi o atendimento da dona, achei ela um pouco sem paciência, ríspida e pouquíssimo carismática. Pretendo voltar pois o acervo de jogos é muito bom e o espaço também!",True,False,menor,neutro,maior
ChIJCdEZv21PpJQRg6vLc_9tIcc,Mestre dos Jogos LudoBar,4.7,133,3,5,pt,10 months ago,"Muito bom o ambiente, comidas e os jogos. A variedade é gigante e os monitores foram ótimos em nos ajudar a escolher e explicar como jogar, em especial a Yasmin e o Jerônimo que foram uns queridos nos atendendo a todo momento. Com toda certeza iremos voltar ✨",False,False,menor,promotor,maior
ChIJCdEZv21PpJQRg6vLc_9tIcc,Mestre dos Jogos LudoBar,4.7,133,4,5,pt,11 months ago,"O Ludobar é simplesmente incrível! Os atendentes são super atenciosos, principalmente o Paulo, conhecem muito sobre os jogos e sempre dão ótimas dicas, explicando as regras e ajudando na hora de jogar — o que faz toda a diferença na experiência. A comida e as bebidas têm preço justo e são realmente gostosas. O ambiente é aconchegante, divertido e perfeito tanto para reunir a galera quanto para um programa a dois. Super recomendo para quem quer passar um tempo agradável e se divertir!",False,False,menor,promotor,maior
ChIJD_AkIuqP9gcRS0iQfgupyPo,Ludo bar,4.3,199,3,1,pt,a year ago,"Meu Deus! Parece a Cracolândia! Se possível passe longe, as músicas estavam super deprimentes para um bar lgbt+ a vontade era de me afogar no rio! Não tem variedade de bebida, cheguei lá querendo um gim ou uísque e só tinha cerveja... Tem muito que melhorar ainda! Não sei como a pandemia não falou neste lugar... O DJ tava péssimos hj! 16/11/24",False,False,menor,detrator,maior
ChIJD_AkIuqP9gcRS0iQfgupyPo,Ludo bar,4.3,199,4,5,pt,4 years ago,Top o lugar cerveja uma delícia bem gelada e um ótimo atendimento,False,False,menor,promotor,maior
ChIJGTvSWgCDmQARyu8hVg-kaSw,Bubble Planet - Lanchonete e Cardgames,4.6,28,0,5,pt,6 months ago,"Duvido algum lugar em Niterói, quiçá do RJ, ter um bubble tea tão autêntico e tão gostoso!
Produtos de altíssima qualidade, preço justo e atendimento maravilhoso.
Todos super simpáticos e acolhedores.",False,False,menor,promotor,menor
ChIJGTvSWgCDmQARyu8hVg-kaSw,Bubble Planet - Lanchonete e Cardgames,4.6,28,1,5,pt,6 months ago,"Que atendimento maravilhoso, meus amigos!  Ambiente acolhedor, equipe atenciosa e comidas excelentes. Só vão!",False,False,menor,promotor,menor
ChIJGTvSWgCDmQARyu8hVg-kaSw,Bubble Planet - Lanchonete e Cardgames,4.6,28,2,5,pt,2 months ago,"Foi minha primeira vez indo no novo endereço e não podia estar mais satisfeita! O atendimento melhorou e todos são muito atenciosos.
O crepe de pepperoni aos 4 queijos já se tornou meu novo favorito. O de banana com chocolate branco eu nem tive tempo de fotografar! O bubble tea com bolinhas de lichia é o melhor.
Um lugar ideal pra quem quer jogar com a galera (a agenda semanal da casa é movimentada!), ou apenas comer e beber algo diferente.",False,False,menor,promotor,menor
ChIJGTvSWgCDmQARyu8hVg-kaSw,Bubble Planet - Lanchonete e Cardgames,4.6,28,3,3,pt,4 weeks ago,"Pontos positivos:

-Ambiente bonito e arrumadinho

-Preços de produtos relacionados a cartas justo

-Atendentes educados e atenciosos

-O crepe é gostoso e preço razoável

Pontos negativos:

-Ambiente muito apertado para o fluxo atual de pessoas, torna descomfortável e estressante navegar a loja para fazer algo simples como comprar um item pequeno.

-Infelizmente nenhuma bebida me agradou, preços altos e sabor decepcionante pra um lugar que tem ""Bubble"" no título. Provei uma customizada em um dia e em outro dia duas com receita pronta, nenhuma salvou.

Veredito final: Vá para fazer compras num lugar atraente mas tome cuidado se for um dia de movimento(Sexta a Domingo) pois ficará espremido de gente. E também comer um crepe maneiro e ser bem atendido se tiver já por lá. Não recomendo sob hipótese alguma para qualquer bebida(dei 3 chances, uma para cada bebida diferente).",True,False,menor,detrator,menor
ChIJGTvSWgCDmQARyu8hVg-kaSw,Bubble Planet - Lanchonete e Cardgames,4.6,28,4,5,pt,5 months ago,"Isso aqui é coisa de doido, melhor crepe e bubble tea que existe, sem igual mermão.",False,False,menor,promotor,menor
ChIJHSDPTgF5GZURKmSqKITyoGM,Arcadea Gaming Pub,4.2,1087,4,4,pt,6 months ago,"Ambiente: Bem legal, espaçoso e estiloso. Tem ar-condicionado e bancos de espuma nas laterais para quem quer mais conforto. A decoração também é bem legal, bem geek. Existem salas VIP para quem quiser alugar; acredito que em dias de semana não há necessidade, mas em fins de semana, quando fica mais cheio, pode ser interessante. O banheiro achei um pouco largado e com mau cheiro, mesmo com o pub vazio no dia. Vi comentários dizendo que no projetor da entrada ficava passando futebol em vez de algo relacionado ao ambiente e, de fato, quando cheguei achei que fosse algum videogame projetando, até perceber alguns funcionários parados assistindo ao jogo. Acho que erram nesse ponto, pois além de o projetor não contribuir para a experiência do local, ainda deixa os funcionários um pouco apáticos. O ambiente também é um pouco claro demais, o que deixa as projeções opacas. Há um projetor na parte superior para quem quiser jogar em tela grande (N64, até 4 pessoas). Seria interessante baixar um pouco as luzes e investir em LEDs coloridas.
⚠️ ATENÇÃO: cuidado ao descer a escada, ela fica em um local escuro e sem piso com textura ou sinalização. Risco real de se machucar.

Jogos: São cobrados R$10 na comanda e você tem acesso livre a todos os jogos, o que faz sentido, pois senão a gurizada da região ficaria lá dentro sem consumir. Os fliperamas são emuladores, com uma infinidade de jogos retrô, desde consoles mais antigos até PS1 e N64. Também há consoles atuais: logo na entrada, onde antes ficava o jogo de dança (estilo Just Dance de shopping, que não tem mais), há dois Xbox 360; no 2º piso tem um Nintendinho e um Nintendo Switch. Nas salas VIP, pelo que percebi, cada uma tem um console, mas não sei dizer qual. Apenas um fliperama estava com a alavanca estragada, algo que considero normal devido ao uso intenso. Os jogos de mesa são legais, com certa variedade, e é normal estarem um pouco gastos; inclusive, plastificaram para preservar. Senti falta de jogos mais dinâmicos, de partidas rápidas, e de alguma separação ou explicação, pois acabei não jogando nenhum por não saber como funcionavam e não querer perder tempo aprendendo. Seria interessante separar por categorias, como “partida rápida (5–10 min)” e “20 min ou mais”.

Comida: Tudo muito bom. Todos pedimos hambúrguer com bife bem passado, pois já tivemos experiências ruins pedindo no ponto em outros lugares. Veio muito bem temperado, na temperatura certa, os pedidos chegaram rápido, tudo delicioso, nada gorduroso e com bons preços. Achei o sistema de cardápio digital bem tranquilo: você lê o QR Code, escolhe os itens e depois lê o QR da comanda para finalizar o pedido. Entendo que pessoas menos habituadas ao digital possam ter dificuldade; no nosso grupo teve gente que pediu direto ao garçom e foi prontamente atendida. Li comentários reclamando do “buffet” bagunçado e sujo, parece que acontece às terças-feiras, então não posso opinar.

Bebidas: Muito boas e levinhas. Para quem quer algo mais forte, talvez não agrade, mas faz sentido por ser um ambiente mais familiar e não um boteco. O drink do Yoda deixou a desejar na decoração: faltou a roupinha da foto do cardápio e as “orelhas” ficavam caindo. Provamos também as fritas e os nachos, ambos muito bons.

Preços: Achei os valores bem justos. Vi gente reclamando, mas acredito que seja pessoal que não está acostumado a frequentar bares e pubs, e sim lanchonetes ou rodízios.

Atendimento: Bom no geral, mas às vezes passa uma sensação de “se vira aí”, como se você estivesse atrapalhando. Não respondem no WhatsApp. Não foram grosseiros, mas ficou dividido entre alguns funcionários simpáticos e outros indiferentes. Teve uma moça em videochamada que ficava indo à nossa mesa dizendo que ia jogar com minha mãe depois e ninguém entendeu se ela trabalhava lá ou não.

Conclusão: Vou voltar! Gostei muito da comida e do ambiente, apesar de sentir uma certa bagunça. Não pretendo fazer outro evento no local, mas quero voltar com amigos para comer bem, beber algo e jogar um pouco. Com R$100 já dá para se divertir.",True,False,menor,neutro,outlier
ChIJK-IiTfuVpgARx8rVtqv8c3g,Massula Nerd House,5.0,94,0,5,pt,3 months ago,"Frequento o bar a quase 1 ano e se tornou meu local favorito nas redondezas. Ótimo para jogar (quem já curte e quem é iniciante, adultos e crianças) e fazer amigos (vc pode ir com sua turma ou ir sozinho). E as pizzas de lá são uma delícia. Vale a pena conhecer.",False,False,maior,promotor,menor
ChIJK-IiTfuVpgARx8rVtqv8c3g,Massula Nerd House,5.0,94,1,5,pt,3 months ago,"Fui várias vezes e continuo participando de algumas atividades (com intenção de ir cada vez mais). Ambiente familiar agradável, que consiste em: pessoas agradáveis de conviver, sem brigas e é um ambiente aberto à novas ideias e debates!
A comida se baseia em porções (particularmente eu AMO a batata frita e os nuggets)! Opções legais de bebidas como refrigerantes mesmo, energéticos e milkshakes! 🫶
Considero os valores justos e aceitáveis, nada que impeça de participar! Além de alguns benefícios em ser um jogador participativo!
Dito isso tudo, acredito que se você for uma pessoa aberta à conhecer novos jogos de tabuleiro e outros tipos de diversão (tipo RPG), que são interessantes por NÃO utilizarem de telas digitais, você vai se divertir bastante! Se você já for alguém que já conhece esse tipo de lazer, também recomendo pela grande variedade!",False,False,maior,promotor,menor
ChIJK-IiTfuVpgARx8rVtqv8c3g,Massula Nerd House,5.0,94,2,2,pt,10 months ago,"Experiência razoável. Não podemos escolher os jogos ficando a escolha a cargo da casa. A comida, quantidade e a qualidade são desproporcionais ao valor cobrado. O cardápio não é de fácil compreensão e merece um formato melhor! A forma como se solicita os pedidos (via grupo wpp) não condiz com a cobrança de 10%.",False,False,maior,detrator,menor
ChIJK-IiTfuVpgARx8rVtqv8c3g,Massula Nerd House,5.0,94,3,5,pt,3 months ago,"Frequento a quase 1 ano e recomendo a todos.
E um ótimo ambiente para amigos e família, como também para quem quer começar a jogar e não tem companhia",False,False,maior,promotor,menor
ChIJK-IiTfuVpgARx8rVtqv8c3g,Massula Nerd House,5.0,94,4,5,pt,10 months ago,"Lugar excelente, adorei desde a primeira vez que fui. Já fui com a família, amigos e sozinho - me diverti muito todas as vezes. A comida é muito boa, principalmente as batatas de catan. Lá tem uma imensa variedade de jogos e o Leo e a Laura explicam com bastante paciência, clareza e cuidado.",False,False,maior,promotor,menor
ChIJKTRza_0ZuAAR4hrMAsvsb2I,Taverna dos Jogos,4.8,104,0,4,pt,6 years ago,"Ambiente bastante agradável, várias opções de jogos para brincar com a turma toda, excelente atendimento e localização!!",False,False,maior,neutro,maior
ChIJKTRza_0ZuAAR4hrMAsvsb2I,Taverna dos Jogos,4.8,104,1,2,pt,6 years ago,"O local é agradável e a proposta é excelente enquanto entreterimento.
Só tivemos uma recepção não muito boa. Ao chegarmos estávamos em 4 pessoas e não nos foi dada a opção de escolher a mesa desejada, pois haviam 2 mesas de 6 lugares no local desejado que a preferência seria para grupo maiores. Sendo que haviam mesas já ocupadas com a mesma proporção da nossa.
Para completar, onde nos colocaram havia a infeliz possibilidade de não podermos jogar certo jogos por ser na área externa da casa, o que não se confirmou🙏.
No geral a proposta é boa, só precisa melhorar no atendimento ao cliente.",True,False,maior,detrator,maior
ChIJKTRza_0ZuAAR4hrMAsvsb2I,Taverna dos Jogos,4.8,104,2,3,pt,6 years ago,"Lugar mediano, há restrições para jogar alguns jogos na área de fora, os atendentes são muito simpáticos e prestativos mas o grande ponto negativo é a refrigeração que não é tão fresco no interior da loja, se a sua praia é uma mistura de bar com jogos, vai fundo. Os petiscos são saborosos e com preço justo.",False,False,maior,detrator,maior
ChIJKTRza_0ZuAAR4hrMAsvsb2I,Taverna dos Jogos,4.8,104,3,4,pt,6 years ago,"O local é muito agradável e os garçons super prestativos. Mas a comida deixou um pouco a desejar. Batata frita quentinha, mas com cheddar gelado por cima e os hambúrgueres estavam todos secos, pedimos três versões diferentes, sendo uma vegana.",False,False,maior,neutro,maior
ChIJKTRza_0ZuAAR4hrMAsvsb2I,Taverna dos Jogos,4.8,104,4,5,pt,6 years ago,"Lugar incrível e bem acolhedor. Fomos em 7 e sentamos na varandinha por não ter lugares disponíveis la dentro. Por conta disso, não pagamos a taxa de consumação mínima. Jogamos uns 3, 4 jogos e ficamos muito tempo lá. Ao fim, cada um pagou 12reais pelo que consumimos de bebidas e só.
Excelente lugar pra ir de galera e passar um bom tempo reunidos.",False,False,maior,promotor,maior
ChIJMwO7YgDdrAcRiYUURL8xCls,Mokuzai café e jogos,4.2,49,0,1,pt,3 months ago,"O atendimento digital é horrível, e quando fui era tudo caro, espaço pequeno e quente, além do proprietário não ser aberto a diálogo nem feedback.",True,False,menor,detrator,menor
ChIJMwO7YgDdrAcRiYUURL8xCls,Mokuzai café e jogos,4.2,49,1,1,pt,10 months ago,"Preços superinflacionados, falta atendimento e os produtos não correspondem ao preços praticados. R$ 7,00 em uma água e R$ 14,00 em um café passado. Não recomendo.",False,False,menor,detrator,menor
ChIJMwO7YgDdrAcRiYUURL8xCls,Mokuzai café e jogos,4.2,49,2,5,pt,9 months ago,"Ambiente agradável, comida saudável e saborosa, ótimo atendimento e preço justo! Recomendo!!",False,False,menor,promotor,menor
ChIJMwO7YgDdrAcRiYUURL8xCls,Mokuzai café e jogos,4.2,49,3,5,pt,10 months ago,"Adorei! Comida boa e muita opção de jogo, sem contar o ótimo atendimento!!",False,False,menor,promotor,menor
ChIJMwO7YgDdrAcRiYUURL8xCls,Mokuzai café e jogos,4.2,49,4,5,pt,10 months ago,"Possui uma enorme variedade de jogos, comida maravilhosa e atendimento top!
Explicam os jogos, dizem curiosidades sobre os mesmo e deixam tudo mais divertido.
Amamos o local.",False,False,menor,promotor,menor
ChIJN8BZeb85WpMRgVKT05caxB4,Utopia Games & Food,4.8,159,2,3,pt,3 weeks ago,"O atendimento foi muito bom e não tenho reclamações quanto à cordialidade dos funcionários. Porém, infelizmente, minha experiência com o rodízio não foi agradável, principalmente pela forma como ele é organizado. Em nenhum momento ficou realmente claro como o sistema do rodízio funciona na prática. Não foi explicado de maneira adequada como é feito o controle de quem pagou pelo rodízio, especialmente porque existe um sistema de ingressos, e também não ficou claro como os clientes deveriam se servir.O maior problema aconteceu quando chegou um grupo muito grande ao salão. O ambiente ficou extremamente barulhento, a ponto de ser bastante desconfortável permanecer no local, e não havia sequer uma sinalização ou aviso sobre a possibilidade de haver um nível tão elevado de ruído.

Além disso, em determinado momento foi colocada apenas UMA pizza no centro do salão para que todos se servissem. O outro grupo simplesmente pegou praticamente todas as pizzas, enquanto nós, que já estávamos no estabelecimento, ficamos sem conseguir nos alimentar adequadamente. No fim, não conseguimos aproveitar o serviço. Entendo que o estabelecimento não tenha como controlar completamente o comportamento dos clientes, mas acredito que a organização do rodízio deveria impedir justamente esse tipo de situação. Se o sistema é por buffet, seria necessário deixar isso claramente informado e manter uma quantidade de pizzas suficiente para atender todos os clientes, principalmente quando há um grupo grande no salão. Minha crítica não é ao atendimento dos funcionários, que considero muito bom, mas à organização e à comunicação do funcionamento do rodízio. Acho que, com uma explicação mais clara sobre o sistema, um controle mais eficiente e uma reposição adequada das pizzas, a experiência poderia ser muito melhor. Espero que o estabelecimento considere esse feedback, porque a variedade de jogos e o atendimento são bons, mas a experiência do rodízio, da maneira como aconteceu comigo, acabou sendo bastante frustrante.",False,False,maior,detrator,maior
ChIJN8BZeb85WpMRgVKT05caxB4,Utopia Games & Food,4.8,159,3,5,pt,a month ago,"Bons jogos, atendentes gente boa, com rodízio de pizza e chá a um ótimo preço! Só nem sempre dá pra contar que vai ter alguém disponível pra explicar a regra dos jogos, então tem que ir sabendo ou aprender lá.",False,False,maior,promotor,maior
ChIJN8BZeb85WpMRgVKT05caxB4,Utopia Games & Food,4.8,159,4,4,pt,a month ago,"Eu gosto muito da Utopia, a comida é boa, o ambiente é legal e tem bastante jogo.

Mas vocês precisam resolver urgentemente a questão do rodizio de pizza, a minha última experiência foi frustrante porque eu comia 1 fatia de pizza a cada 1 hora e meia.

Parabéns pelo lugar e ambiente, mas se puderem dar uma atenção nessa parte seria top.",False,False,maior,neutro,maior
ChIJO23CtJA5jgcRB1ZMVm4R8Ak,Espaco Caramelles,4.4,98,1,4,pt,7 months ago,"Sou fã do espaço, mas é a segunda vez que eu compro uma bolo/torta e vem congelado. Veja bem, quem não congela não lucra, mas vocês deveriam estudar mais sobre o descongelamento dos alimentos. Minha fatia de pistache veio tão congelada que eu mal conseguia cortar com o garfo e pra pior onde estava o sabor do pistache? Na descrição diz que é recheado com creme de pistache e estava mais para um doce de leite não muito bom e totalmente cristalizado, não tem como indicar o local. E não foi comigo mas eu presenciei o atendente ficando irritado porque as pessoas tocaram o sininho para chamar, se não pode tocar o sino porque colocaram na mesa? Complicado, gosto do espaço e vou esperar um pouco para retornar para ver se melhoram.",True,True,menor,neutro,maior
ChIJO23CtJA5jgcRB1ZMVm4R8Ak,Espaco Caramelles,4.4,98,2,4,pt,3 months ago,"O forte da casa parece ser os doces. Eles te diversas opções de tortas, bolos e doces, cada um mais interessante que o outro, chegando a ser difícil escolher apenas um para experimentar. Minha mulher pediu uma torta de morango com creme e suspiro doce que estava excelente. Meu expresso também estava bem cremoso e não era muito amargo, gostei bastante. Achei o atendimento muito bom. O garçom era muito simpático e educado; o sino que eles põe na mesa também ajuda bastante a chamar do garçom quando necessário sem precisar ficar gritando ou esperando que ele olhe para a sua mesa.
No geral, gostei bastante da minha ida a Caramelles e pretendo voltar outras vezes para experimentar as outras comidas da casa.",True,False,menor,neutro,maior
ChIJO23CtJA5jgcRB1ZMVm4R8Ak,Espaco Caramelles,4.4,98,3,1,pt,a year ago,"Pedimos croissant de frango muito gostoso apesar de não estar crocante, já o cheesecake de goiabada parecia um sorvete mal feito com cristais de gelo que eu pessoalmente não recomendo. O ambiente é bonito mas quando você chega o ar condicionado está desligado, imagina o quão agradável é em pleno agosto em Teresina. O atendimento um decepção a parte já que nem seu boa tarde é respondido.",False,False,menor,detrator,maior
ChIJO23CtJA5jgcRB1ZMVm4R8Ak,Espaco Caramelles,4.4,98,4,4,pt,2 years ago,"Lugar agradável e bem decorado.
Ambiente interno com ar condicionado e externo com climatizador.
Tem alguns jogos de tabuleiro e cartas disponíveis.

Tapioca praiana é saborosa e o croissant é delicioso e grande.
Chocolate quente é muito bom.

Cardápio físico e digital.",False,False,menor,neutro,maior
ChIJO8W2hThfzpQRjeWplqhAyKQ,Lendário Game Bar,5.0,88,1,5,pt,3 months ago,"Uma das melhores experiências da minha vida!

Local é super bem localizado perto do metrô Tatuapé. O local é super limpo, arrumado e organizado. Vim com a minha família e nós amamos! Comemos uma comida ótima, com tudo muito gostoso e com o preço super justo.

Eu adorei em especial o hambúrguer e a batata, estavam ótimas, recomendo.

O que achei mais legal é que tem vários jogos de tabuleiro e consultoria para os jogos por um preço ótimo e mais barato que muitos outros lugares com a mesma temática.

Obrigado pela recepção ótima pessoal 😁",False,False,maior,promotor,menor
ChIJO8W2hThfzpQRjeWplqhAyKQ,Lendário Game Bar,5.0,88,2,5,pt,4 months ago,"Depois de comer o hambúrguer daqui, nunca mais vou ter a mesma experiência com outros hambúrgueres. Eu sei que nenhum vai chegar aos pés. Todas as comidas são excelentes, feitas com os melhores ingredientes, e a experiência foi muito boa. O Game Bar tem muitas opções de jogos e é o lugar perfeito para passar a tarde com os amigos (desde que nenhum peça para dividir o seu hambúrguer).",False,False,maior,promotor,menor
ChIJO8W2hThfzpQRjeWplqhAyKQ,Lendário Game Bar,5.0,88,3,5,pt,4 months ago,Lugar muito bom para trocar cartas de Pokémon e jogar jogos diferenciados.,False,False,maior,promotor,menor
ChIJO8W2hThfzpQRjeWplqhAyKQ,Lendário Game Bar,5.0,88,4,5,pt,2 months ago,"Adorei o lugar, o ambiente super agradável e com uma decoração bem legal, ótimo pra ir em grupo e jogar vários jogos. A comida é excelente e o atendimento também, gostei muito do atendimento da Nicole, foi muito atenciosa e explicou tudo pra gente. Recomendo! 🤍",False,False,maior,promotor,menor
ChIJO9bPE0GdEZURRD6c41YpCRI,Beer & Boards,4.8,96,1,5,pt,9 months ago,"Estilo de pub europeu em Rio Grande. Diversos Boardgamers disponíveis para jogar no local, locadora de tabuleiros para jogar em casa, petiscos autorais e chopp artesanal, todos locais.
Uma proposta especial num ambiente charmoso e intimista.",False,False,maior,promotor,maior
ChIJO9bPE0GdEZURRD6c41YpCRI,Beer & Boards,4.8,96,2,5,pt,a month ago,"Ambiente aconchegante, comida saborosa e meu lugar favorito pra uma curtida com os amigos.",False,False,maior,promotor,maior
ChIJO9bPE0GdEZURRD6c41YpCRI,Beer & Boards,4.8,96,3,5,pt,3 years ago,"Lugar incrível! Pub com diferentes opções de cervejas artesanais e mais de 100 jogos de tabuleiro. Os donos são super simpáticos, explicam os jogos e até se ofereceram para jogar junto. O ambiente é pequeno e abre poucos dias na semana. A cozinha possui alguns petiscos de bar, e o que pedimos estava bom. Recomendo e certamente voltarei!",False,False,maior,promotor,maior
ChIJO9bPE0GdEZURRD6c41YpCRI,Beer & Boards,4.8,96,4,1,pt,10 months ago,"Experiência extremamente desagradável. O dono do local se mostrou hostil, grosseiro e totalmente descontrolado, causando constrangimentos desnecessários aos clientes de forma agressiva, algo completamente inaceitável em qualquer ambiente comercial.
Além disso, o ambiente é sujo, desorganizado e apertado, o que torna a permanência desconfortável.
As bebidas não estavam bem geladas, principalmente o chopp.
Definitivamente, não recomendo a ninguém que valorize um bom atendimento. Há muitos outros lugares que realmente respeitam o cliente e entregam o que prometem.",False,False,maior,detrator,maior
ChIJOUXU1akzWpMRC7rrq4o9GZc,game food,4.4,64,1,1,pt,4 years ago,"Atendimento muito ruim.

Fui 3 vezes nesse local para tentar comer. As duas primeiras não tinha carne ou pão ou luz ou energia. Sempre faltava alguma coisa.
Em fim na terceira estava sem energia também mas disseram que estava arrumando.

Fiquei esperando mais de 10 minutos sem ninguém falar nada comigo. Em pé.

Quando chegou outro cliente foi que se deram conta que eu ainda estava lá.

Pedi um que na fofo do cardápio era o maior que tinha. E quando recebi o amburguer…. Decepcionante!

Fala que é de costela, mas a carne é um ambirguer normal. Pela propaganda imaginava costela desfiada e de acordo com a proposta, deixou muito a desejar.",False,False,menor,detrator,menor
ChIJOUXU1akzWpMRC7rrq4o9GZc,game food,4.4,64,2,5,pt,6 years ago,"Ambiente agradável, espaço aconchegante e atendimento excelente! Hambúrgueres gostosos e a temática me faz lembrar a infância. Já pedi também no delivery e os hambúrgueres sempre chegaram quentinhos e saborosos (em tempo curto!) As batatas são crocantes e o tempero é excelente! Recomendo o local! Parabéns!",False,False,menor,promotor,menor
ChIJOUXU1akzWpMRC7rrq4o9GZc,game food,4.4,64,3,1,pt,5 years ago,"A lanchonete fez uma promoção enganosa.
Um sanduiche custava R$16,90, levando dois vc pagaria R$44,90 com desconto (já que o valor original era R$56,00. Entrei em contato com o restaurante para pedir esclarecimentos, já que o combo do mesmo sanduiche custa R$26,90 (dois por R$ 53,80, valor compatível com o anunciado na promoção). O restaurante ignorou meu posicionamento.
Não recomendo!",False,False,menor,detrator,menor
ChIJOUXU1akzWpMRC7rrq4o9GZc,game food,4.4,64,4,4,pt,7 years ago,"O lanche é incrivelmente delicioso e barato, mas precisam resolver os problemas estruturais, é insalubre a quantidade de gordura/fumaça sem exaustão. Fica impossível ficar dentro do estabelecimento e difícil de ficar do lado de fora. O atendimento não é ruim mas é quase inexistente porque a mesma pessoa que está pilotando a chapa  sem intervalos, é a que faz o atendimento de quem chega. Se você escolher vim presencial, provavelmente vai esperar uma fila de pedidos do delivery.",False,False,menor,neutro,menor
ChIJOcVssmeDmQARZZrnWu2mnwA,TabuClub,4.7,100,0,5,pt,6 months ago,"Fomos comemorar o aniversário de uma amiga e assim que chegamos já ficamos surpresos: por fora não parece ser tão grande quanto é na verdade! Tem tantas opções de jogos que você precisa voltar muitas outras vezes pra conseguir conhecer pelo menos metade deles. Os funcionários explicam os jogos muito bem e o cardápio é variado, atendendo todos os gostos. Meus amigos elogiaram bastante o sanduíche de coração (que é uma opção bem diferente e saborosa). Ainda possuem uma assinatura para os viciados em board e card games! Simplesmente fantástico, indico bastante.",False,False,menor,promotor,maior
ChIJOcVssmeDmQARZZrnWu2mnwA,TabuClub,4.7,100,1,5,pt,a year ago,"Excelente lugar para jogar com amigos.
Muitas opções de jogos e variedade de pratos para comer.
O pessoal sempre tá disponível para ajudar explicando os jogos.
Lugar é climatizado.
Dependo do horário pode ser difícil encontrar vagas para estacionar.
O valor para entrar é um preço justo.",False,False,menor,promotor,maior
ChIJOcVssmeDmQARZZrnWu2mnwA,TabuClub,4.7,100,2,5,pt,a year ago,"Este lugar é simplesmente encantador! A atmosfera aconchegante e a decoração cuidadosamente pensada criam um ambiente perfeito para momentos de diversão e descontração. O grande diferencial? A incrível variedade de jogos de cartas e de tabuleiro disponíveis, garantindo entretenimento para todos os gostos.
Enquanto você mergulha nesse universo lúdico, pode saborear drinks de alta qualidade e pratos deliciosos, preparados com carinho. E para tornar tudo ainda mais especial, a equipe do local é impecável! Os instrutores são atenciosos e prestativos, sempre prontos para sugerir jogos que combinam com seu perfil e ensinar as regras de forma leve e divertida. Já os garçons e garçonetes esbanjam simpatia e eficiência, garantindo um atendimento impecável do início ao fim.
Se você busca um lugar para se divertir, relaxar e viver momentos incríveis, este é o destino certo. Super recomendado! 🎲🍹✨",False,False,menor,promotor,maior
ChIJOcVssmeDmQARZZrnWu2mnwA,TabuClub,4.7,100,3,5,pt,11 months ago,"Muitos jogos, muito espaço, comida muito saborosa. Comi um sanduíche de porco delicioso, mas o que me surpreendeu foi a cartola: perfeita. A imensa quantidade de jogos deixa o valor do acesso bem justo. Da pra ficar horas por lá. Super recomendado.",False,False,menor,promotor,maior
ChIJOcVssmeDmQARZZrnWu2mnwA,TabuClub,4.7,100,4,5,pt,a month ago,"O local é maravilhoso para ir e se divertir. Mesmo se você nao gostar muito de jogos de tabuleiros ou nao souber muito sobre vale muito a pena ir.
Tem os monitores que te ajudam a saber sobre o jogo que você irá jogar e consegue indicar jogos que se encaixem com a vibe de quem ta jogando.

A comida em si nao achei das melhores, vale a pena mais pelo lugar. Em contrapartida, o ketchup caseiro deles é perfeito.",False,False,menor,promotor,maior
ChIJOczn8z7l3JQRNBEL_ZJ3iQo,Joyjoy Café,4.8,690,4,3,pt,2 months ago,". Bom, vamos lá.

Fui com um grupo de amigos e levei minha filha. Chegamos e tivemos um pequeno problema com a nossa reserva, que foi resolvido de forma rápida e com um bom atendimento.

Fizemos o pedido e veio a grande surpresa negativa da noite: a comida é péssima. Pedi duas porções: batata frita e frango. A batata frita estava comível, mesmo sendo daquelas de qualidade inferior que se encontram em mercado.

No cardápio constava uma porção de frango por R$ 36,00. Ocorre que o que chegou à minha mesa foi uma espécie de nuggets da pior qualidade. Depois que fui obrigado a comer aquilo, decidi não pedir mais nada; fiquei receoso de que os lanches fossem do mesmo nível.

A ideia dos jogos é bem legal — nos divertimos bastante —, porém o ambiente deixa a desejar, pois ficamos posicionados atrás da cozinha. Tive que tomar três banhos para tirar o cheiro de gordura, além da gritaria das crianças que estavam no piso de cima (o que, sinceramente, considero normal pela proposta do lugar).

Outro ponto negativo importante: o estabelecimento não possui qualquer acessibilidade para bebês. Não há cadeirinha disponível para acomodar crianças pequenas, tampouco um banheiro acessível com trocador. Para quem vai com filhos pequenos, a experiência se torna bastante desconfortável e impraticável.

**OBS:** Atenção à taxa de entrada. Não há qualquer aviso na entrada, nem fomos informados pela atendente de que havia uma taxa de R$ 20,00 para acessar o ambiente. É justo caso você utilize os jogos oferecidos, mas um amigo meu, que não usufruiu de absolutamente nada, foi obrigado a pagar o valor sob a justificativa de que a cobrança era feita apenas pela entrada no espaço.",False,False,maior,detrator,outlier
ChIJRUjwU66WoGgRzc9yJU7jkwM,Nala Land - Bar de Jogos de Tabuleiro em Recife,4.9,206,0,5,pt,6 months ago,"Moro perto, já virei sócio! Simplesmente fantástico! Muita variedade de jogos, gente animada e sempre disposta a ajudar! E opções de lanche (que ninguém é de ferro)",False,False,maior,promotor,maior
ChIJRUjwU66WoGgRzc9yJU7jkwM,Nala Land - Bar de Jogos de Tabuleiro em Recife,4.9,206,1,5,pt,9 months ago,"Ambiente maravilhoso! Temos muita carência de locais assim, algo que foge do normal, para quem curte tabuleiro, recomendo demais. Parabéns pela iniciativa e desejo o melhor para a equipe.

Como sugestão, entendo a ausência de porta entre as salas e o corredor, mas seria legal manter entre uma sala e outra, para melhorar acústica e não vazar tanto o barulho entre os ambientes, o pessoal ao lado tinha momentos bem barulhentos que chegou a incomodar nossa mesa.

Tudo de melhor!",False,False,maior,promotor,maior
ChIJRUjwU66WoGgRzc9yJU7jkwM,Nala Land - Bar de Jogos de Tabuleiro em Recife,4.9,206,2,5,pt,4 months ago,"Lugar acolhedor, bonito, limpo, cheio de salas particulares, atendimento excelente, funcionários simpáticos e muito solícitos, e um cardápio com opções veganas e comidas muito gostosas. Adorei a variedade de jogos e o fato de sempre ter um funcionário aparecendo para perguntar se precisava de ajuda, orientação ou serviço. Também é um local com acessibilidade e sem estresses para quem tem mobilidade reduzida.",False,False,maior,promotor,maior
ChIJRUjwU66WoGgRzc9yJU7jkwM,Nala Land - Bar de Jogos de Tabuleiro em Recife,4.9,206,3,5,pt,2 years ago,"O lugar é um achado! Fui comemorar o aniversário de um amigo, e foi tudo, muitos jogos, o tempo passou e nem percebemos de tão entretidos. Os preços são ok, nada tão exorbitante. O que mais sentimos realmente foi com relação a climatização do ambiente, por se tratar de uma estrutura de casa mesmo, sentimos bastante calor, o que chegou a incomodar em alguns momentos, mas nada a ponto de tornar a experiência ruim. Voltaria lá com certeza, e espero que tenham bons retornos financeiros e possam investir mais em climatização. De resto, amei! 😊",False,False,maior,promotor,maior
ChIJRUjwU66WoGgRzc9yJU7jkwM,Nala Land - Bar de Jogos de Tabuleiro em Recife,4.9,206,4,5,pt,a year ago,"Atendimento perfeito, o hambúrguer de toffu é delicioso e os jogos? Nossa os jogos são muito divertidos",False,False,maior,promotor,maior
ChIJU4Wj-2mzGgcR0Jw7mlyGN-Q,Tabuleiro do Acarajé,4.0,4,0,5,pt,2 years ago,já fui várias vezes e legal bom gosto lá,False,False,menor,promotor,menor
ChIJU4Wj-2mzGgcR0Jw7mlyGN-Q,Tabuleiro do Acarajé,4.0,4,1,5,pt,2 years ago,Tinha cabelo no acaraje,True,False,menor,promotor,menor
ChIJU4Wj-2mzGgcR0Jw7mlyGN-Q,Tabuleiro do Acarajé,4.0,4,2,1,pt,2 years ago,ESTE LOCAL NÃO EXISTE,False,False,menor,detrator,menor
ChIJV-ILP3axnZMRXR-ujzUSeoM,Mister Game Drinks,4.4,7,0,1,pt,7 months ago,"Não recomendo, mandaram duas bartenders para meu casamento, uma ficava escondida e a outra respondia grosso meus convidados, o Moscou mule não estava de acordo como eu experimentei no dia da degustação, e o dono foi super grosseiro comigo no dia do meu casamento, experiência péssima. 👎",False,False,menor,detrator,menor
ChIJV5xi80_l3JQRyRgvZvdRi8I,Alba - Café e jogos de tabuleiro,5.0,71,0,5,pt,3 months ago,"O melhor lugar de Curitiba para jogos, sinceramente!
A estética do ambiente é aconchegante, com lindas artes de decoração, com espaço para grupos pequenos a médios, sem deixar todo mundo apertado, sabe?
Os atendentes são atenciosos, gentis e dispostos a ensaiar todos os jogos!
Estive por 3h e definitivamente ficaria por muito mais tempo!
As bebidas são servidas em copos lindos, com mini cubos de gelo e as comidas são fresquinhas.
O preço é bem bacana também, nada muito absurdo

Vale muito a pena reserva um horário e ir disposto a passar horas se divertindo com amigos.",False,False,maior,promotor,menor
ChIJV5xi80_l3JQRyRgvZvdRi8I,Alba - Café e jogos de tabuleiro,5.0,71,1,5,pt,4 months ago,"Um lugar incrível, com certeza irei voltar.
Atendimento impecável e muito gentil, o local super confortável, limpo e aconchegante, além dos preços que são super acessíveis e justos. Sem dúvidas um ótimo local para descontrair e ter um bom tempo de qualidade.",False,False,maior,promotor,menor
ChIJV5xi80_l3JQRyRgvZvdRi8I,Alba - Café e jogos de tabuleiro,5.0,71,2,5,pt,2 months ago,Ótimo local para uma jogatina — plus para o menu com diversas opções de cafés e bebidas maravilhosas 🎲⭐️,False,False,maior,promotor,menor
ChIJV5xi80_l3JQRyRgvZvdRi8I,Alba - Café e jogos de tabuleiro,5.0,71,3,5,pt,2 months ago,"Espaço aconchegante com uma seleção excelente de jogos! Os donos são muito queridos e explicam bem as regras se vc precisar. Fui com uma turma e a gente se divertiu bastante, queremos voltar. As comidinhas são gostosas num preço justo também. O único ponto é que eu acho que podia melhorar é ter mais sorvete no milkshake, já que é um item bem mais caro, estava gostoso mas parecia mais um café gelado normal. Mas nada que subtraia uma estrela, então continuo recomendando o lugar!",True,False,maior,promotor,menor
ChIJV5xi80_l3JQRyRgvZvdRi8I,Alba - Café e jogos de tabuleiro,5.0,71,4,5,pt,4 months ago,Lugar tranquilo e muito aconchegante. Os atendentes são super atenciosos. Tem um acervo de jogos de tabuleiro modernos muito bom! Recomendo!,False,False,maior,promotor,menor
ChIJYTHwWgBbzpQRFenbJdM5cxU,Arena BG | Jogos de Tabuleiro | Hamburgueria,4.8,145,0,5,pt,2 months ago,Tive o prazer de degustar o lanche de picles de jalapeño enquanto era perseguido pela Sadako a.k.a Samara durante uma partida de Betrayal trazido por um amigo desconhecido. Sem mais. Grande estabelecimento que traz algo formidável para São Paulo. Bom demais voltarei mais vezes.....,False,False,maior,promotor,maior
ChIJYTHwWgBbzpQRFenbJdM5cxU,Arena BG | Jogos de Tabuleiro | Hamburgueria,4.8,145,1,5,pt,5 months ago,"Um ótimo lugar pra quem gosta de boardgames ou quer conhecer, a coleção de jogos é bem variada e atende todos os gostos, o espaço possui mesas específicas para board games facilitando a jogatina.",False,False,maior,promotor,maior
ChIJYTHwWgBbzpQRFenbJdM5cxU,Arena BG | Jogos de Tabuleiro | Hamburgueria,4.8,145,2,5,pt,3 weeks ago,"Um lugar pequeno,  mas aconchegante e com uma grande variedade de jogos para curtir com a família e amigos. Uma bela maneira de estreitar relacionamentos e ter conversas mais profundas. E, quando bater aquela fofinha é só escolher o hambúrguer preferido.",False,False,maior,promotor,maior
ChIJYTHwWgBbzpQRFenbJdM5cxU,Arena BG | Jogos de Tabuleiro | Hamburgueria,4.8,145,3,5,pt,a month ago,"Lugar agradável e atendimento amigo e simpático.
Muitas opções de jogos, com suporte da equipe de atendimento para aprender a jogar.
O tempo voa neste lugar. Você passa horas sem perceber.
Para matar a fome, os lanches são incríveis e ainda conta com algumas opções de porções saborosas.
Vale a pena conhecer. Com amigos ou com crianças. Há jogos para todas as idades.",False,False,maior,promotor,maior
ChIJYTHwWgBbzpQRFenbJdM5cxU,Arena BG | Jogos de Tabuleiro | Hamburgueria,4.8,145,4,5,pt,7 months ago,"Ótimo lugar para juntar a galera, jogar alguns jogos de tabuleiro e comer comida boa.
Os lanches são bem servidos.
Os jogos estão em ótimo estado e tem uma grande variedade.
As mesas são o ponto forte, perfeito para jogos de tabuleiros.
Recomendo muito.",False,False,maior,promotor,maior
ChIJ_cv0FwB_mQARkbW8bdLx99w,Vinoteca do Visconde Restaurante,4.9,546,2,5,pt,a month ago,"Alguns restaurantes encantam pela gastronomia. Outros conquistam pela hospitalidade. A Vinoteca do Visconde reúne os dois com excelência.

Foi uma experiência memorável, em que cada detalhe reflete profissionalismo, dedicação e respeito ao cliente. O atendimento é impecável: uma equipe preparada, cordial e genuinamente comprometida em proporcionar momentos especiais. Os pratos impressionam pela qualidade, apresentação e equilíbrio de sabores, enquanto a seleção de vinhos é excepcional, elevando a experiência gastronômica a um nível ainda mais sofisticado.

Meus sinceros cumprimentos a toda a equipe por manter um padrão de excelência tão elevado. É inspirador encontrar uma casa que valoriza a boa gastronomia, o serviço de alto nível e a arte de bem receber. Sem dúvida, um dos melhores lugares para apreciar grandes vinhos e uma cozinha impecável. Uma experiência que merece ser vivida e, certamente, repetida.
★★★★★",False,False,maior,promotor,outlier
ChIJ_cv0FwB_mQARkbW8bdLx99w,Vinoteca do Visconde Restaurante,4.9,546,3,1,pt,2 months ago,"Minha experiência foi terrível.
Estávamos procurando um restaurante para almoçarmos no domingo e as avaliações nos ajudaram a escolher esse restaurante entre os outros daquela região.
O pedido demorou bastante, mas o pior foi quando os pratos chegaram. Eu e meu marido pedimos o contrafilé, chegou frio, a carne feio dura, fria e de longe era contrafilé, a carne parecia ter sido feita há dias, só tentaram colocar um molho de alho por cima para disfarçar o sabor. Não trouxeram o feijão, quando pedimos veio gelado.
O paillard também veio frio, e a picanha não parecia picanha, além de estar muito dura",False,False,maior,detrator,outlier
ChIJ_cv0FwB_mQARkbW8bdLx99w,Vinoteca do Visconde Restaurante,4.9,546,4,5,pt,a month ago,"Tive uma experiência excelente! A comida estava deliciosa, muito bem preparada e cheia de sabor. O atendimento foi impecável do início ao fim, com uma equipe muito atenciosa e simpática. Para completar, a chef Cris veio conversar conosco no final da refeição, o que tornou a experiência ainda mais especial e acolhedora. Estão todos de parabéns! Com certeza voltarei.",False,False,maior,promotor,outlier
ChIJa0CP91MzWpMRz6oEQwlR2TA,Tem Mesa - Pizza & Luderia,5.0,66,0,5,pt,4 months ago,"Tem Mesa - Pizza & Luderia — Águas Claras
Um verdadeiro hub de sociabilidade geek onde carboidrato, estratégia e caos controlado coexistem em perfeita harmonia lúdica.

O Tem Mesa não é apenas uma pizzaria temática — é praticamente uma guilda presencial para jogadores de tabuleiro, estrategistas sociais e diplomatas de mesa especializados em destruir amizades de maneira recreativa.

A proposta da casa opera numa fusão extremamente funcional entre luderia contemporânea e gastronomia casual. O ambiente pulsa aquela energia clássica de campanha longa de RPG: mesas ocupadas até altas horas, dados rolando, risadas nervosas, alianças temporárias e pessoas debatendo regras como se estivessem defendendo tese de doutorado em mecânicas de jogo eurogame.

Fui em comemoração de aniversário e mergulhamos numa sessão de War Vikings — um simulador sociopolítico disfarçado de jogo de tabuleiro. Intriga territorial, expansionismo nórdico e colapsos diplomáticos acontecendo simultaneamente enquanto a mesa lentamente abandonava qualquer resquício de estabilidade emocional. Absolutamente magnífico.

O acervo da casa é quase enciclopédico. São centenas de jogos disponíveis, transitando entre party games, eurogames, ameritrash, estratégia pesada e experiências cooperativas dignas de raid de MMORPG. E aqui entra um diferencial crítico: a equipe da luderia funciona como verdadeiros “mestres de tutorial”. Explicam regras com clareza, paciência e didática, reduzindo drasticamente o famigerado downtime cognitivo que normalmente assombra iniciantes em boardgames mais complexos.

Na parte gastronômica, a pizza artesanal feita na hora cumpre muito bem o papel de recurso regenerativo da campanha. Massa crocante, recheio bem distribuído e execução honesta — comida pensada para sustentar longas sessões sem transformar a mesa em evento de catástrofe oleosa nível apocalipse zumbi.

A cerveja entra como buff social passivo obrigatório, elevando o carisma coletivo e reduzindo temporariamente o ressentimento acumulado após traições estratégicas em jogos de conquista territorial.

O mais interessante é a atmosfera orgânica do lugar: ninguém parece com pressa. As mesas viram pequenos universos paralelos onde o tempo opera em outro sistema de turnos. Você chega para “jogar uma partida” e, quando percebe, já desbloqueou a madrugada como expansão secreta.

Conclusão crítica: o Tem Mesa é praticamente uma dungeon social de alto nível para nerds civilizados. Um lugar onde pizza artesanal, álcool moderado e jogos de tabuleiro criam uma experiência cooperativa-caótica extremamente difícil de replicar. Ideal para quem entende que amizade verdadeira só existe depois de sobreviver a uma partida longa de War sem virar inimigo mortal de alguém da mesa.",False,True,maior,promotor,menor
ChIJa0CP91MzWpMRz6oEQwlR2TA,Tem Mesa - Pizza & Luderia,5.0,66,1,5,pt,5 months ago,"Eu fui até o Tem Mesa pelos jogos, mas as pizzas foram um acréscimo incrível ao acervo já tão forte. Inclusive, qualidade artesanal com preço que quase beira ao absurdo de tão barato considerando as opções locais. Quanto aos jogos, levei alguns amigos do trabalho e aproveitamos o que o Tem Mesa tem de cooperação para trabalho em equipe, e foi um sucesso! Dica: cheguem cedo nos eventos, pois já aconteceu de chegarmos e não conseguirmos algumas opções de sabores de pizza, foi triste rsrs. Aliás, os eventos da casa reforçam a união dessa comunidade tão diversa, aberta e familiar. Parabéns ao proprietário, que claramente tem como prioridade um ambiente de fato acolhedor.",False,False,maior,promotor,menor
ChIJa0CP91MzWpMRz6oEQwlR2TA,Tem Mesa - Pizza & Luderia,5.0,66,2,5,pt,5 months ago,"Foi a melhor pizza que já comi na vida e agora estou com vontade de provar todos os sabores do cardápio. Além disso, um ambiente muito legal pra conseguir socializar com os amigos jogando um jogo de tabuleiro diferente em vez de se encontrar e todo mundo ficar no celular. Não tenha medo de jogar algo que você não conhece, tem jogos para todos os gostos.",False,False,maior,promotor,menor
ChIJa0CP91MzWpMRz6oEQwlR2TA,Tem Mesa - Pizza & Luderia,5.0,66,3,3,pt,4 months ago,"Grande variedade de jogos. Porém, no dia que fomos não havia explicadores e só uma pessoa atendendo. Nem chegamos a pedir comida em razão do caos que estava. A ventilação do lugar também deixa a desejar e o cheiro de queimado vindo da cozinha atrapalha um pouco a experiência.",False,False,maior,detrator,menor
ChIJa0CP91MzWpMRz6oEQwlR2TA,Tem Mesa - Pizza & Luderia,5.0,66,4,5,pt,7 months ago,"Lugarzinho sensacional, escondido no One Park Mall, quase num cantinho do shopping, mas uma das melhores pizzas que já comi em uma luderia, sendo que todas as opções são incríveis, tendo destaque até mesmo para as pizzas doces, que parecem ter saído de um cardápio de uma grande pizzaria (recomendo muito a Lemon Heaven). O atendimento é outro ponto forte, tanto a Amanda, quanto o Jetro, atendem e se preocupam o tempo todo com o grau de satisfação do público, tanto com os lanches, quanto com os jogos, que por sinal também são outro ponto a destacar. Tudo bem novo, cópias bem protegidas, sleevadas e com um acervo excelente. Sinceramente, as luderias de Águas Claras estão muito bem representadas e eu recomendaria certamente.",False,False,maior,promotor,menor
ChIJa6-7T2uxGgcR4K-1owvXsuI,Multiverso Game Point,4.9,178,4,5,pt,7 years ago,Um ótimo ambiente para quem tem hobbys nerds. Os donos são super simpáticos e o atendimento é nota mil!,False,False,maior,promotor,maior
ChIJb0TXDUndrAcRi0y4ut782Hw,Grão-Mestre Luderia,4.7,569,2,5,pt,a month ago,"Ambiente muito legal, variedade de jogos bem boa, tanto para jogar em dupla quanto pra jogar com grupos de amigos. Os atendentes são muito gentis em explicar os jogos, então você pode experimentar jogos que você nunca jogou antes. Segunda vez que visito o lugar e planejo visitar mais vezes quando estiver em João Pessoa.",False,False,menor,promotor,outlier
ChIJb0TXDUndrAcRi0y4ut782Hw,Grão-Mestre Luderia,4.7,569,3,5,pt,2 months ago,"Fui conhecer o lugar porque queria fazer minha festa de aniversário lá, e acabei jantando por lá. Minha mãe pediu o Peppa Pig e ficou apaixonada pela cebola em conserva deles, e eu pedi o Hanabi que tem um sabor bem diferente de tudo que ja provei(em um ótimo sentido). Fomos recebidas por Helder, que foi muito gentil em nos explicar como funcionaria a reserva da sala, e os atendentes a todo momento verificavam se precisávamos de algo naquela visita breve. Eu adorei o lugar, e desejo que todos tenham boas experiências ao visita-lo, como eu tive! Além disso, tambem espero ansiosamente pelas adaptações para PCD'S no local para tornar a experiência ainda mais tranquila! É um local que vale muito a pena conhecer!",False,False,menor,promotor,outlier
ChIJb0TXDUndrAcRi0y4ut782Hw,Grão-Mestre Luderia,4.7,569,4,1,pt,11 months ago,"A proposta do lugar é legal, só que minha experiência lá não foi muito boa. No dia do meu aniversário chamei alguns amigos para ir comemorar lá, entrei em contato com eles, perguntei se faziam reserva e me mandaram que tinham uma modalidade de reserva para alugar um dos espaços “exclusivos” deles. Eu concordei e pedi pra reservar ,o valor mínimo da reserva é de 500,00 e tinha que pagar logo, mas até aí tudo certo. Quando foi o dia de ir, eu tive um probleminha e falei que ia atrasar um pouco do horário que tínhamos combinado e aí me disseram que não tinha problema algum (até por que eu já tinha reservado e pago né). Pois bem, mas mesmo eu atrasando um pouco alguns amigos meu chegaram no horário certinho e estavam me esperando, só que quando eu cheguei simplesmente estava todo mundo lá em um ambiente comum, junto com outras pessoas, eu então falei com um dos funcionário e eles me disseram “vocês vão ficar aqui mesmo, por que tem gente usando a sala já que vocês não chegaram no horário“ e eu fiquei “oi ???, eu aluguei e já paguei como assim tem alguém na sala ? Pois me bote em outra” aí chamaram o dono( que foi a pessoa que estava conversando comigo no WhatsApp) demorou uns 20 min pra chegar, mostrei pra ele as conversas e disse “cadê minha sala exclusiva” aí ele falou q ia pedir o pessoal que tava lá dentro pra sair quando, só ia esperar eles terminarem a partida, nisso foi mais uns 30 min de espera. Resumindo, me estressei no meu aniversário, a sala era pequena, a comida não é muito boa e não fizeram questão de tentar nos “agradar” mesmo depois desse desgaste todo. O que fez minha noite não ser horrível foi meus amigos que são incríveis.",False,False,menor,detrator,outlier
ChIJbSfwVQDhYY0Rx5aY3a7TZzQ,Board House - Jogos de Tabuleiro,4.6,32,0,5,pt,7 months ago,"Um lugar muito bom pra passar um tempo com os amigos e jogar diversos jogos🩷
A comida é mt boa e os drink tbm, vale resaltar a criatividade nos nomes deleskkk amei!
A vibe do ambiente é como se fosse se reunir na casa de um amg pra jogar, o que eu gostei.
Os atendentes sao atencioso e caso necessário te explicam o jogo que vc escolheu.
Única coisa que eu não gostei muito foi que o jogo nao é pago por mesa más sim por pessoa, exemplo: se o preço do jogo é 10 reais, e sao 6 pessoas pra jogar, dai cada um paga 10.
Entretanto, é somente um detalhe comparado a todo resto ",False,False,menor,promotor,menor
ChIJbSfwVQDhYY0Rx5aY3a7TZzQ,Board House - Jogos de Tabuleiro,4.6,32,1,5,pt,a year ago,"Lugar incrível para ir no final da noite com os amigos, comer algo legal e tomar uma bebida, o espaço é bem amplo, tem espaço coberto e tem não coberto, o atendimento é bom, só que é um pouco demorado.",False,False,menor,promotor,menor
ChIJbSfwVQDhYY0Rx5aY3a7TZzQ,Board House - Jogos de Tabuleiro,4.6,32,2,1,pt,4 months ago,"Reservei uma mesa com antecedência para aniversário, porém, quando chegamos ao local no horário programado NÃO HAVIA NENHUMA mesa e meus convidados já estavam vindo. Não houve aviso prévio, atendimento para resolver foi totalmente ineficaz e ainda por cima não tomaram medida alguma para ressarcir pela situação lamentável. nota dó.",False,False,menor,detrator,menor
ChIJbSfwVQDhYY0Rx5aY3a7TZzQ,Board House - Jogos de Tabuleiro,4.6,32,3,5,pt,8 months ago,"Ótimo lugar para reunir os amigos. Além disso, comida boa.",False,False,menor,promotor,menor
ChIJbSfwVQDhYY0Rx5aY3a7TZzQ,Board House - Jogos de Tabuleiro,4.6,32,4,5,pt,a year ago,"O Ambiente é excelente, fora o atendimento que eles têm com a gente, eles acompanham tudo e explicam como funcionam os jogos direitinho, fora a quantidade de jogo que são muitos, ótimo lugar pra ir com amigos e se divertir, em grupo ou casal.",False,False,menor,promotor,menor
ChIJbY1Qc90zWpMRLdrHxi9QMko,República Ludovico,5.0,79,0,5,pt,a month ago,"Lugar incrível, perfeito para reunir os amigos pra jogar o dia inteiro, cardápio maravilhoso, e um lugar bem confortável, vou voltar muito mais vezes !!",False,False,maior,promotor,menor
ChIJbY1Qc90zWpMRLdrHxi9QMko,República Ludovico,5.0,79,1,5,pt,4 months ago,"Gostei muito, variedade grande de jogos, atendimento impecável, além de ensinar a jogar, pessoal passa o tempo todo tirando dúvidas... E tem espaço kids 😍",False,False,maior,promotor,menor
ChIJbY1Qc90zWpMRLdrHxi9QMko,República Ludovico,5.0,79,2,5,pt,4 months ago,"Bom acervo de jogos, para todos os gostos, excelente atendimento e ainda tem café, salgados e refil de pipoca. Decoração super bacana. Recomendo a visita. Tem jogos mais leves para vender, então dependendo do jogo que conhecer na loja, se você gostar é capaz de já sair de lá com o seu.",True,False,maior,promotor,menor
ChIJbY1Qc90zWpMRLdrHxi9QMko,República Ludovico,5.0,79,3,5,pt,3 months ago,"Foi uma experiência maravilhosa conhecer a República Ludovico! Pra começar, o atendimento foi impecável: todos muito atenciosos e amáveis!
O catálogo de jogos é enorme e a equipe ajuda tanto na hora de escolher os jogos quanto na hora de explicar como se joga.
Fui com mais três amigos e tivemos uma noite extremamente divertida e agradável!
Amei o cardápio de comidinhas e bebidas e estava tudo uma delícia.
Não vejo a hora de voltar!
Recomendadíssimo!",False,False,maior,promotor,menor
ChIJbY1Qc90zWpMRLdrHxi9QMko,República Ludovico,5.0,79,4,5,pt,4 months ago,"Lugar muito aconchegante e bem organizado, ótimo atendimento e, além de tudo, tem uma variedade incrível de jogos. Vale muito a pena visitar e conhecer!",False,False,maior,promotor,menor
ChIJcRvp0r15GZURj1bFNF3n5jw,HEX Board Game Café,5.0,84,1,4,pt,a year ago,"O local é muito bom, com uma ótima variedade de jogos de tabuleiro e um ambiente bem iluminado e limpo. No entanto, como foi a minha primeira vez, tive algumas dificuldades em encontrar o local, pois fica em um prédio com grades na frente, e também houve uma certa demora nos pedidos.",False,False,maior,neutro,menor
ChIJcRvp0r15GZURj1bFNF3n5jw,HEX Board Game Café,5.0,84,2,5,pt,2 years ago,"Fomos a primeira vez na Hex em fevereiro de 2024 para participar do encontro mensal de RPG.
Foi muito divertido, o espaço conta com diversos board games e um cardápio excelente (cafés, milkshakes, pizzas, pão de queijo, salgados, porções de fritas, opções veganas etc)
É possível alugar os jogos e levar para casa ou jogar no espaço.",True,False,maior,promotor,menor
ChIJcRvp0r15GZURj1bFNF3n5jw,HEX Board Game Café,5.0,84,3,5,pt,3 years ago,"Fui com um grupo de amigos para ter uma tarde de jogatina, lá tem várias opções de jogos (tanto carta quanto tabuleiro), o Árthur que é o moço que nos recepcionou, foi muito gentil e atencioso, bem prestativo na hora de nos explicar os jogos. Tomei um café expresso que estava muito gostoso, o ambiente era bem agradável também. Com certeza voltaria lá.",False,False,maior,promotor,menor
ChIJcRvp0r15GZURj1bFNF3n5jw,HEX Board Game Café,5.0,84,4,5,pt,4 years ago,"Nossa, lugar sensacional! Ótimos jogos de tabuleiro (boardgames), muitas opções mesmo, a pizza é muito boa, cerveja gelada, refrigerantes bem servidos, porção de amendoim sendo uma ótima opção para comer enquanto joga e o café também é sensacional! Parabéns! Irei sempre!",False,False,maior,promotor,menor
ChIJd5jnFQAFbJIRyaRaoNBV_hg,Vezzo - Doces e Jogos,5.0,11,1,5,pt,a year ago,"Ambiente agradável, comidas gostosas e jogos divertidos. Ótimo lugar para reunir a família e os amigos.",False,False,maior,promotor,menor
ChIJd5jnFQAFbJIRyaRaoNBV_hg,Vezzo - Doces e Jogos,5.0,11,2,5,pt,a year ago,"Amei tudo que provei, o dindin, o sorvete, o bolo... te. Muitos sabores maravilhosos de dindin gourmet, eu experimento um diferente toda vez. E além da comida boa, tem os jogos. Lá tem uma variedade de jogos de cartas e de tabuleiro, um mais lindo e legal que o outro, e a equipe de lá ensina a jogar e até joga com você. Definitivamente um dos meus lugares preferidos!",False,False,maior,promotor,menor
ChIJd5jnFQAFbJIRyaRaoNBV_hg,Vezzo - Doces e Jogos,5.0,11,3,5,pt,a year ago,"Amei o lugar! Além de muitas opções de gostosuras você tem vários jogos para escolher e ter um momento diferente. Achei incrível! Manaus carece de lugares assim. Super recomento, principalmente para casais que assim como eu estão cansados de sair só pra comer.",False,False,maior,promotor,menor
ChIJd5jnFQAFbJIRyaRaoNBV_hg,Vezzo - Doces e Jogos,5.0,11,4,5,pt,a year ago,"Ambiente bem organizado, todos os doces e bebidas com qualidade muito boa. Área de jogos bem divertido, ótimo pra conviver e jogar com os amigos.",False,False,maior,promotor,menor
ChIJf1eUzsUbbJIROHClUemcirk,Player Food,4.6,67,0,3,pt,7 months ago,"O lugar é agradável mas pequeno, deviam aumentar o espaço e colocar mesas ao lado de fora, pra não ter o desconforto de chegar clientes e dizer a eles que não a lugares disponíveis, ar condicionado, mesas confortável, jogos eletrônico e o jogos de mesa é cobrando uma taxa de 10 reais. O atendimento não gostei muito, pós o cardápio é em QR, quando fui atendida a atendente sentou a cardeira da minha mesa e a moça da recepção tinha perguntado da atendente se ela pediu licença para mim, mas eu não escutei ela pedindo licença, vocês deviam ser mais educados os atendentes pareciam mortos de cansados e sendo sinceros demais sobre os clientes deles falando como se os clientes não tivesse escutando, isso deixar os clientes descartáveis, igual como eu fiquei. Devia também avisar antes que cobram taxa de 10.0% da comissão, tenho certeza que já chegaram gente com o valor do lanche e quando chegar na hora de pagar é cobrado a mais. Sobre o Hambúrguer é gostoso só não acho que é compensado ao preço de 32 reais, devia ser uns 20 reais esses hambúrgueres. Essa foi a minha experiência pela primeira vez.",False,False,menor,detrator,menor
ChIJf1eUzsUbbJIROHClUemcirk,Player Food,4.6,67,1,5,pt,a year ago,"Local muito legal, um dos meus preferidos na cidade e que tento ir pelo menos 1x ao mês com um grupo de amigos, a recepção é boa, conta com várias opções de hambúrgueres e petiscos (recomendo demais os bolinhos de costela que acompanham um molho e são a cara da hamburgueria pra mim!) E uma vasta coleção de jogos de tabuleiro, os boardgames.

Também tem uma variedade de jogos digitais, Xbox e Playstation, além de alguns jogos arcades (mesas com jogos de Nintendo por exemplo). Tem salas que podem ser reservadas para grupos maiores (mais de 4 pessoas) e além de tudo isso os colaboradores ainda recomendam ótimos jogos e dão uma orientação básica (até montam o setup se você precisar) dos jogos.

Recomendo muitíssimo uma visita nesse lugar que deve ser obrigatório caso você goste de jogos de tabuleiro e queira dar um rolê mais tranquilo com seus amigos!",True,False,menor,promotor,menor
ChIJf1eUzsUbbJIROHClUemcirk,Player Food,4.6,67,2,5,pt,a year ago,"Sem sombra de dúvidas um lugar maravilhoso, existem jogos de RPG ( você paga um passaporte entre 10/20 reais), Xbox, e videogame na mesa são gratuitos, boa comida , ambiente agradável, atendimento extraordinário. Único ponto negativo foi a demora, porém , vale a pena a comida e muito saborosa",False,False,menor,promotor,menor
ChIJf1eUzsUbbJIROHClUemcirk,Player Food,4.6,67,3,4,pt,2 months ago,"Os hambúrgueres estavam saborosos e o bolo de carne também estava ótimo. Não estava movimentado no domingo à noite, então nosso pedido não demorou. As atendentes são bem simpáticas. Ponto negativo para o banheiro, que é muito apertado e abafado. Recomendado para quem gosta de jogos eletrônicos e de tabuleiro.",False,False,menor,neutro,menor
ChIJf1eUzsUbbJIROHClUemcirk,Player Food,4.6,67,4,3,pt,6 months ago,"Local super legal para o público que gosta de gamer. Cada mesa tem uma tela que a pessoa aguarda jogando.O atendimento da recepção  é bom.A comida também é boa.Só não gostei muito do ambiente pequeno demais para a quantidade de pessoas que frequentam. A gritaria também das crianças presentes,tanto na hora dos jogos ,como na hora de ir pra casa,porque elas não querem ir e fazem maior escândalo.Isso incomodou um pouco,a poluição sonora.",False,False,menor,detrator,menor
ChIJfyav9YI9uAARjwbBqcRm2_k,Café Geek Cafeteria e Ludoteca,5.0,148,1,5,pt,6 months ago,"Local maravilhoso, acolhedor e amigável. Os donos são super queridos, em especial a Rosângela. Atmosfera maravilhosa para os amantes dos jogos, do iniciante ao mais experiente 💖🥰🌸✨",False,False,maior,promotor,maior
ChIJfyav9YI9uAARjwbBqcRm2_k,Café Geek Cafeteria e Ludoteca,5.0,148,2,5,pt,10 months ago,"Local maravilhoso. Agradável, super atenciosos. Me senti em casa. Cafés deliciosos, mas os milkshakes são de arrasar!  Tem jogos para todos os gostos e idades. Vc facilmente perde a noção do tempo aqui e passa o dia inteiro, sem sentir. Com certeza voltarei muitas vezes",False,False,maior,promotor,maior
ChIJfyav9YI9uAARjwbBqcRm2_k,Café Geek Cafeteria e Ludoteca,5.0,148,3,5,pt,6 months ago,"Eu e meus amigos adoramos esse lugar! Tem muitos jogos para escolher e a comida tem um preço incrível, além de ser muito saborosa.
Talvez por ser um ambiente familiar demora bastante para chegar quando pedimos, então a recomendação é pedir antes de estar com bastante fome rsrss' assim você vai ser distraindo com os jogos e quando vê chegou!
O lugar é muito encantador, foi pensado com muito carinho, vale super a pena cada minuto lá dentro.

O Milkshake e o açaí são sensacionaiiiis!!",False,False,maior,promotor,maior
ChIJfyav9YI9uAARjwbBqcRm2_k,Café Geek Cafeteria e Ludoteca,5.0,148,4,5,pt,5 months ago,"Ambiente agradável, atendimento excelente, e equipe muito simpática. MUITAS opções de jogos para crianças e adultos e todas as idades, e a comida muito gostosa, vale muito a pena conhecer.",False,False,maior,promotor,maior
ChIJk4ZqIH1_mQARrByPymrpe7E,Donna Gastrobar,4.5,99,1,5,pt,5 months ago,"Lugar bonito, acolhedor, atendimento simpático. Garçonete Pamela bem atenciosa. A burrata (69) estava uma delícia, assim como o sanduíche de baby beef (69) e o drink Mojito Donna (38). Tudo o que comemos estava bem preparado e saboroso.
Voltaria novamente e recomendo.
Às quintas tem um evento de Quiz com prêmios, você paga 20 reais por pessoa pra participar. Infelizmente fiquei em último lugar e só ganhei um chaveiro rs.",False,False,menor,promotor,maior
ChIJk4ZqIH1_mQARrByPymrpe7E,Donna Gastrobar,4.5,99,2,5,pt,5 months ago,"Se você quer uma coquetelaria de qualidade, comida de excelência e um atendimento de primeira, o Donna é o lugar certo.

Achadinho incrível em botafogo, com tudo de melhor, recomendo para todos.

Ambiente aconchegante e música boa.

Podem vir sem medo!

Boulevardier ABSURDO de bom.",False,False,menor,promotor,maior
ChIJk4ZqIH1_mQARrByPymrpe7E,Donna Gastrobar,4.5,99,3,2,pt,2 months ago,"Fui assitir o jogo do Brasil na Copa com meu amigo, no dia estava tendo promoção de chopp a cada gol do Brasil. Brasil fez 3x0 e eu nao bebi NADA pq o garçom se recusou a me servir e só enrolava dizendo q já ia trazer, enquanto levava bebidas para a mesa ao lado. Ambiente agradável mas o serviço foi negativo.",False,False,menor,detrator,maior
ChIJk4ZqIH1_mQARrByPymrpe7E,Donna Gastrobar,4.5,99,4,4,pt,2 months ago,"O espaço é bastante agradável apesar de pequeno. Fui no dia do jogo do Brasil então estava bastante lotado, com pessoas fumando na área interna, o que tornou a experiência um tanto desagradável. O chopp veio rápido, gelado, comemos pastéis de carne e queijo, bem gostosos. O atendimento é descontraído e facilitado com comandas individuais. Pelo valor do couvert no dia (R$15), os banheiros poderiam estar mais bem cuidados, com falta de papel higiênico inclusive.",False,False,menor,neutro,maior
ChIJkWsGmd1czpQRGLydxc29vbw,Place Games,4.8,572,2,4,pt,a month ago,"Variedade de jogos (board games) muito boa e sempre atualizados com lançamentos. Só precisariam ter mais pessoas que ensiem os jogos e sempre terem horário até às 00h, principalmente aos fins de semana e vesperas de feriado.",False,False,maior,neutro,outlier
ChIJkWsGmd1czpQRGLydxc29vbw,Place Games,4.8,572,3,3,pt,2 months ago,É um lugar legal. Tem muita variedade de jogos mas realmente faltava uma variedadezinha de drink. Unica coisa que n me deixa com mais vontade de voltar assim diretao. Se eu pudesse tomar um moscow mule ao invez de so cerveja eu ia achar o lugar mais foda do abc pra levar a galera pra jogar boardgame,False,False,maior,detrator,outlier
ChIJkWsGmd1czpQRGLydxc29vbw,Place Games,4.8,572,4,5,pt,7 months ago,"Ambiente gostoso de ficar, música na altura certa. Comida boa. Colaborador Willian educado e muito prestativo. Voltaremos SEMPRE que puder",False,False,maior,promotor,outlier
ChIJnyqy8QHhYY0RIHJp_Ofb4v8,4 Fun Geek Store,4.5,146,2,4,pt,6 months ago,"Ótimo lugar pra curtir com amigos.
Cerveja gelada, jogos de mesa, bilhar, música ambiente é um pouco do que você vai encontrar.
O cardápio conta também com hambúrgueres, drinks, dentre outros. Recomendo experimentar pois são muito bons.
Ainda tem algumas coisas para melhorar, o banheiro masculino não é agradável, quase nunca tem papel, torneira ruim, já teve dia que não tava nem pegando.
Em alguns cantos tem lixo acumulado, poderiam retirar.
Sugestão, poderiam voltar com os fliperamas.
Já melhoraram bastante, recomendo.",False,False,menor,neutro,maior
ChIJnyqy8QHhYY0RIHJp_Ofb4v8,4 Fun Geek Store,4.5,146,3,1,pt,5 months ago,"Pedi um combo Ludo, demorou mais de 1h pra chegar, o hambúrguer veio frio e a batata encharcada de óleo velho, comida cara e de péssima qualidade.",True,False,menor,detrator,maior
ChIJnyqy8QHhYY0RIHJp_Ofb4v8,4 Fun Geek Store,4.5,146,4,5,pt,a year ago,"Um lugar ótimo pra ir com os amigos, conversar ou até mesmo jogar, os jogos são de graça, e é só você escolher e levar para a sua mesa, tem as outras opções de jogos que você tem que comprar fichas, mas são bem em conta, o local abre a partir de quarta feira.",False,False,menor,promotor,maior
ChIJpzB8zc2XpgARoJTUu90J6Pw,Comdado Bar e Jogos,4.4,158,0,5,pt,8 months ago,"Muito bom! Fiquei muito feliz com o cardápio que é bem grande e tem opções vegetarianas pra todas as refeições! O lugar é grande, ótimo, e os jogos são ótimos. Os preços são bons também, não são os mais caros que já vi, mas também não é baratinho.",True,False,menor,promotor,maior
ChIJpzB8zc2XpgARoJTUu90J6Pw,Comdado Bar e Jogos,4.4,158,1,2,pt,2 years ago,"Infelizmente, nossa experiência no Comdado não foi boa! Logo de início, nos surpreendeu o fato de a portaria permanecer trancada, mesmo com a casa em pleno funcionamento. Descobrimos que a razão para isso é que a casa, que é bastante antiga, já sofreu diversas tentativas de invasão. Houve um esforço para modernizá-la, adotando um estilo inspirado em jogos e filmes em alguns cantos da casa. Embora haja quem aprecie, não nos agradou muito a mistura do antigo casarão com peças de decoração aleatórias espalhadas pelas salas. Os bancos e mesas de madeira não nos foram nada confortáveis para se sentar por longos períodos; além disso, estava tocando uma trilha sonora de jogos por horas e horas a fio num volume bem alto.

O atendimento de todos os funcionários é muito simpático, mas claramente se percebe que eles não têm experiência prévia. Isso não é um problema, mas demorou quase trinta minutos para que fôssemos atendidos pela primeira vez e pedíssemos nossas bebidas. Durante a noite toda, nos encontramos em uma constante espera por atendimento ou mesmo pela disponibilidade dos funcionários no salão.

As opções de jogos são bem fartas, a um couvert de R$20 por pessoa. De fato, as explicações dos jogos são muito completas e, novamente, a atenção e carisma dos funcionários se destacam por literalmente jogar com os clientes. Há boas opções de cerveja e drinks em preços normais. No entanto, nada justifica o preço mínimo de R$40 para os hambúrgueres (excluindo a opção infantil), acompanhados de batatas encharcadas de óleo e um blend de carnes de qualidade péssima. Para qualquer pessoa que conhece boas hamburguerias em BH, esses lanches deixam muito a desejar. A indigestão apenas algumas horas depois da refeição foi a cereja do bolo.

Temos certeza que o conceito da casa agrada muitas pessoas, e desejamos muito sucesso e evolução para o dono e os funcionários, mas, infelizmente, nossa experiência não nos faz ter vontade de voltar.",False,False,menor,detrator,maior
ChIJpzB8zc2XpgARoJTUu90J6Pw,Comdado Bar e Jogos,4.4,158,2,5,pt,a year ago,"Um lugar muito bem projetado pra quem gosta de jogos de tabuleiro, RPG, card games e afins. Com detalhes bem pensados pra imersão dos clientes. Não é um bar medieval como outros em BH, é um bar de jogos e entender a diferença evita frustrações. Não vou colocar fotos do cardápio mas esperem uma agradável surpresa.",False,False,menor,promotor,maior
ChIJpzB8zc2XpgARoJTUu90J6Pw,Comdado Bar e Jogos,4.4,158,3,5,pt,3 years ago,"Estive no Comdado hoje (sexta feira) para comemorar o aniversário de um amigo.

Como o estabelecimento fica na av. Amazonas, optei por ir até lá de Uber, porém notei que não teria dificuldade de estacionar na rua Juíz de Fora (que passa no quarteirão de cima) ou na Alvarenga Peixoto (um pouco depois do bar, na rua diagonal). A área é bastante segura por ser próxima da 4ª cia do Exército.

Quando cheguei, o portão estava fechado. Bastou tocar a campainha e a atendente Mel veio nos receber com muito carisma.

Para chegar até a casa, o acesso é feito por uma pequena escada com poucos degraus.

Na entrada tem duas mesas grandes, em área coberta, porém aberta. Logo tem um grande salão com um trono com salas temáticas no entorno (Sala Viking - com um barco muito legal, Biblioteca, Sala Hobbit). Ali no grande salão também tem um banheiro unissex, a cozinha e uma escada que dá acesso ao andar superior.

Os temas das salas que ficam no segundo andar ainda estão em elaboração, porém já tem uma sala muito fofa decorada com Tatames e mesa baixa no centro.

No segundo andar também mais dois banheiros (masculino e feminino) e uma varanda.

A casa apesar de antiga, foi toda reformada e está com um ambiente bastante lúdico.

Comi o sanduíche Aventureiro - destaque para o blend de carne muito saboroso e com ponto excelente.- R$40 (com batata frita) e tomei milkshake de Nutella R$20. Provei o milkshake de café com rum e também gostei - R$25.
Tudo muito bem feito.

Ah! Um cuidado da casa é de servir os pedidos de comida das pessoas da mesa praticamente no mesmo tempo. Evitando interromper os jogos várias vezes.

O acervo da biblioteca é bastante vasto e tem jogos para quase todos os gostos e idades - conferir idade mínima com o estabelecimento.

Na sexta feira é cobrada uma “taxa lúdica” de R$20 e você pode se divertir com seus amigos jogando boardgames adultos (inclusive pode levar os seus jogos para curtir lá com sua turma).

Os jogos vão desde tramas simples de cartas até RPGs e jogos com Sets complexos.
Eles promovem eventos de boardgames com frequência. Se você gosta, certamente vai curtir esse novo espaço aqui em BH.

As comandas de consumo podem ser individuais, ponto super positivo para visitas em grupo.

É possível pagar a conta no crédito, débito e pix.
Apesar de ser um estabelecimento de jogos de tabuleiro, lembro que os jogos são em grande maioria adultos. Crianças são bem vindas, no entanto, não é um local para diversão infantil.

Gostei muito do espaço e certamente retornarei.",False,True,menor,promotor,maior
ChIJpzB8zc2XpgARoJTUu90J6Pw,Comdado Bar e Jogos,4.4,158,4,5,pt,a year ago,"Fui no Comdado e adorei a vibe do lugar! A decoração é bem temática, com essa pegada de viking. A gente se sentiu num filme! O atendimento é super tranquilo e os jogos são uma ótima pedida para quem quer se divertir com os amigos.

A comida também merece destaque. O hambúrguer estava delicioso e o milkshake de rum era incrível. Peguei uma porção de frango empanado que também estava bem gostosa. A experiência como um todo foi muito boa, desde a ambientação até o atendimento. Se você procura um lugar diferente para sair, o Comdado é uma ótima opção.",False,False,menor,promotor,maior
ChIJq92vt8sxpJQR-lNNTdp0RLQ,TABLE GAMES (Burgers),4.9,364,1,5,pt,3 years ago,"Fui com a família, dessa vez só para comer. Hambúrguer muito gostoso e ótimo preço, excelente trabalho do chapeiro! Atendimento muito bom, chegou rapidinho os lanches, e todos juntos (:
E ainda há uma variedade muito boa de jogos de carta/tabuleiro pra jogar com muitas ou poucas pessoas. Valor das bebidas também é justo!",False,False,maior,promotor,outlier
ChIJq92vt8sxpJQR-lNNTdp0RLQ,TABLE GAMES (Burgers),4.9,364,2,5,pt,8 years ago,"Melhor lugar de Araguari! O local possui uma diversidade imensa de jogos de cartas e tabuleiros. O local é super agradável, organizado e os atendentes são educados e bastante solícitos para tirar dúvidas sobre os jogos disponíveis. E, para melhorar mais, o preço por hora é bastante justo e acessível, e ainda é possível se tornar associado do local pagando mensalidade. Local super recomendado para ir com seus amigos e até mesmo sozinho! Companhia para jogar não faltará!",False,False,maior,promotor,outlier
ChIJq92vt8sxpJQR-lNNTdp0RLQ,TABLE GAMES (Burgers),4.9,364,3,5,pt,4 years ago,"A melhor Luderia/Bar de Boardgames da região. Muito bom pra jogar jogos de tabuleiro e RPG com os amigos, além de ter sanduíches artesanais muito gostosos. Recomendo sempre.",False,False,maior,promotor,outlier
ChIJq92vt8sxpJQR-lNNTdp0RLQ,TABLE GAMES (Burgers),4.9,364,4,5,pt,7 years ago,"Esse lugar e ótimo cara,  sério mesmo excelente atendimento com bastante jogos e um clímax bem agradável muito bom mesmo",True,False,maior,promotor,outlier
ChIJqQGLHGfnrAcR7cbxZrSPynE,Taverna Mestre Ogro,5.0,3,0,5,pt,a month ago,"Tudo feito no capricho, pastéis bem recheados, vale a pena conferir. Meu preferido é o da massa de queijo, mas tem massas e recheios de vários sabores, inclusive doces e lá vende líquidos também. Os donos são maravilhosos e jogam jogos de tabuleiro. Super recomendo. Aprovado. :)",False,False,maior,promotor,menor
ChIJqQGLHGfnrAcR7cbxZrSPynE,Taverna Mestre Ogro,5.0,3,1,5,pt,3 weeks ago,"Muito bom a massa muito gostoso, e bem recheado e o melhor a nosso gosto 😋",False,False,maior,promotor,menor
ChIJqUA_IaE5jgcRjnu2CBE7yTM,Xeque Mate: Restaurante e Jogos de Tabuleiro,4.7,825,3,4,pt,a year ago,"O ambiente é super agradável para reuniões com amigos, possui diversos jogos super divertidos! As vezes eles fazem eventos bem legais, quando fui tinha essa exposição de artes e estavam divulgando o dia que fariam umas competições bem legais. Só não me agradou muito o sabor do hambúrguer (faltou um pouquinho de sal e mais molho) e uma vitamina, porque era muito amarga (sabor do cacau).",False,False,menor,neutro,outlier
ChIJqUA_IaE5jgcRjnu2CBE7yTM,Xeque Mate: Restaurante e Jogos de Tabuleiro,4.7,825,4,3,pt,4 years ago,"A proposta é interessante. O local é mais focado em receber grupos de pessoas, então não é uma boa ir com poucas pessoas, pois as mesas são bem grandes. Por não ter muitas mesas disponíveis, muita gente chega e infelizmente acaba voltando, daí a importância de resersar antes de ir. A comida não é o foco deles, mas de certa forma achei até razoável as entradas. No geral o local é bem estruturado, apesar de não ser amplo. Tem jogos de todos os tipos, a diversidade é o forte deles.",False,False,menor,detrator,outlier
ChIJrT_EWwBZzpQRGAZzptZbtsY,Cartola Luderia Bar,4.7,242,1,5,pt,2 months ago,"o ambiente super gostoso, tem muitas areas separadas para jogo, para mesa de sinuca, para quebra-cabeças, karaoke, um plus para o pessoal da casa, um atendimento mil, super atenciosos, além de ajudarem nos jogos ou tirar uma partida rapida com nós, além de ums hamburqueres diferentes (recomendo o scooby-doo) mas deliciosos (também tem os tradicionais). uma variedade grande de aperitivos também. vale muito a pena a visita e se divertir com os jogos e ambientes.",False,False,menor,promotor,maior
ChIJrT_EWwBZzpQRGAZzptZbtsY,Cartola Luderia Bar,4.7,242,2,5,pt,2 months ago,"Realizei minha festa de aniversário com mais 2 amigos no Cartola, fechamos a casa para 80 pessoas, todos amaram o lugar, a experiência, a comida que é bem servida e o atendimento muito amigável!
(O bolo eu levei, mas eles armazenaram pra gente até a hora do parabéns)
Esperando as fotos ansiosa!!!",False,False,menor,promotor,maior
ChIJrT_EWwBZzpQRGAZzptZbtsY,Cartola Luderia Bar,4.7,242,3,5,pt,2 months ago,"Ambiente agradável e divertido com ótimo atendimento. Diversas opções de jogos com funcionários solícitos que explicam bem o funcionamento. Ponto positivo por ter opção vegana no cardápio, e ainda adaptaram uma opção para ser vegana. O ambiente é um pouco simples em alguns aspectos, mas isso não afeta a experiência como um todo. Recomendo para quem quer reunir os amigos e se divertir!",False,False,menor,promotor,maior
ChIJrT_EWwBZzpQRGAZzptZbtsY,Cartola Luderia Bar,4.7,242,4,5,pt,4 months ago,"Um ambiente lúdico e divertido, seu problema é a falta de ar-condicionado, fora isso, a casa é incrível,  muitos jogos disponíveis famosos e desconhecidos, vale muito a pena.
Poderiam pensar em trabalhar uma cozinha mais desenvolvida, ia se tornar ainda mais atrativo.",False,False,menor,promotor,maior
ChIJsTy8gUxLxwcRCKRfkhIP8zM,Games bar,5.0,4,0,5,pt,5 years ago,Diferenciado....,False,False,maior,promotor,menor
ChIJsU5BAwBRzpQRAgLVvqg68os,Tubaleria - Clube de Jogos de Tabuleiro e Hamburgueria,5.0,99,0,5,pt,3 months ago,"Visitei a Tubaleria com meu time na hora do almoço e foi uma surpresa muito boa! Atendimento impecável, comida saborosa e com muita variedade de opções, preço e quantidade super justos, com destaque para o hambúrguer vegano que tem uma pasta de alho divina! Os instrutores são super bacanas e mesmo sendo corrido conseguimos jogar um pouco. Recomendo a visita! Com certeza voltaremos para um happy hour 😄",False,False,maior,promotor,maior
ChIJsU5BAwBRzpQRAgLVvqg68os,Tubaleria - Clube de Jogos de Tabuleiro e Hamburgueria,5.0,99,1,5,pt,3 months ago,"O rolê é muito legal! Tem vários jogos, atendimento maravilhoso, lanches super criativos e gostosos. É o lugar perfeito para passar o dia com amigos, família e até mesmo para um date diferenciado hehe",False,False,maior,promotor,maior
ChIJsU5BAwBRzpQRAgLVvqg68os,Tubaleria - Clube de Jogos de Tabuleiro e Hamburgueria,5.0,99,2,5,pt,3 weeks ago,"Lugar sensacional! 😜 Super vale a pena ir com os amigos. O mais incrível é poder comer um hambúrguer delicioso enquanto joga jogos de tabuleiro e cartas. Dá pra aproveitar, rir muito e, quando você percebe, já passou horas! 😂🍔🎲 Com certeza, um lugar pra voltar! E o Luciano ainda deixou a experiência melhor ainda, ensinando a gente a jogar vários jogos e deixando tudo mais divertido. Atendimento incrível!",False,False,maior,promotor,maior
ChIJsU5BAwBRzpQRAgLVvqg68os,Tubaleria - Clube de Jogos de Tabuleiro e Hamburgueria,5.0,99,3,5,pt,3 months ago,"​Sensacional! A Tubaleria já virou minha segunda casa. O ambiente é super agradável, a comida é fantástica e o proprietário é incrível. Um destaque especial para os monitores, que são super competentes, parceiros e ajudam muito na experiência com os board games. Tudo de bom, vale muito a pena conhecer! Recomendo de olhos fechados.",False,False,maior,promotor,maior
ChIJsU5BAwBRzpQRAgLVvqg68os,Tubaleria - Clube de Jogos de Tabuleiro e Hamburgueria,5.0,99,4,5,pt,7 months ago,"Local super agradavel, o pessoal da loja te ensina a jogar os jogos (não apenas deixa o jogo com voce, pra voce se virar). Achei que iria pra jogar no maximo 2 horas e acabei ficando até a loja fechar.",False,False,maior,promotor,maior
ChIJvXuPLAAFbJIRncOH-f4lasQ,Acerola: A Casa do Acy,4.8,17,0,5,pt,a year ago,"O acy é uma ótima experiência pra você que está querendo sair da monótona noite manauara.
Bebidas geladas, músicas boas, ervas naturais e uma boa fofoquinha.",False,False,maior,promotor,menor
ChIJvXuPLAAFbJIRncOH-f4lasQ,Acerola: A Casa do Acy,4.8,17,1,5,pt,a year ago,"ambiente agradável e acessível, legalize e pet friendly os atendente são muito militantes mas são uns queridos nota 10 acho que falta uma rampa a escada não e acessível para cadeirantes",False,False,maior,promotor,menor
ChIJvXuPLAAFbJIRncOH-f4lasQ,Acerola: A Casa do Acy,4.8,17,2,4,pt,a year ago,"Comida maravilhosa! principalmente o bolinho de piracuí, pet friendly, com área para fumantes e drinks maravilhosos. Minha única preocupação é em relação ao banheiro pois vive sem papel higiênico. Fora isso perfeito, o sonho do Amo Lasanha.",False,False,maior,neutro,menor
ChIJvXuPLAAFbJIRncOH-f4lasQ,Acerola: A Casa do Acy,4.8,17,3,4,pt,a year ago,"Lugar agradável e gay friendly. Os drinks e a cerveja são perfeitos, mas não dá pra falar o mesmo do serviço. Bom espaço de jogos e área de fumantes.",False,False,maior,neutro,menor
ChIJvXuPLAAFbJIRncOH-f4lasQ,Acerola: A Casa do Acy,4.8,17,4,5,pt,a year ago,"Lugar acessível, pet Friendly, ótimas músicas e eventos variados como cinema, jogos de tabuleiro, grupo fitness e muitas conversas desconstruídas. Nota 10❤️",False,False,maior,promotor,menor
ChIJx5jr3zGXpgARQGx9eX7TDmY,LudoCafé,4.6,585,4,5,pt,a month ago,"O lugar é super legal!
É uma casa aconchegante, possui inúmeros jogos. Jogos de tabuleiro, de cartas, de adivinhação, de estatística, jogos de conhecimentos gerais, há todos os tipos.
Os atendentes sabem TODOS os jogos, te ensinam antes, procuram entender o jogo que melhor vai te atender. Fui com meu namorado e nos divertirmos muito!
Há porções, hambúrguers e bebidinhas gostosas, adorei a experiência!",False,False,menor,promotor,outlier
ChIJyXjE650xWpMRJL-J6QbGkt4,FORTALÚDICA - BURGERS & JOGOS,4.8,105,0,5,pt,3 months ago,"Sinceramente poderia dar esse review toda semana desde a abertura da loja nova, pois quase toda semana me sinto atraido e não obrigação de jogar meu carteado por la.
Além da localidade incrível pra transportes públicos, tem o diferencial de um local bom de se estacionar, que para os preocupados, tambem está sempre no alcance dos olhos.
O espaço novo é de longe o melhor espaço tanto de card game quanto de luderia atual do DF de longe, o conforto da loja, tanto no externo quanto no externo, cadeiras e mesas mais que perfeitas para horas seguidas de diversão,  espaço areajado e climatizado com ar condicionado, bem distribuido e simplesmemte um deleite aos olhos.
O Antônio fortal é um dono excepcional que sempre esta aberto para conversas e sugestões, aderindo a maioria como foi com o abrimento da loja as terças e as diversas promoções, premiações e sorteios apenas por jogar magic, e não posso deixar de falar da STAFF, Gabriel e Kamilla ja me atenderam diversas vezes sendo sempre muito atenciosos, cordiais e muitas vezes, com a loja mais parada claro kkkk, trocando ideia comigo sobre diversos assuntos dos tcgs e afins
A cozinha não tenho nem oque dizer, meus pedidos lá, que não foram poucos nos ultimos meses, nunca levaram mais que 15 minutos, sendo um fastfood excelente, com qualidade de restaurante
Não tenho como não falar da salada, dos smash, do bardo tropical, milkshake e a famosa linguicinha do ferreiro
Pratos bem servidos e saborosissimos, o preço um pouco acima da média, mas acredito que condiz com a qualidade.

No mais sempre recomendo o fortal a todos que procurarem um bom lugar para jogar, comer, conversar, abrir pacotinho e se divertir
E todos que eu recomendei, sempre voltaram com boas histórias
Eu adoraria ter mais fotos, mas é muito dificil registrar quando se esta vivendo momentos incriveis!
Sucesso maximo Fortal e Sara! Muita admiração pelo passo dado pra essa nova loja!",False,False,maior,promotor,maior
ChIJyXjE650xWpMRJL-J6QbGkt4,FORTALÚDICA - BURGERS & JOGOS,4.8,105,1,3,pt,6 months ago,"Lugar lindo, estacionamento ok, no coracao do guara 2, ruim de chegar de transporte publico. Uma estrela para o ambiente com design, muito bonito.  10 minutos depois de eu chegar na loja, um atendente veio questionar se eu ""já tinha vindo aqui antes?"", dessa forma. A loja fecha meia noite (já ganha outra estrela por isso), mas 22h15 ja colhem pedidos pois a cozinha fecha 23h00. Pedi para trazerem um hamburguer (mais uma estrela, muito bom)e um sorvete DEPOIS, separadamente, pedi expressamente para colocarem no final da fila. Deu 22h28 e me trouxeram os dois juntos, alegando a pressa de fechar. Sim, um brownie e uma bola de sorvete por cima. Até no MC Donalds vc consegue um atendimento mais personalizado.
Enfim, essa é uma loja de jogos em que os atendentes nao entendem nem de jogos de tabuleiro, nem de jogos de cartas, nem de atendimento.",False,False,maior,detrator,maior
ChIJyXjE650xWpMRJL-J6QbGkt4,FORTALÚDICA - BURGERS & JOGOS,4.8,105,2,5,pt,3 months ago,"Ótima loja!
Hambúrgueres muito bons! Atendimento top. Boardgame, TCG, Magic, Pokémon, Yu-Gi-Oh.",False,False,maior,promotor,maior
ChIJyXjE650xWpMRJL-J6QbGkt4,FORTALÚDICA - BURGERS & JOGOS,4.8,105,3,5,pt,2 months ago,"Atendimento muito bom são bem atenciosos e o hambúrguer é uma delícia . APROVADO

O tendente Marcos Pulo é top muito atencioso parabéns",False,False,maior,promotor,maior
ChIJyXjE650xWpMRJL-J6QbGkt4,FORTALÚDICA - BURGERS & JOGOS,4.8,105,4,4,pt,a month ago,"O espaço é excelente e aconchegante. O atendimento é incrível e muito atencioso.  Uma variação muito boa de jogos e vários produtos pra quem joga faz tempo e quem está começando.

Mas, precisamos falar da comida. É um ambiente onde vamos ficar muito tempo e é natural que vamos comer e beber nesse meio tempo. A comida É gostosa mas é MUITO CARA. As porções são muito pequenas e incompatível com o valor. Não é permitido comer coisas de fora lá. Então um pequeno campeonato ou tempo com os amigos vira uma conta individual enorme.",True,False,maior,neutro,maior
ChIJyzOdkZBnzpQRgrkQrV8p52s,Arcade 80 - Game Lounge,5.0,60,0,5,pt,3 months ago,"Que lugar mais nostálgico!!!!!
Lanches maravilhosos, preços muito boooons, e os jogos e brinquedos… nem se fala! Vale cada centavo e cada minuto nesse lugar!

Atendimento nota 1000000, tudo muito limpo e organizado… faltam elogios! Minha família amou, e já recomendamos para amigos e familiares, porque realmente vale muito a pena.

Quer uma experiência diferenciada e sair satisfeito? Você encontrou o melhor lugar! ✨🎰🎮♟️🎯👾",False,False,maior,promotor,menor
ChIJyzOdkZBnzpQRgrkQrV8p52s,Arcade 80 - Game Lounge,5.0,60,1,5,pt,a month ago,"Que lugar incrível! Tudo superou minhas expectativas. O ambiente é muito agradável, os jogos são muito divertidos e bem cuidados, então dá para passar horas se divertindo.

A comida estava excelente, tudo muito gostoso, e o atendimento foi impecável. A equipe foi muito simpática e atenciosa do começo ao fim, o que deixou a experiência ainda melhor.

Foi uma experiência muito boa do início ao fim. Sem dúvida é um lugar que vale a pena conhecer, e espero voltar em breve!",False,False,maior,promotor,menor
ChIJyzOdkZBnzpQRgrkQrV8p52s,Arcade 80 - Game Lounge,5.0,60,2,5,pt,3 months ago,"Ótimo lugar para encontrar amigos e ir com a família!
Lanches deliciosos",False,False,maior,promotor,menor
ChIJyzOdkZBnzpQRgrkQrV8p52s,Arcade 80 - Game Lounge,5.0,60,3,5,pt,4 weeks ago,"Sensacional, os lanches são deliciosos. Ambiente muito familiar, vale muito a pena.",False,False,maior,promotor,menor
ChIJyzOdkZBnzpQRgrkQrV8p52s,Arcade 80 - Game Lounge,5.0,60,4,5,pt,a month ago,"Ótimo espaço e atendimento impecável.
Vou recomendar sempre e com certeza voltarei. ✌🏾",False,False,maior,promotor,menor
