id_jogo,ano_publicacao,nota_media,nota_rank,qt_avaliacoes
83650,2025,10.0,7.06,18
37204,2022,10.0,6.77,12
86414,2026,9.92,6.81,13
51302,2024,9.86,7.14,21
46146,2023,9.84,7.06,19
79769,2026,9.82,6.97,17
80788,2025,9.79,6.83,14
43544,2026,9.77,7.22,24
21167,2026,9.77,7.44,31
63358,2026,9.71,6.94,17
84679,2017,9.69,7.32,28
37648,2023,9.67,7.58,38
78092,2026,9.65,7.31,28
74725,2025,9.64,7.82,50
23795,2022,9.64,8.34,90
79818,2025,9.63,6.88,16
79571,2026,9.61,6.79,14
40874,2025,9.6,8.24,82
63697,2025,9.58,6.74,13
24906,2000,9.58,6.78,14
77951,2026,9.56,7.6,41
70642,2026,9.55,7.81,52
66596,2026,9.55,7.15,24
23610,2021,9.53,7.69,46
63567,2018,9.51,8.61,144
71292,2026,9.5,6.89,17
78916,2026,9.46,6.92,18
22766,2022,9.46,6.76,14
78912,2025,9.45,7.69,48
68765,2025,9.43,7.41,35
36265,2023,9.42,9.07,445
63763,2023,9.42,7.5,39
68336,2027,9.41,7.87,61
22061,2019,9.41,6.94,19
49740,2024,9.41,6.75,14
23735,2025,9.39,7.32,32
79997,2026,9.39,7.48,39
76783,2024,9.38,6.86,17
21690,2019,9.38,7.13,25
42139,2023,9.37,6.93,19
36939,2022,9.37,7.98,71
86634,2026,9.37,7.79,57
85746,2026,9.35,7.09,24
15655,2024,9.35,7.43,37
63556,2025,9.34,8.78,250
35379,2022,9.34,7.96,71
48357,2024,9.33,7.25,30
37136,2021,9.32,6.77,15
34266,2021,9.32,7.01,22
15952,2018,9.31,6.84,17
50473,2023,9.31,8.86,315
74779,2026,9.27,7.79,60
44772,2024,9.27,8.37,132
24320,2020,9.26,7.58,47
77106,2025,9.26,7.41,38
63293,2024,9.25,7.96,76
85965,2026,9.25,7.69,54
53416,2023,9.25,8.69,241
78018,2025,9.24,6.71,14
64469,2024,9.23,9.0,677
41691,2023,9.23,7.02,23
56534,2023,9.22,8.87,412
51413,2022,9.22,6.89,19
31155,2023,9.22,8.34,133
57636,2025,9.21,7.55,47
52355,2026,9.2,7.66,54
42463,2024,9.2,8.28,124
20031,2019,9.2,6.74,15
66889,2024,9.18,7.87,71
65928,2025,9.18,7.59,50
52072,2022,9.18,6.77,16
37134,2022,9.17,7.79,65
21148,2019,9.17,8.66,258
66523,2025,9.16,6.77,16
63029,2024,9.15,7.73,61
64632,2025,9.15,7.25,33
68442,2026,9.15,7.16,29
57167,2026,9.15,7.1,27
23733,2022,9.14,7.13,28
58196,2024,9.13,6.86,19
53447,2021,9.13,7.68,58
27902,2021,9.13,7.02,24
41866,2024,9.13,8.85,504
13494,2018,9.12,9.03,1641
13196,2017,9.12,8.93,745
19606,2023,9.12,7.09,27
27167,2022,9.12,8.23,125
71120,2024,9.11,7.21,32
33119,2023,9.11,8.8,459
37857,2024,9.11,8.19,119
1898,2015,9.11,8.12,107
23628,2019,9.11,8.55,231
44318,2021,9.11,6.89,20
26100,2020,9.1,7.62,55
23544,2022,9.1,6.89,20
13749,2017,9.1,9.0,1572
80347,2025,9.1,6.95,22
29233,2021,9.1,6.72,15
48200,2023,9.09,7.99,91
25048,2020,9.09,8.91,776
77025,2025,9.09,6.97,23
8624,2017,9.09,8.98,1336
38684,2024,9.09,7.37,40
17559,2018,9.09,8.88,692
509,1999,9.08,7.06,26
76427,2026,9.08,7.87,77
33907,2023,9.07,7.08,27
37012,2022,9.07,8.85,650
32873,2023,9.07,8.63,300
14910,2017,9.07,8.88,775
71121,2024,9.07,7.24,34
32507,2021,9.07,8.95,1205
31174,2023,9.06,8.71,385
24780,2022,9.06,7.4,42
41032,2025,9.06,7.43,44
35575,2022,9.05,8.57,266
77014,2025,9.05,7.3,37
24301,2021,9.05,8.79,530
29995,2026,9.05,7.28,36
13203,2025,9.05,7.07,27
56867,2023,9.04,6.74,16
9330,2016,9.04,8.9,1024
14768,2019,9.03,6.93,22
433,2012,9.03,8.83,690
30881,2022,9.03,8.15,123
32679,2023,9.03,7.29,37
23123,2020,9.03,8.18,127
50763,2023,9.03,7.96,91
65868,2024,9.02,8.87,967
34906,2023,9.02,8.21,135
40533,2022,9.02,7.88,82
31267,2016,9.02,7.28,37
53939,2023,9.02,7.03,26
48209,2025,9.02,7.28,37
32773,2022,9.01,6.73,16
51130,2020,9.01,6.8,18
72725,2024,9.0,6.79,18
51128,2023,9.0,6.86,20
18931,2020,9.0,8.64,366
35965,2022,9.0,7.35,41
404,2012,9.0,8.95,2823
25941,2020,8.99,8.88,1312
39229,2024,8.99,8.58,318
53972,2025,8.99,8.33,176
29783,2021,8.99,8.82,833
71072,2026,8.99,7.23,35
8858,2016,8.99,8.96,4027
985,2010,8.98,6.76,17
70341,2025,8.98,6.76,17
41811,2024,8.97,6.79,18
22957,2019,8.96,6.88,21
35527,2022,8.96,8.15,132
53658,2024,8.96,6.96,24
32324,2021,8.96,7.15,32
22012,2019,8.95,7.65,64
52085,2026,8.95,7.13,31
68203,2024,8.95,8.38,209
28900,2021,8.95,8.48,269
20444,2019,8.95,8.54,308
69574,2025,8.94,6.71,16
63306,2024,8.94,8.86,2006
1457,2011,8.94,7.42,47
33148,2022,8.94,8.57,343
39886,2022,8.93,6.81,19
80826,2025,8.93,7.82,82
62977,2024,8.93,7.47,50
56124,2023,8.93,8.53,324
23952,2020,8.93,8.37,212
61700,2024,8.93,8.71,625
66494,2024,8.93,7.21,35
21032,2021,8.93,8.35,205
41546,2024,8.92,8.28,180
25920,2025,8.92,6.83,20
20829,2019,8.92,8.82,1407
187,2011,8.91,8.85,2325
17363,2020,8.91,8.59,403
10959,2017,8.91,8.78,1119
36830,2021,8.9,8.62,458
11478,2017,8.9,8.74,881
29022,2021,8.9,8.56,380
39467,2022,8.9,6.86,21
71312,2026,8.9,7.51,54
27890,2022,8.89,7.06,29
14668,2018,8.89,6.96,25
25957,2022,8.89,8.53,349
13588,2017,8.89,8.79,1339
32874,2021,8.89,7.34,43
69099,2024,8.88,6.96,25
46714,2024,8.88,7.36,45
9972,2017,8.88,7.75,77
34903,2023,8.88,8.13,143
62357,2024,8.88,7.3,41
32088,2021,8.88,8.68,668
63733,2022,8.87,7.1,31
82928,2026,8.87,6.9,23
15950,2018,8.87,8.8,2171
8285,2015,8.87,8.84,4383
31173,2022,8.86,8.55,422
5033,2014,8.86,7.71,74
63148,2023,8.86,7.31,42
35919,2022,8.86,6.82,20
30978,2024,8.86,8.44,290
37434,2022,8.86,8.53,385
44754,2024,8.86,7.8,85
22457,2022,8.86,7.7,73
32558,2021,8.86,7.0,27
66730,2024,8.86,7.58,62
18756,2019,8.85,8.56,452
9402,2017,8.85,7.55,60
78509,2025,8.85,7.6,64
77068,2026,8.85,7.99,117
34534,2021,8.85,8.31,217
15490,2018,8.85,8.7,895
13572,2017,8.85,7.45,52
11425,2016,8.85,8.72,1103
60936,2024,8.85,7.17,35
1222,2011,8.85,7.75,80
22653,2019,8.84,6.95,25
26322,2020,8.84,7.34,45
77468,2025,8.84,8.35,238
10168,2016,8.84,8.76,1555
10343,2016,8.84,7.23,38
6257,2014,8.84,8.25,192
2138,2013,8.83,6.81,20
503,2005,8.83,8.73,1369
6704,2015,8.83,6.92,24
20418,2019,8.83,8.78,3029
44277,2023,8.83,6.92,24
48,2002,8.83,8.8,3662
63782,2023,8.83,6.99,27
15425,2018,8.83,6.97,26
50702,2025,8.83,7.22,38
23515,2021,8.82,8.68,949
35979,2022,8.82,7.06,30
24244,2021,8.82,7.18,36
52991,2023,8.82,6.78,19
37047,2022,8.82,8.71,1264
19261,2022,8.82,7.7,76
21033,2018,8.81,7.63,69
67188,2024,8.81,6.98,27
18420,2018,8.81,7.6,66
26632,2023,8.81,8.48,386
22750,2019,8.81,8.34,250
9028,2016,8.8,6.96,26
8766,2014,8.8,6.93,25
170,2011,8.8,8.6,675
18993,2019,8.79,8.62,765
23136,2025,8.79,7.95,117
26282,2016,8.79,7.37,48
51377,2023,8.78,8.63,906
69095,2025,8.78,7.09,32
25895,2020,8.78,8.69,1429
7038,2015,8.78,8.5,446
35051,2022,8.78,8.51,465
22473,2019,8.78,8.01,130
31217,2023,8.78,6.88,23
16788,2018,8.77,8.71,2138
35743,2023,8.77,7.51,60
8627,2015,8.77,8.64,951
540,2006,8.77,6.87,23
31237,2022,8.77,8.51,478
54747,2024,8.76,8.24,212
11112,2016,8.76,8.7,2227
80859,2025,8.76,7.42,53
67183,2024,8.76,6.97,27
27957,2021,8.76,8.38,315
7231,2015,8.76,8.59,765
39885,2022,8.76,6.84,22
8201,2017,8.76,8.36,294
57677,2024,8.75,7.46,57
6764,2016,8.75,8.69,2448
5058,2014,8.75,8.68,2029
66640,2024,8.75,7.11,34
66495,2026,8.75,8.12,170
38119,2022,8.75,6.94,26
80863,2026,8.74,7.33,47
25051,2020,8.74,8.2,205
33831,2022,8.74,7.96,126
1860,2013,8.74,8.64,1323
9712,2019,8.74,8.1,164
24553,2020,8.73,8.5,528
506,2007,8.73,8.22,219
47270,2023,8.73,8.01,141
25933,2022,8.73,7.07,32
14172,2017,8.73,6.78,20
6458,2014,8.73,6.91,25
24241,2022,8.73,7.69,82
2194,2013,8.73,8.58,869
10640,2015,8.72,6.8,21
68254,2024,8.72,7.21,40
23070,2020,8.72,7.73,87
58195,2024,8.72,7.97,130
17370,2026,8.72,6.72,18
9538,2017,8.72,8.55,749
20037,2018,8.71,7.27,44
25979,2020,8.71,8.59,1092
83772,2026,8.71,7.89,115
23420,2019,8.71,8.42,414
78021,2025,8.71,7.73,88
78102,2025,8.71,7.37,51
8581,2015,8.71,8.5,591
39754,2024,8.71,7.4,53
11178,2016,8.71,8.65,1938
50746,2023,8.7,6.82,22
52715,2023,8.7,7.13,36
54714,2023,8.7,8.1,174
9611,2016,8.69,8.53,804
13280,2022,8.69,8.3,300
36126,2022,8.69,8.4,426
14457,2017,8.69,8.35,350
36937,2022,8.69,6.82,22
1629,2004,8.68,7.78,99
51774,2024,8.68,7.91,125
41867,2023,8.68,8.51,715
21413,2021,8.68,7.79,101
21146,2019,8.68,7.46,60
32656,2019,8.68,8.46,545
79538,2023,8.68,7.43,57
7321,2015,8.68,8.28,283
134,2011,8.67,8.54,1023
62546,2024,8.67,7.52,66
81993,2026,8.67,6.89,25
9368,2016,8.67,8.24,256
37052,2022,8.67,7.84,112
39037,2022,8.67,8.49,687
514,2010,8.67,8.42,502
26163,2022,8.67,8.37,396
77966,2025,8.67,6.82,22
3335,2013,8.66,7.73,93
22705,2022,8.66,8.36,390
10672,2016,8.66,8.56,1222
5017,2014,8.66,7.48,63
8257,2015,8.66,7.08,34
79022,2025,8.66,7.81,106
46380,2023,8.66,8.55,1176
4176,2014,8.65,8.27,303
2219,2014,8.65,7.24,44
52324,2025,8.65,7.21,42
11226,2016,8.65,8.26,293
36707,2023,8.65,8.52,967
42403,2023,8.65,7.84,113
5854,2015,8.65,8.34,370
29982,2022,8.65,8.14,207
26754,2021,8.65,7.81,108
83723,2026,8.65,6.81,22
14981,2017,8.65,8.62,5079
70797,2025,8.65,7.52,67
530,2002,8.64,8.13,209
75133,2026,8.64,7.35,52
2218,2014,8.64,7.46,62
29058,2021,8.64,8.32,363
21960,2023,8.63,8.22,267
80496,2025,8.63,6.94,28
21122,2019,8.63,8.29,342
1628,2005,8.63,7.77,103
534,2006,8.63,7.03,32
14932,2017,8.63,7.81,110
1118,2012,8.63,7.03,32
16085,2018,8.63,8.5,915
133,2005,8.62,8.58,3595
77825,2023,8.62,7.45,62
62114,2024,8.62,8.18,246
66840,2024,8.62,8.01,165
59347,2025,8.62,7.38,56
26735,2021,8.62,7.97,153
8424,2015,8.62,8.47,794
29986,2021,8.61,8.4,579
366,2012,8.61,8.52,1536
7333,2015,8.61,8.53,1537
1893,2013,8.61,8.05,185
1598,2013,8.61,7.36,54
19013,2017,8.61,6.75,20
5495,2014,8.6,6.97,30
36576,2022,8.6,8.06,191
9109,2015,8.6,8.46,923
18167,2019,8.6,7.51,69
64128,2024,8.6,7.89,132
98,2012,8.6,8.52,1559
10425,2016,8.6,8.23,301
25929,2021,8.6,8.05,185
6550,2014,8.6,8.49,1204
25894,2021,8.59,8.48,1140
52890,2024,8.59,7.25,47
24787,2022,8.59,7.5,69
62689,2024,8.59,7.07,35
1089,1999,8.59,8.48,1178
23140,2019,8.59,8.45,889
73932,2023,8.59,7.66,90
19358,2018,8.59,8.34,472
33938,2023,8.58,7.92,145
78727,2025,8.58,7.8,115
24473,2020,8.58,7.69,94
59666,2024,8.58,7.1,37
422,2012,8.58,8.48,1257
10799,2016,8.58,8.1,221
60387,2024,8.58,6.71,19
28281,2020,8.57,7.28,50
15332,2018,8.57,6.81,23
27320,2020,8.57,7.89,137
2640,1992,8.57,6.88,26
1952,2013,8.57,8.4,695
76468,2025,8.57,7.95,158
32942,2021,8.57,8.3,425
4699,2014,8.57,8.46,1145
1850,2013,8.57,7.33,54
25958,2020,8.56,7.07,36
2565,2014,8.56,7.84,128
14946,2018,8.56,7.78,115
24015,2021,8.56,8.13,249
782,2009,8.56,6.85,25
13917,2018,8.56,6.88,26
25605,2020,8.56,8.4,763
239,2012,8.56,8.07,213
14346,2021,8.56,8.44,1068
1874,2013,8.56,8.2,305
25167,2021,8.56,7.98,171
56126,2025,8.56,8.11,235
7714,2015,8.56,8.41,810
10546,2016,8.56,8.05,199
1,2008,8.55,8.51,2873
68249,2024,8.55,8.16,278
61099,2023,8.55,7.97,172
22860,2021,8.55,8.12,250
24434,2020,8.55,7.29,51
17,2008,8.55,8.37,658
39887,2022,8.55,6.87,26
26212,2020,8.55,8.02,189
65898,2024,8.55,7.86,134
50577,2021,8.55,8.49,1997
37838,2022,8.55,7.58,81
21822,2019,8.54,8.36,646
13,2007,8.54,8.46,1478
9711,2015,8.54,8.47,1866
19212,2019,8.54,7.83,130
25200,2020,8.54,7.88,143
111,2004,8.54,8.48,1987
70711,2025,8.54,7.93,160
24726,2020,8.54,8.11,248
21221,2019,8.53,8.34,605
28631,2021,8.53,6.75,21
22980,2020,8.53,7.48,71
35666,2022,8.53,8.01,191
23524,2016,8.53,8.35,656
1301,1994,8.53,7.64,93
7250,2015,8.53,7.86,139
36022,2022,8.52,7.23,48
22391,2012,8.52,6.79,23
51347,2021,8.52,6.79,23
118,2005,8.52,8.12,263
8688,2015,8.52,7.96,176
77063,2025,8.52,8.15,294
55669,2023,8.52,8.27,440
35,2007,8.52,7.38,61
47450,2025,8.52,8.0,193
32897,2019,8.52,8.44,1589
25928,2021,8.52,8.14,283
79801,2025,8.52,7.43,66
7011,2015,8.52,7.26,50
35661,2024,8.52,8.22,375
20580,2019,8.51,8.29,501
32813,2021,8.51,8.13,276
54495,2023,8.51,8.35,698
63548,2022,8.5,7.33,57
32087,2023,8.5,7.7,106
13008,2017,8.5,8.32,642
1988,2013,8.5,8.07,240
512,2006,8.5,7.05,36
23093,2019,8.5,7.44,68
22590,2019,8.5,7.93,167
7740,2015,8.5,8.07,239
32279,2023,8.5,8.29,528
52317,2025,8.5,6.81,24
74039,2025,8.5,7.88,152
14305,2017,8.5,7.89,155
86,2011,8.5,8.28,535
41869,2023,8.5,7.98,191
5732,2015,8.5,7.06,37
55575,2025,8.5,7.81,132
16406,2023,8.5,6.94,30
11520,2016,8.49,6.78,23
52395,2022,8.49,8.12,286
18005,2018,8.49,8.27,500
33740,2022,8.49,6.95,31
18404,2018,8.49,8.29,563
22516,2019,8.49,6.78,23
12114,2016,8.49,8.32,702
6445,2014,8.49,8.39,1267
7527,2015,8.49,7.88,154
11538,2018,8.48,8.37,1091
63382,2024,8.48,8.36,970
42672,2023,8.48,8.2,394
55135,2024,8.48,7.91,169
14986,2018,8.48,8.2,405
7438,2015,8.48,8.13,301
7526,2016,8.48,6.89,28
77970,2026,8.48,6.95,31
9172,2017,8.48,8.16,331
9240,2015,8.48,7.2,47
84816,2026,8.47,7.0,34
22973,2019,8.47,7.62,95
49627,2024,8.47,7.22,49
82683,2025,8.47,7.1,40
23683,2020,8.47,8.33,812
113,2005,8.47,8.04,236
835,2011,8.47,7.24,50
56624,2023,8.47,8.33,847
22207,2020,8.46,6.98,33
51007,2023,8.46,7.63,98
29251,2023,8.46,8.1,292
71049,2024,8.46,8.13,332
25364,2022,8.46,8.1,291
312,2012,8.46,6.78,23
79358,2026,8.46,7.87,157
8,2010,8.46,8.43,4076
22637,2017,8.46,6.75,22
2036,2013,8.45,8.41,3129
30538,2022,8.45,7.7,114
59010,2023,8.45,6.88,28
24137,2021,8.45,7.9,171
15448,2019,8.45,7.51,81
26272,2020,8.45,7.99,216
6931,2014,8.45,6.77,23
35375,2022,8.45,7.12,42
767,1986,8.45,7.4,66
845,2009,8.45,6.97,33
54801,2021,8.44,7.26,53
2,2004,8.44,8.41,3641
68391,2025,8.44,7.49,78
32973,2022,8.44,7.66,107
8303,2005,8.44,7.49,78
37895,2022,8.44,8.25,591
77544,2025,8.44,7.96,206
30662,2021,8.44,7.89,171
31086,2021,8.44,7.82,145
1979,2010,8.44,6.79,24
14933,2017,8.44,7.85,155
9500,2015,8.43,7.93,196
42887,2024,8.43,7.64,104
55166,2023,8.43,7.83,154
52997,2023,8.43,8.02,244
24458,2020,8.43,8.18,434
74544,2025,8.43,6.87,28
23936,2019,8.43,6.72,21
12728,2019,8.43,7.97,215
14958,2017,8.43,8.25,636
10595,2017,8.43,8.23,560
11962,2018,8.43,7.27,55
79772,2025,8.43,7.62,100
513,2013,8.43,8.1,316
24387,2020,8.43,8.12,346
124,2012,8.43,8.31,1034
36579,2023,8.42,7.43,72
15650,2017,8.42,7.06,39
79648,2026,8.42,6.85,27
68024,2024,8.42,7.66,109
23463,2021,8.42,6.78,24
34789,2022,8.42,8.07,295
35215,2022,8.42,8.14,390
64409,2024,8.42,7.89,178
23,2012,8.42,8.25,639
40741,2022,8.42,8.05,278
70,2011,8.42,8.32,1150
17542,2017,8.42,8.14,380
16790,2018,8.41,8.22,587
23808,2021,8.41,7.6,99
41382,2024,8.41,7.5,82
14642,2017,8.41,8.25,722
34948,2022,8.41,8.2,530
7482,2015,8.41,8.34,1720
1949,2013,8.41,7.77,138
2974,2014,8.41,8.32,1288
11341,2016,8.41,8.26,759
108,2017,8.41,8.07,302
58149,2023,8.41,7.75,133
8067,2017,8.41,7.68,115
58652,2024,8.41,7.13,44
14030,2018,8.41,8.23,611
507,1995,8.41,8.15,410
53260,2025,8.4,8.01,255
60103,2023,8.4,7.47,79
1213,2004,8.4,7.58,97
13148,2018,8.39,7.29,59
26310,2021,8.39,7.94,218
51301,2023,8.39,7.32,62
33760,2021,8.39,6.92,31
24783,2020,8.39,6.92,31
5494,2014,8.39,7.65,110
8232,2015,8.39,7.46,78
22852,2021,8.39,8.14,434
1506,2010,8.39,7.87,180
63936,2024,8.39,7.34,64
13930,2017,8.39,8.24,745
32940,2021,8.39,7.82,162
30987,2021,8.39,8.25,764
6438,2010,8.38,8.23,715
18191,2019,8.38,6.81,26
40471,2022,8.38,8.02,280
34778,2024,8.38,7.96,236
17265,2004,8.38,7.31,61
755,1475,8.38,8.3,1542
35271,2023,8.38,7.89,192
51179,2023,8.38,7.93,211
657,2009,8.38,8.0,268
121,2010,8.38,7.88,191
35672,2022,8.38,7.88,190
67633,2024,8.38,7.88,187
61070,2024,8.38,7.6,104
323,2012,8.37,7.12,45
80271,2025,8.37,7.45,79
408,2012,8.37,7.66,117
58768,2024,8.37,7.11,44
1261,2009,8.37,8.32,2437
64355,2024,8.37,7.36,67
79495,2025,8.37,6.79,25
11672,2016,8.37,7.44,78
56584,2023,8.37,7.15,47
21612,2019,8.37,8.09,366
30391,2021,8.37,7.76,144
66644,2025,8.37,6.79,25
25174,2022,8.36,6.95,34
79,2013,8.36,7.59,103
7398,2015,8.36,8.23,848
14303,2017,8.36,7.31,62
763,2009,8.36,8.07,354
57141,2023,8.36,7.68,123
57912,2024,8.36,6.74,23
10576,2016,8.36,8.04,324
25254,2020,8.36,8.04,325
958,2007,8.36,8.04,313
77,2012,8.36,7.44,79
947,2015,8.36,7.68,124
80823,2024,8.36,7.31,62
95,2008,8.35,8.22,813
411,2010,8.35,8.17,615
55924,2023,8.35,7.17,50
62831,2024,8.35,7.0,37
14332,2018,8.35,7.48,86
33746,2023,8.35,7.16,49
35117,2023,8.35,7.84,181
1922,2011,8.35,7.5,88
17514,2019,8.35,8.14,517
305,2012,8.35,8.19,717
24326,2020,8.35,7.99,270
28616,2021,8.35,8.01,298
36489,2021,8.35,7.23,55
8245,2015,8.35,7.88,197
41303,2024,8.35,6.9,31
18359,2018,8.35,6.88,30
68127,2024,8.34,7.34,67
468,2013,8.34,8.04,332
46741,2023,8.34,7.9,216
24459,2020,8.34,8.04,333
18504,2017,8.34,6.74,23
26642,2020,8.34,7.22,54
2495,1980,8.34,6.78,25
14444,2017,8.34,7.63,115
18232,2018,8.34,7.5,89
17000,2018,8.34,7.1,44
6677,2016,8.33,7.58,106
25480,2021,8.33,7.78,159
11577,2016,8.33,7.37,71
24240,2020,8.33,6.71,22
30252,2019,8.33,7.61,113
36328,2022,8.33,8.09,446
101,2004,8.33,8.08,424
2664,2014,8.33,8.26,1662
4679,2009,8.33,7.44,81
10624,2016,8.33,7.49,89
9189,2017,8.33,7.04,40
545,22,8.33,7.82,178
31826,2021,8.33,7.97,272
14945,2019,8.33,7.94,249
17966,2018,8.33,8.15,591
65241,2025,8.33,7.84,187
25714,2020,8.32,7.67,127
22471,2019,8.32,7.67,129
32938,2021,8.32,7.8,174
28685,2021,8.32,8.12,514
15775,2019,8.32,7.77,161
23618,2020,8.32,8.0,312
8617,2015,8.32,7.9,226
62855,2024,8.32,7.68,130
25842,2019,8.32,7.93,253
36,2006,8.32,7.76,158
59578,2024,8.32,7.75,153
22,2009,8.32,8.24,1542
69219,2025,8.32,7.68,131
32044,2019,8.31,6.88,31
13968,2017,8.31,8.08,445
33041,2021,8.31,7.97,285
68399,2024,8.31,7.04,41
19396,2019,8.31,6.77,25
3607,2014,8.31,8.27,2617
38197,2022,8.31,7.65,124
30661,2020,8.31,7.03,40
3874,2014,8.31,7.44,82
22632,2019,8.31,7.17,51
26357,2020,8.31,7.29,64
56636,2023,8.31,7.72,146
54984,2024,8.31,7.75,156
36732,2022,8.31,7.9,235
13284,2018,8.31,6.98,37
68154,2024,8.31,8.09,483
74159,2024,8.31,6.87,30
76515,2025,8.31,7.58,108
78,2012,8.31,7.59,111
9867,2016,8.31,8.2,987
8144,2015,8.31,8.01,334
60440,2024,8.31,7.97,289
1630,1986,8.31,7.24,58
44118,2023,8.3,6.81,27
64350,1992,8.3,7.04,41
2527,2013,8.3,7.09,45
15814,2017,8.3,8.07,440
16785,2019,8.3,8.07,441
22518,2020,8.3,8.14,667
13198,2018,8.3,7.93,259
76203,2025,8.3,7.58,109
107,2008,8.3,8.28,4102
13147,2017,8.3,7.47,89
8915,2016,8.3,8.04,393
13645,2017,8.3,7.68,135
69619,2025,8.3,7.39,77
17646,2018,8.3,7.95,283
21999,2019,8.29,7.58,111
4422,2014,8.29,7.72,150
80051,2026,8.29,8.03,394
2889,2017,8.29,7.81,188
31030,2020,8.29,7.89,235
16172,2018,8.29,7.19,54
612,2011,8.29,8.25,2512
505,2009,8.29,7.85,212
17672,2018,8.29,8.18,978
12390,2018,8.29,8.01,364
156,2011,8.29,8.06,453
24325,2020,8.28,7.95,296
52320,2015,8.28,7.8,186
80062,2025,8.28,7.3,66
24560,2020,8.28,8.03,408
97,2011,8.28,8.18,1028
18215,2018,8.28,7.07,44
456,2013,8.28,7.79,185
81886,2025,8.28,6.95,36
23164,2022,8.28,7.93,272
36349,2022,8.28,6.89,32
26197,2020,8.28,8.14,803
6725,2014,8.28,7.31,68
77131,2025,8.28,6.85,30
72874,2024,8.28,7.23,58
11168,2017,8.28,8.23,1981
174,2011,8.28,7.62,123
2280,2009,8.27,8.1,618
593,2011,8.27,8.23,3138
55,2000,8.27,8.24,4833
21686,2019,8.27,7.94,297
61866,2024,8.27,6.85,30
76,2012,8.27,7.47,93
53852,2025,8.27,7.38,77
32635,2022,8.27,8.09,580
39795,2021,8.27,7.76,173
67129,2024,8.27,7.22,58
30293,2021,8.27,6.76,25
32917,2013,8.27,7.46,90
22650,2020,8.27,8.03,425
30744,2021,8.27,6.83,29
13676,2017,8.27,8.08,558
39924,2023,8.27,7.31,68
35958,2022,8.27,7.7,148
3359,1994,8.26,6.9,33
40761,2022,8.26,6.96,37
64390,2023,8.26,6.88,32
14230,2018,8.26,7.37,77
55898,2023,8.26,7.51,101
22201,2019,8.26,7.14,51
2281,2015,8.26,7.37,77
22192,2019,8.26,7.56,111
20046,2018,8.26,7.28,65
4351,2014,8.26,7.55,110
22498,2019,8.26,7.42,84
16365,2023,8.26,7.5,99
653,2006,8.26,7.5,99
75,2012,8.26,7.46,91
82353,2026,8.26,7.61,124
60,2011,8.26,7.97,335
8147,2015,8.26,8.22,2533
2407,2014,8.26,7.93,289
2226,2011,8.26,7.92,289
19795,2018,8.26,8.08,549
31844,2021,8.26,7.93,291
55089,2023,8.26,7.71,155
7824,2015,8.25,7.54,108
1362,2009,8.25,7.02,41
35952,2023,8.25,7.77,184
1278,1981,8.25,7.25,63
18932,2018,8.25,8.1,737
43,2007,8.25,7.51,103
82348,2025,8.25,7.81,203
36479,2022,8.25,6.71,23
66737,2024,8.25,7.61,126
21661,2022,8.25,7.57,117
19852,2020,8.25,8.08,610
14527,2017,8.25,7.38,79
34889,2016,8.25,8.11,730
5,2011,8.25,8.21,2801
19,2005,8.25,8.06,540
47,2007,8.25,8.19,1684
8354,2017,8.25,7.86,240
654,2009,8.25,7.65,139
35287,2024,8.24,8.0,428
508,1997,8.24,8.12,824
22240,2019,8.24,8.0,420
10711,2016,8.24,7.92,301
36711,2022,8.24,7.59,124
36938,2021,8.24,7.79,201
15006,2017,8.24,7.04,43
7168,2015,8.24,8.19,1997
22322,2019,8.24,8.0,410
9935,2016,8.24,8.1,710
22065,2019,8.24,7.21,59
19826,2018,8.24,7.61,126
11044,2015,8.24,6.92,35
710,1993,8.24,8.16,1375
6422,2014,8.23,7.22,61
15659,2018,8.23,8.11,818
4683,2002,8.23,8.1,783
1661,2013,8.23,7.16,54
15074,2017,8.23,7.23,61
19876,2018,8.23,8.13,1002
606,2008,8.23,8.21,4391
17515,2017,8.23,7.6,128
6876,2014,8.23,8.18,1977
25409,2021,8.23,7.86,252
13897,2017,8.23,7.79,207
33640,2022,8.23,7.74,180
73,2008,8.23,8.13,1020
55257,2024,8.23,6.7,23
1073,2008,8.23,7.68,152
14690,2017,8.23,7.99,423
79734,2025,8.23,7.05,45
651,2009,8.22,7.98,406
9902,2016,8.22,8.03,543
3501,2014,8.22,7.03,43
66412,2025,8.22,7.13,52
6776,2014,8.22,7.08,47
64269,2025,8.22,7.0,41
33913,2021,8.22,7.56,118
34973,2022,8.22,6.76,26
1901,2011,8.22,7.76,191
60594,2024,8.22,6.82,29
22306,2019,8.22,7.58,122
12723,2025,8.22,6.74,25
1968,2013,8.22,7.51,106
397,1995,8.22,8.2,5407
24141,2021,8.21,7.81,229
13028,2017,8.21,8.05,652
5230,1999,8.21,8.08,798
26398,2022,8.21,7.84,246
32463,2021,8.21,7.82,236
510,2009,8.21,7.67,153
62101,2024,8.21,6.88,33
41198,2021,8.21,7.41,88
304,2012,8.21,8.09,833
56539,2023,8.21,7.69,161
24465,2017,8.21,6.81,29
34079,2022,8.21,7.73,179
61935,2024,8.21,7.81,226
57861,2024,8.2,7.11,51
6564,2010,8.2,6.79,28
1613,2009,8.2,7.07,47
720,2010,8.2,7.39,86
12411,2017,8.2,7.38,84
403,2012,8.2,7.81,229
1093,2003,8.2,6.73,25
13151,2017,8.2,7.22,63
38286,2022,8.2,8.09,919
15792,2019,8.2,7.72,183
20631,2020,8.2,7.8,229
18041,2018,8.2,7.57,124
7987,2014,8.19,6.73,25
7320,2016,8.19,7.97,452
77588,2025,8.19,7.3,73
11138,2016,8.19,6.73,25
57174,2023,8.19,6.75,26
25238,2021,8.19,6.75,26
5752,2001,8.19,6.93,37
9054,2015,8.19,7.33,78
759,2006,8.19,7.6,135
3678,1999,8.19,7.51,110
3333,2009,8.19,6.9,35
45077,2023,8.19,7.46,99
80227,2025,8.19,6.87,33
24786,2020,8.19,7.63,144
21951,2022,8.19,7.81,238
38,2011,8.19,7.81,240
19519,2023,8.19,6.96,39
325,2010,8.19,8.06,798
24157,2020,8.19,8.06,792
30893,2021,8.19,7.55,121
56707,2023,8.19,7.62,143
9463,2018,8.19,7.92,348
26002,2020,8.19,7.83,258
25219,2020,8.18,7.97,466
52443,2024,8.18,7.0,42
39488,2023,8.18,7.47,103
7366,2013,8.18,6.85,32
31092,2022,8.18,6.85,32
788,2010,8.18,7.95,426
10037,2016,8.18,7.44,96
11161,2016,8.18,6.91,36
31811,2021,8.18,7.67,165
23943,2019,8.18,8.05,780
11729,2016,8.18,7.27,70
19448,2020,8.18,7.58,131
2181,2014,8.18,8.12,1771
18940,2022,8.18,7.2,61
129,2007,8.18,7.19,60
21133,2019,8.18,7.79,227
54146,2024,8.18,7.68,167
10786,2016,8.18,7.68,166
26148,2020,8.18,7.54,120
36765,2024,8.18,7.08,49
16836,2018,8.18,7.48,106
1627,2010,8.18,7.1,51
30739,2022,8.18,6.97,40
9012,2015,8.18,7.86,291
35711,2022,8.18,7.85,274
14488,2017,8.18,7.84,265
19781,2024,8.17,7.5,112
198,2011,8.17,7.86,294
21856,2019,8.17,6.76,27
65757,2024,8.17,6.81,30
19210,2018,8.17,8.04,803
8153,2015,8.17,7.87,318
66639,2024,8.17,8.08,1083
22861,2019,8.17,7.16,58
37,2012,8.17,8.06,975
55668,2023,8.17,7.14,56
35989,2022,8.16,7.96,481
1013,2010,8.16,7.9,361
9008,2014,8.16,7.92,404
138,2005,8.16,7.33,81
10419,2017,8.16,7.11,53
62947,2024,8.16,7.43,97
23514,2020,8.16,7.31,77
10801,2016,8.16,7.71,189
33046,2021,8.16,7.67,171
49890,2023,8.16,7.7,186
57670,2023,8.16,7.62,148
793,2012,8.16,7.99,606
28629,2021,8.16,6.9,36
1072,1982,8.16,8.09,1507
23525,2020,8.16,7.58,138
32710,2022,8.16,8.04,797
14489,2017,8.16,7.5,113
6360,2014,8.16,8.03,756
18951,2018,8.16,6.99,42
1837,2007,8.15,7.56,131
56713,2023,8.15,7.38,89
35705,2023,8.15,7.35,85
14534,2017,8.15,7.75,219
5726,2007,8.15,6.9,36
644,2009,8.15,7.15,58
30270,2021,8.15,7.56,132
561,1989,8.15,7.98,576
32321,2021,8.15,6.75,27
17906,2018,8.15,8.02,748
35129,2023,8.15,7.27,72
533,2004,8.15,7.51,118
68017,2024,8.15,7.58,140
7067,2015,8.15,8.11,2408
25,2009,8.15,7.78,240
40416,2022,8.15,7.33,81
21326,2019,8.15,7.4,93
26359,2023,8.15,7.82,280
7748,2016,8.15,7.62,154
29054,2021,8.15,7.82,273
6091,2011,8.15,6.74,26
58172,2020,8.15,6.86,33
63332,2024,8.15,7.53,125
23493,2020,8.14,7.91,428
22533,2019,8.14,8.06,1269
72975,2024,8.14,7.45,106
77057,2025,8.14,7.05,48
30939,2021,8.14,7.81,272
26236,2020,8.14,7.23,67
26577,2023,8.14,7.53,126
22736,2020,8.14,7.5,116
12462,2017,8.14,7.67,177
20106,2018,8.14,8.0,732
68220,2024,8.14,7.15,58
21,2007,8.13,7.64,167
123,2010,8.13,7.77,244
10776,2017,8.13,6.88,35
16390,2017,8.13,8.0,775
10849,2017,8.13,7.0,44
11230,2016,8.13,7.97,610
80046,2025,8.13,7.62,158
24718,2020,8.13,7.72,207
6802,2014,8.13,7.42,100
54490,2024,8.13,7.58,142
