place_id,nome,endereco,capital_busca,lat,lng,qt_praias_parques_500m,qt_praias_parques_1000m,qt_shoppings_grandes_500m,qt_shoppings_grandes_1000m,qt_estacoes_metro_500m,qt_estacoes_metro_1000m
ChIJa6-7T2uxGgcR4K-1owvXsuI,Multiverso Game Point,"Tv. 5 Cj Jorn O Dantas, 37 - São Conrado, Aracaju - SE, 49042-971, Brazil",Aracaju,-10.963738,-37.0835852,1,4,0,0,0,0
ChIJU4Wj-2mzGgcR0Jw7mlyGN-Q,Tabuleiro do Acarajé,"R. Rio Grande do Sul, 197 - Siqueira Campos, Aracaju - SE, 49075-510, Brazil",Aracaju,-10.9124736,-37.0695374,2,7,0,0,0,0
ChIJO9bPE0GdEZURRD6c41YpCRI,Beer & Boards,"R. Gen. Abreu, 342 - Cidade Nova, Rio Grande - RS, 96202-570, Brazil",Aracaju;Belém;Boa Vista;Campo Grande;Natal;Porto Velho;Rio de Janeiro,-32.0424838,-52.111675,2,3,0,0,0,0
ChIJY_lqHVLl3JQRvDHacOMDKuc,BoardZ Game Pub,"R. Chile, 2077 - Rebouças, Curitiba - PR, 80220-181, Brazil",Aracaju;Boa Vista;Campo Grande;Curitiba;João Pessoa;Rio de Janeiro,-25.4521863,-49.268752799999994,2,9,0,0,0,0
ChIJbZRHQPRfzpQRz97-ZOg0yXA,Castelos Bar & Boardgames,"R. Serra de Botucatu, 995 - Vila Gomes Cardim, São Paulo - SP, 03317-000, Brazil",Aracaju;São Paulo,-23.542591299999998,-46.5621838,5,17,0,0,0,1
ChIJpzB8zc2XpgARoJTUu90J6Pw,Comdado Bar e Jogos,"Av. Amazonas, 2310 - Santo Agostinho, Belo Horizonte - MG, 30180-012, Brazil",Belo Horizonte,-19.9276457,-43.954388200000004,5,7,0,1,0,0
ChIJ03bxSvSXpgARB1Fujm1ryEA,JogArtClub • Comes & Jogas,"R. Nadir, 450 - Caiçara-Adelaide, Belo Horizonte - MG, 30770-420, Brazil",Belo Horizonte,-19.903543199999998,-43.9765941,1,7,0,0,0,0
ChIJ-TwfHyaapgARy0qIc8g0r28,Taberna Santê,"R. Salinas, 2113 - Santa Tereza, Belo Horizonte - MG, 31015-115, Brazil",Belo Horizonte,-19.9141151,-43.915381,2,6,0,1,0,3
ChIJK-IiTfuVpgARx8rVtqv8c3g,Massula Nerd House,"R. Manoel João Diniz Camargos, 524 - Alvorada, Contagem - MG, 32042-220, Brazil",Belo Horizonte;Belém;Goiânia,-19.898244599999998,-44.0817006,1,3,0,0,0,0
ChIJ6ZLMZw-XpgAR_OR6SwY5xKo,Shelf Bar e Jogos,"Av. do Contorno, 7287 - Lourdes, Belo Horizonte - MG, 30110-047, Brazil",Belo Horizonte;Palmas,-19.937802899999998,-43.9449477,5,10,0,0,0,0
ChIJx5jr3zGXpgARQGx9eX7TDmY,LudoCafé,"R. Antônio Dias, 201 - Santo Antônio, Belo Horizonte - MG, 30350-150, Brazil",Belo Horizonte;Recife,-19.944717,-43.946234,3,8,0,0,0,0
ChIJ-97tiEeNpJIRb_eV7a-sxBs,Ludoteca Sidequest,"Av. Visc. de Souza Franco, 1313 - Umarizal, Belém - PA, 66053-000, Brazil",Belém,-1.4491599,-48.4864573,1,9,1,1,0,0
ChIJcRvp0r15GZURj1bFNF3n5jw,HEX Board Game Café,"R. Riachuelo, 1339 - Sala 1003 ( Cobertura - Centro Histórico, Porto Alegre - RS, 90010-270, Brazil",Belém;Boa Vista;Brasília;Campo Grande;Cuiabá;Florianópolis;Fortaleza;Goiânia;Macapá;Maceió;Manaus;Natal;Porto Alegre;Rio Branco;Rio de Janeiro;São Luís;São Paulo;Teresina;Vitória,-30.0316263,-51.22826,16,34,1,2,0,1
ChIJTaG5ALpZzpQRUDErQ-RkfTs,Ludus Luderia,"R. Treze de Maio, 972 - Bela Vista, São Paulo - SP, 01327-000, Brazil",Belém;Boa Vista;Campo Grande;Cuiabá;Macapá;Maceió;Manaus;Natal;Palmas;Porto Velho;Rio de Janeiro;São Luís;São Paulo;Teresina;Vitória,-23.5618382,-46.6462097,3,21,0,2,1,6
ChIJZz29dnVXzpQRvRh7_YKyUN4,Encounter | Jogos de Tabuleiro | Board Games,"Av. dos Eucaliptos, 204 - Moema, São Paulo - SP, 04517-050, Brazil",Belém;Campo Grande;João Pessoa;Maceió;Recife;São Paulo,-23.606458399999998,-46.6738581,5,15,0,1,0,1
ChIJoTlvBfMbFgcRHvuCKHBQrXQ,São Jogue - Bela Vista,"Alameda Euvaldo Luz, 92 - Pernambués, Salvador - BA, 41098-020, Brazil",Boa Vista;Brasília;João Pessoa;Natal;Salvador,-12.9694361,-38.4736806,1,3,1,1,1,2
ChIJ73mEeqQdzpQRKti9DbyjiWM,House Rules Ludobar,"Av. São Paulo, 614 - Boqueirão, Praia Grande - SP, 11701-380, Brazil",Boa Vista;Campo Grande;Natal;São Paulo,-24.007962499999998,-46.4185685,11,31,0,0,0,0
ChIJOczn8z7l3JQRNBEL_ZJ3iQo,Joyjoy Café,"Av. Presidente Affonso Camargo, 1939 - Lj 02 - Cristo Rei, Curitiba - PR, 80050-370, Brazil",Boa Vista;Curitiba,-25.437043300000003,-49.241465399999996,4,21,0,0,0,0
ChIJ0yXbI35IxwcR0_jLi-uINUU,Balboa's Hobby Games,"R. Maria Tomásia, 208 - Aldeota, Fortaleza - CE, 60150-170, Brazil",Boa Vista;Fortaleza;João Pessoa;Manaus,-3.7346889,-38.5002607,2,4,5,5,0,0
ChIJKeHwNv5ZzpQRlmzx9rCTWdM,Bodogami Restaurante e Cafeteria,"Av. da Liberdade, 456 - Liberdade, São Paulo - SP, 01502-001, Brazil",Boa Vista;Goiânia;Rio de Janeiro;São Paulo,-23.5568468,-46.6365999,8,26,0,0,1,3
ChIJRUjwU66WoGgRzc9yJU7jkwM,Nala Land - Bar de Jogos de Tabuleiro em Recife,"R. Raul Pompéia, 271 - Arruda, Recife - PE, 52120-150, Brazil",Boa Vista;Recife,-8.023975799999999,-34.895067,2,11,0,0,0,0
ChIJOcVssmeDmQARZZrnWu2mnwA,TabuClub,"R. Newton Prado, 29 - Santa Rosa, Niterói - RJ, 24240-004, Brazil",Boa Vista;Rio de Janeiro,-22.898584099999997,-43.102339699999995,2,4,0,0,0,0
ChIJq92vt8sxpJQR-lNNTdp0RLQ,TABLE GAMES (Burgers),"Av. Cel. Belchior de Godói, 1330 - Santa Terezinha, Araguari - MG, 38447-218, Brazil",Boa Vista;Teresina,-18.6405603,-48.2071542,2,10,0,0,0,0
ChIJfyav9YI9uAARjwbBqcRm2_k,Café Geek Cafeteria e Ludoteca,"R. São Marcos, 127 - Santa Inês, Vila Velha - ES, 29108-050, Brazil",Boa Vista;Vitória,-20.3447463,-40.3108461,2,9,0,0,0,0
ChIJyXjE650xWpMRJL-J6QbGkt4,FORTALÚDICA - BURGERS & JOGOS,"Guará II QE 26 BLOCO B Lj 31 - Guará, Brasília - DF, 71060-621, Brazil",Brasília,-15.8331212,-47.9838145,2,4,0,0,0,1
ChIJzdFNP3AyWpMRH2P6HEuhE-I,Loja de Jogos - Asgard,"Rua 25 Sul, Lote 30 Bloco A loja 1 - Águas Claras, Brasília - DF, 71928-720, Brazil",Brasília,-15.843839500000001,-48.0292294,9,17,0,0,1,1
ChIJbY1Qc90zWpMRLdrHxi9QMko,República Ludovico,"Max Mall - R. 7 Norte, Lotes 3/5/7 Quiosque 02 - Águas Claras, Brasília - DF, 71908-180, Brazil",Brasília,-15.8345864,-48.01380210000001,12,19,0,0,1,1
ChIJa0CP91MzWpMRz6oEQwlR2TA,Tem Mesa - Pizza & Luderia,"R. das Paineiras, 06 - Lj 25, térreo - Norte, Brasília - DF, 71918-000, Brazil",Brasília,-15.838189700000001,-48.0326842,5,19,0,1,0,2
ChIJN8BZeb85WpMRgVKT05caxB4,Utopia Games & Food,"SHCN CL QD 116 CLN 116 BLOCO I Lojas 31 e 35 subsolo - Asa Norte, Brasília - DF, 70773-590, Brazil",Brasília,-15.737604099999999,-47.8952344,1,5,0,1,0,0
ChIJOUXU1akzWpMRC7rrq4o9GZc,game food,"SHA conjunto 5 chácara 109 lote 09 loja 3 - buteco do val - Arniqueira, Brasília - DF, 71995-450, Brazil",Brasília,-15.867116999999999,-48.0164577,1,2,0,0,0,0
ChIJye7AnK07WpMRC94S9hM95Y4,Orgutal Casa de Jogos,"CLN 205, bloco B, loja 11, 2º andar - Asa Norte, Brasília - DF, 70843-520, Brazil",Brasília;Campo Grande,-15.770435699999998,-47.879678999999996,1,4,0,0,0,0
ChIJFXw-sPbohpQR5eMb1gcDtNs,Joga Burger,"Av. Nelly Martins, 76 - Portal Itayara, Campo Grande - MS, 79032-295, Brazil",Campo Grande,-20.441130599999997,-54.5812791,4,12,0,0,0,0
ChIJV-ILP3axnZMRXR-ujzUSeoM,Mister Game Drinks,"R. canario da terra, 15 - Morada da Serra, Cuiabá - MT, 78058-208, Brazil",Cuiabá,-15.562411899999999,-56.0314543,1,2,0,0,0,0
ChIJARvKn9ixnZMR-qHHZX56vO4,"Poltrona Nerd - Bar, Games & Burger","R. Managua, 132 - Jardim das Américas, Cuiabá - MT, 78060-604, Brazil",Cuiabá,-15.6058113,-56.0740536,5,8,0,2,0,0
ChIJV5xi80_l3JQRyRgvZvdRi8I,Alba - Café e jogos de tabuleiro,"R. Nilo Peçanha, 16 - São Francisco, Curitiba - PR, 80520-000, Brazil",Cuiabá;Curitiba,-25.420183299999998,-49.2744936,3,28,1,1,0,0
ChIJ0ftSGFzw3JQRtoakn1mqyOs,Geek Burguer,"Alameda Dr. Carlos de Carvalho, 805 - Centro, Curitiba - PR, 80410-180, Brazil",Curitiba,-25.4341834,-49.2826181,8,27,3,8,0,0
ChIJc3F7ka83J5URQZ1XTl-_iak,Chef on Play,"Rua kk - atrás do bem bolado bar - Praça Atílio ferreira, 07 - Trindade, Florianópolis - SC, 88080-701, Brazil",Florianópolis,-27.587930999999998,-48.523132999999994,3,5,0,2,0,0
ChIJJz8-gcY3J5URYdZrEXdHaAk,Cineplay- Restaurante e Jogos,"R. Getúlio Vargas, 362 - Centro, São José - SC, 88103-400, Brazil",Florianópolis,-27.6115524,-48.6272253,4,6,0,0,0,0
ChIJsTy8gUxLxwcRCKRfkhIP8zM,Games bar,"R. Coelho Neto, 1767 - Barra do Ceará, Fortaleza - CE, 60336-210, Brazil",Fortaleza,-3.7121402999999993,-38.580314099999995,2,3,0,0,0,0
ChIJb0TXDUndrAcRi0y4ut782Hw,Grão-Mestre Luderia,"R. Antônio Gama, 669 - Expedicionários, João Pessoa - PB, 58041-110, Brazil",João Pessoa,-7.1258327999999995,-34.8511671,0,3,0,0,0,0
ChIJMwO7YgDdrAcRiYUURL8xCls,Mokuzai café e jogos,"R. Funcionário Odon Almeida, 271 - Mangabeira, João Pessoa - PB, 58058-520, Brazil",João Pessoa,-7.1683372,-34.8275376,1,1,0,1,0,0
ChIJqQGLHGfnrAcR7cbxZrSPynE,Taverna Mestre Ogro,"R. Alfredo José Athaíde, 189 - ap106 - Alto do Céu, João Pessoa - PB, 58027-740, Brazil",João Pessoa,-7.099467499999999,-34.8694748,2,6,0,0,0,0
ChIJnyqy8QHhYY0RIHJp_Ofb4v8,4 Fun Geek Store,"Acelino de Leão, 1503 - Buritizal, Macapá - AP, 68901-092, Brazil",Macapá,0.0262662,-51.069543900000006,2,5,0,1,0,0
ChIJbSfwVQDhYY0Rx5aY3a7TZzQ,Board House - Jogos de Tabuleiro,"Av. Desidério Antônio Coelho, 1189 - Trem, Macapá - AP, 68901-080, Brazil",Macapá,0.026959900000000002,-51.066423799999995,1,5,0,1,0,0
ChIJpZbpu_zVBQcRuPFD4K5R8Co,Taverna: Game & Café,"R. Srg. Benevides Montes, 214 - Primavera, Arapiraca - AL, 57300-230, Brazil",Maceió,-9.7610538,-36.6584238,2,8,0,0,0,0
ChIJvXuPLAAFbJIRncOH-f4lasQ,Acerola: A Casa do Acy,"Av. Maués, 700 - Cachoeirinha, Manaus - AM, 69065-070, Brazil",Manaus,-3.1265798000000005,-60.001696300000006,1,3,0,0,0,0
ChIJf1eUzsUbbJIROHClUemcirk,Player Food,"R. Lapis Lazuli, 6 - Nossa Sra. das Graças, Manaus - AM, 69053-600, Brazil",Manaus,-3.1040804,-60.01650850000001,6,17,1,3,0,0
ChIJweOclBAQbJIRztG7ZblPNSk,Tetris Game Burger,"Av. Djalma Batista, 31 - Chapada, Manaus - AM, 69053-000, Brazil",Manaus,-3.0978272,-60.02424409999999,3,18,3,3,0,0
ChIJd5jnFQAFbJIRyaRaoNBV_hg,Vezzo - Doces e Jogos,"Av. Visc. de Porto Alegre, 721 - Praça 14 de Janeiro, Manaus - AM, 69020-130, Brazil",Manaus,-3.1299341999999997,-60.01352310000001,3,11,0,0,0,0
ChIJHSDPTgF5GZURKmSqKITyoGM,Arcadea Gaming Pub,"R. Gen. Neto, 440 - Moinhos de Vento, Porto Alegre - RS, 90560-020, Brazil",Manaus;Porto Alegre,-30.0215237,-51.206898599999995,6,12,0,3,0,0
ChIJ1S2JbVz_sgcRhJDPIt6lg5c,Vem pra Mesa Game Center,"Shopping Via Direta - Av. Sen. Salgado Filho, 2233 - Loja 624 - Lagoa Nova, Natal - RN, 59076-000, Brazil",Natal,-5.841018399999999,-35.2093467,6,12,2,2,0,0
ChIJCdEZv21PpJQRg6vLc_9tIcc,Mestre dos Jogos LudoBar,"R. João Balbino, 537 - Santa Mônica, Uberlândia - MG, 38408-265, Brazil",Palmas,-18.918741600000004,-48.2307426,1,7,0,0,0,0
ChIJ7UwihgtwmQARd_GtVTEV5Zw,Bar Do K.B. Ludo,"R. Lêda - Jardim Leal, Duque de Caxias - RJ, 25035-550, Brazil",Rio de Janeiro,-22.760841600000003,-43.3131744,1,6,0,0,0,0
ChIJGTvSWgCDmQARyu8hVg-kaSw,Bubble Planet - Lanchonete e Cardgames,"Av. Roberto Silveira, 349 - loja 103 - Icaraí, Niterói - RJ, 24230-152, Brazil",Rio de Janeiro,-22.9051969,-43.1043065,2,7,0,0,0,0
ChIJk4ZqIH1_mQARrByPymrpe7E,Donna Gastrobar,"R. Dezenove de Fevereiro, 165 - Botafogo, Rio de Janeiro - RJ, 22280-030, Brazil",Rio de Janeiro,-22.9542377,-43.1853164,2,13,0,3,1,1
ChIJ_cv0FwB_mQARkbW8bdLx99w,Vinoteca do Visconde Restaurante,"R. Visc. de Caravelas, 121 - Botafogo, Rio de Janeiro - RJ, 22271-041, Brazil",Rio de Janeiro,-22.957212,-43.195881,4,13,1,1,0,0
ChIJ-UmVDcEXFgcRnbCBRUGrDVs,São Jogue - Paralela,"Av. Luís Viana Filho, 8544 - Alphaville, Salvador - BA, 41730-101, Brazil",Salvador,-12.937384199999999,-38.3952332,0,2,1,1,1,1
ChIJnbTgfgeS9gcRP8n5nhD7iWs,Ludorama,"R. dos Bicudos, 8 - Jardim Renascença, São Luís - MA, 65075-090, Brazil",São Luís,-2.5002728999999997,-44.289547899999995,3,3,2,4,0,0
ChIJyzOdkZBnzpQRgrkQrV8p52s,Arcade 80 - Game Lounge,"R. Fontoura Xavier, 1314 - Itaquera, São Paulo - SP, 08295-300, Brazil",São Paulo,-23.5438166,-46.4519875,2,7,0,0,0,0
ChIJYTHwWgBbzpQRFenbJdM5cxU,Arena BG | Jogos de Tabuleiro | Hamburgueria,"R. Lino Coutinho, 1791 - Ipiranga, São Paulo - SP, 04207-002, Brazil",São Paulo,-23.599306799999997,-46.6016884,3,8,0,0,1,1
ChIJrT_EWwBZzpQRGAZzptZbtsY,Cartola Luderia Bar,"R. Dr. Siqueira Campos, 42 - Liberdade, São Paulo - SP, 01153-000, Brazil",São Paulo,-23.563561,-46.638520799999995,1,17,0,1,1,5
ChIJ7_DDAlH1zpQRJVJ0UHnItH8,Covil Game Bar,"Rua do Saboó, 12 - Jardim Barbosa, Guarulhos - SP, 07111-030, Brazil",São Paulo,-23.4650359,-46.523386,3,15,0,0,0,0
ChIJ_aN4OAxXzpQR0UH63sAeVCA,Fan Hour Games and Burgers,"R. Artur de Azevedo, 898 - Pinheiros, São Paulo - SP, 05404-002, Brazil",São Paulo,-23.5617043,-46.6804729,7,13,0,0,0,2
ChIJa3UsDhRczpQRPPSuDl6acO8,"Flow Games - Burgers, Cards & Comunidade","Rua Dona Genoveva D'Ascoli, 17 - Vila Prudente, São Paulo - SP, 03132-070, Brazil",São Paulo,-23.581556,-46.5848501,9,39,0,1,1,2
ChIJU4gvvaJXzpQR1SPX6E4t1jQ,Good Game E-Sports Bar,"R. Mourato Coelho, 992 - Pinheiros, São Paulo - SP, 05417-001, Brazil",São Paulo,-23.559138299999997,-46.6905697,6,33,0,0,0,1
ChIJO8W2hThfzpQRjeWplqhAyKQ,Lendário Game Bar,"No mesmo prédio da Lendário Card Games - Av. Celso Garcia, 4367 - Tatuapé, São Paulo - SP, 03063-000, Brazil",São Paulo,-23.5352961,-46.5702627,4,18,0,2,0,2
ChIJkWsGmd1czpQRGLydxc29vbw,Place Games,"R. Martim Francisco, 554 - Santa Paula, São Caetano do Sul - SP, 09541-330, Brazil",São Paulo,-23.621405199999998,-46.5615561,2,8,0,0,0,0
ChIJsU5BAwBRzpQRAgLVvqg68os,Tubaleria - Clube de Jogos de Tabuleiro e Hamburgueria,"R. Paul Valery, 76 - Chácara Santo Antônio (Zona Sul), São Paulo - SP, 04719-050, Brazil",São Paulo,-23.6320583,-46.709815,6,16,1,2,0,0
ChIJO23CtJA5jgcRB1ZMVm4R8Ak,Espaco Caramelles,"R. João Emílio Falcão, 338 - Fátima, Teresina - PI, 64049-480, Brazil",Teresina,-5.0665388,-42.800213899999996,3,10,0,0,0,0
ChIJqUA_IaE5jgcRjnu2CBE7yTM,Xeque Mate: Restaurante e Jogos de Tabuleiro,"Av. Sen. Area Leão, 4041 - Morada do Sol, Teresina - PI, 64049-110, Brazil",Teresina,-5.0739015,-42.765659,5,10,0,0,0,0
ChIJ7XGi3xIXuAARiTdzjnTSM8Q,A Rainha dos Dados,"R. Antônio Ataíde, 323 - Centro de Vila Velha, Vila Velha - ES, 29100-295, Brazil",Vitória,-20.332426599999998,-40.291142099999995,8,10,0,1,0,0
