place_id,nome,endereco,capital_busca,termos_busca,termos_alta_precisao,varejo_grande,grupo_categoria,categorias_google,avaliacao_media,volume_avaliacoes,status_google,site_ou_rede_social,instagram_usuario,link_google_maps,data_coleta,evidencia_espaco_jogo,relevante,observacao,tem_fotos_maps,fotos_comprovam,tem_instagram,instagram_comprova
ChIJGw1wLolZzpQRZGdr_DjXmUE,Newstation SP,"R. Rio Grande, 48 - LOJA1 - Vila Mariana, São Paulo - SP, 04018-000, Brazil",São Paulo,loja de RPG;loja de card game;loja de jogos de tabuleiro,3,nao,loja,book_store;toy_store;store;point_of_interest;establishment,4.5,360,OPERATIONAL,http://www.newstationsp.com.br/,,https://maps.google.com/?cid=4727045923655083876&g_mp=CiVnb29nbGUubWFwcy5wbGFjZXMudjEuUGxhY2VzLkdldFBsYWNlEAIYBCAA,2026-09-16,,,,sim,não,,
ChIJd5zin4vdrAcRH0y9xYoGIRo,Castelo dos Mestres,"Av. Piauí, 595 - loja 06 - Estados, João Pessoa - PB, 58030-030, Brazil",João Pessoa,loja de RPG;loja de card game;loja de jogos de tabuleiro,3,nao,loja,store;point_of_interest;establishment,4.2,11,OPERATIONAL,https://www.castelodosmestrestcg.com.br/,,https://maps.google.com/?cid=1882793312310348831&g_mp=CiVnb29nbGUubWFwcy5wbGFjZXMudjEuUGxhY2VzLkdldFBsYWNlEAIYBCAA,2026-09-16,,,,sim,não,,
ChIJIbX9jH9GAQcRct6b3MT3qGA,Leitura,"Av. Comendador Gustavo Paiva, 5.945 - Cruz das Almas, Maceió - AL, 57038-000, Brazil",Maceió,board game;loja de card game;loja de jogos de tabuleiro,2,nao,loja,book_store;point_of_interest;store;establishment,4.7,3100,OPERATIONAL,http://www.leitura.com.br/,,https://maps.google.com/?cid=6965089248615325298&g_mp=CiVnb29nbGUubWFwcy5wbGFjZXMudjEuUGxhY2VzLkdldFBsYWNlEAIYBCAA,2026-09-16,,,,sim,não,,
ChIJs20TRCXxXpMRTlY5fzlGHFY,Livraria Leitura,"Av. T-10, 1300 - St. Bueno, Goiânia - GO, 74223-063, Brazil",Goiânia,loja de RPG;loja de jogos de tabuleiro,2,nao,loja,book_store;store;point_of_interest;establishment,4.6,3055,OPERATIONAL,https://leitura.com.br/,,https://maps.google.com/?cid=6204911599371245134&g_mp=CiVnb29nbGUubWFwcy5wbGFjZXMudjEuUGxhY2VzLkdldFBsYWNlEAIYBCAA,2026-09-16,,,,sim,não,,
ChIJv7RU7Wjk3JQRSisu6WmZ5Ws,Lima Hobbies,"Av. Sete de Setembro, 2775 - Rebouças, Curitiba - PR, 80230-010, Brazil",Curitiba,board game;loja de RPG;loja de card game,2,nao,loja,toy_store;store;point_of_interest;establishment,4.6,1680,OPERATIONAL,http://www.limahobbies.com.br/,,https://maps.google.com/?cid=7774789011887762250&g_mp=CiVnb29nbGUubWFwcy5wbGFjZXMudjEuUGxhY2VzLkdldFBsYWNlEAIYBCAA,2026-09-16,,,,sim,não,,
ChIJVVXlRCE4J5URyV8l3c_i4L8,Fenix GZ,"R. Francisco Tolentino, 315 - Box 55 - Centro, Florianópolis - SC, 88010-913, Brazil",Florianópolis,loja de RPG;loja de card game,2,nao,loja,cell_phone_store;toy_store;store;point_of_interest;service;establishment,4.7,394,OPERATIONAL,https://www.fenixgz.com.br/,,https://maps.google.com/?cid=13826300238423744457&g_mp=CiVnb29nbGUubWFwcy5wbGFjZXMudjEuUGxhY2VzLkdldFBsYWNlEAIYBCAA,2026-09-16,,,,sim,não,,
ChIJuV9fZdg5jgcRqeHy34--xFY,Playbox,"R. Areolino de Abreu, 1392 - Centro (Sul), Teresina - PI, 64000-180, Brazil",Teresina,board game;loja de RPG;loja de card game,2,nao,loja,point_of_interest;store;establishment,4.3,392,OPERATIONAL,http://www.facebook.com/cledson.play,,https://maps.google.com/?cid=6252331707843928489&g_mp=CiVnb29nbGUubWFwcy5wbGFjZXMudjEuUGxhY2VzLkdldFBsYWNlEAIYBCAA,2026-09-16,,,,sim,não,,
ChIJGzciRv1_mQARl1GVt7Hdw4U,Akashi Store,"Av. Rio Branco, 156 - 3° andar - Loja 335 - Centro, Rio de Janeiro - RJ, 20040-003, Brazil",Rio de Janeiro,board game;loja de RPG;loja de card game,2,nao,loja,toy_store;amusement_center;store;association_or_organization;point_of_interest;establishment,4.9,352,OPERATIONAL,https://akashistore.com.br/,,https://maps.google.com/?cid=9638791382861959575&g_mp=CiVnb29nbGUubWFwcy5wbGFjZXMudjEuUGxhY2VzLkdldFBsYWNlEAIYBCAA,2026-09-16,,,,sim,não,,
ChIJY6JdnnlFAQcRmACLHD2xHfk,Atacadão da Informática,"R. Barão de Atalaia, 324 B - Poço, Maceió - AL, 57020-510, Brazil",Maceió,board game;loja de board game;loja de card game,2,nao,loja,electronics_store;store;point_of_interest;service;establishment,4.2,287,OPERATIONAL,,,https://maps.google.com/?cid=17950698565798658200&g_mp=CiVnb29nbGUubWFwcy5wbGFjZXMudjEuUGxhY2VzLkdldFBsYWNlEAIYBCAA,2026-09-16,,,,sim,não,,
ChIJ5W8sTkvbmwARQQDleg06Rcs,Collect & Play,"Av. das Américas, 5001 - Lj 116 - Barra da Tijuca, Rio de Janeiro - RJ, 22631-004, Brazil",Rio de Janeiro,loja de RPG;loja de card game,2,nao,loja,toy_store;store;point_of_interest;establishment,4.8,98,OPERATIONAL,http://www.collecteplay.com.br/,,https://maps.google.com/?cid=14647177192663220289&g_mp=CiVnb29nbGUubWFwcy5wbGFjZXMudjEuUGxhY2VzLkdldFBsYWNlEAIYBCAA,2026-09-16,,,,sim,não,,
ChIJld4etAH_3JQRw27WmOOZBgE,PsZ3D,"R. Goiabeira, 75 - Sobreloja - Eucaliptos, Fazenda Rio Grande - PR, 83820-527, Brazil",Campo Grande;Curitiba,clube de jogos de tabuleiro;loja de card game,2,nao,loja,store;association_or_organization;point_of_interest;establishment,5,72,OPERATIONAL,http://www.psz3d.com.br/,,https://maps.google.com/?cid=73915646699007683&g_mp=CiVnb29nbGUubWFwcy5wbGFjZXMudjEuUGxhY2VzLkdldFBsYWNlEAIYBCAA,2026-09-16,,,,sim,inconclusivo,sim,sim
ChIJN2CuXuSzGgcR1CZdzp1HYFg,Zelldas,"R. Poe. José Sampaio, 586 - Siqueira Campos, Aracaju - SE, 49075-470, Brazil",Aracaju,board game;loja de RPG;loja de jogos de tabuleiro,2,nao,loja,electronics_store;store;point_of_interest;establishment,4.6,69,OPERATIONAL,,,https://maps.google.com/?cid=6368168616199530196&g_mp=CiVnb29nbGUubWFwcy5wbGFjZXMudjEuUGxhY2VzLkdldFBsYWNlEAIYBCAA,2026-09-16,,,,sim,não,,
ChIJ55uPE2FFAQcRpLA-yMFn20s,Hokutou,"Av. Walter Ananias, 1424 - Poço, Maceió - AL, 57025-510, Brazil",Maceió,board game;loja de RPG;loja de card game,2,nao,loja,toy_store;store;point_of_interest;establishment,4.9,52,OPERATIONAL,https://www.instagram.com/hokutoutcg,hokutoutcg,https://maps.google.com/?cid=5466076654730129572&g_mp=CiVnb29nbGUubWFwcy5wbGFjZXMudjEuUGxhY2VzLkdldFBsYWNlEAIYBCAA,2026-09-16,,,,sim,não,,
ChIJ____P8OzGgcRq0K191hXorA,Livraria Escariz - Shopping Jardins,"Shopping Jardins - Av. Ministro Geraldo Barreto Sobral, 215 - Lj 81 - Jardins, Aracaju - SE, 49026-010, Brazil",Aracaju,loja de card game,1,nao,loja,book_store;store;point_of_interest;establishment,4.6,5007,OPERATIONAL,http://www.escariz.com.br/?utm_source=google&utm_medium=googlebusiness,,https://maps.google.com/?cid=12727831536527033003&g_mp=CiVnb29nbGUubWFwcy5wbGFjZXMudjEuUGxhY2VzLkdldFBsYWNlEAIYBCAA,2026-09-16,,,,sim,não,,
ChIJdXfavr5FAQcR6q9DZfBV3bM,Livraria leitura,"Av. Comendador Gustavo Paiva, 2990 - Mangabeiras, Maceió - AL, 57031-530, Brazil",Maceió,loja de jogos de tabuleiro,1,nao,loja,book_store;store;point_of_interest;establishment,4.7,3736,OPERATIONAL,http://leitura.com/,,https://maps.google.com/?cid=12960609793621602282&g_mp=CiVnb29nbGUubWFwcy5wbGFjZXMudjEuUGxhY2VzLkdldFBsYWNlEAIYBCAA,2026-09-16,,,,sim,não,,
ChIJncQmhSxYzpQR_HPl3Gz3GrU,Comix Book Shop Bookstore,"R. da Consolação, 2685 - Cerqueira César, São Paulo - SP, 01416-001, Brazil",São Paulo,loja de RPG,1,nao,loja,book_store;store;point_of_interest;establishment,4.6,3430,OPERATIONAL,http://www.comix.com.br/,,https://maps.google.com/?cid=13050014917193987068&g_mp=CiVnb29nbGUubWFwcy5wbGFjZXMudjEuUGxhY2VzLkdldFBsYWNlEAIYBCAA,2026-09-16,,,,sim,não,,
ChIJad5tfa1cMpIRzG4iqpr0yI8,Livraria Leitura Porto Velho,"Av. Rio Madeira, 3288 - Flodoaldo Pontes Pinto, Porto Velho - RO, 76820-408, Brazil",Porto Velho,loja de card game,1,nao,loja,book_store;store;point_of_interest;establishment,4.7,3386,OPERATIONAL,https://leitura.com.br/,,https://maps.google.com/?cid=10360799887882350284&g_mp=CiVnb29nbGUubWFwcy5wbGFjZXMudjEuUGxhY2VzLkdldFBsYWNlEAIYBCAA,2026-09-16,,,,sim,não,,
ChIJs3tUWmt4GZURXTAqKYmY9UM,Bowlerama - Diner & Bowling,"Dentro do Clube Geraldo Santana - Rua Luiz de Camões, 337 - Santo Antônio, Porto Alegre - RS, 90620-150, Brazil",Porto Alegre,clube de jogos de tabuleiro,1,nao,alimentos_bebidas,bowling_alley;cocktail_bar;hamburger_restaurant;sports_complex;sports_activity_location;sports_club;bar;american_restaurant;restaurant;food;association_or_organization;point_of_interest;establishment,4.7,2963,OPERATIONAL,http://www.bowlerama.com.br/,,https://maps.google.com/?cid=4896987884703854685&g_mp=CiVnb29nbGUubWFwcy5wbGFjZXMudjEuUGxhY2VzLkdldFBsYWNlEAIYBCAA,2026-09-16,,,,sim,não,,
ChIJYVdfURsbFgcRF6AYERR6dVg,Kalunga,"Av. Tancredo Neves, 148 Shopping da Bahia - Loja 001 - W1 - Caminho das Árvores, Salvador - BA, 41820-908, Brazil",Salvador,board game;loja de card game,1,nao,loja,point_of_interest;store;establishment,4.4,2957,OPERATIONAL,https://www.kalunga.com.br/lojas/endereco/bahia/13/horario-de-funcionamento/0164,,https://maps.google.com/?cid=6374135074217566231&g_mp=CiVnb29nbGUubWFwcy5wbGFjZXMudjEuUGxhY2VzLkdldFBsYWNlEAIYBCAA,2026-09-16,,,,sim,não,,
ChIJvbx3v38ZbJIRhNniFWkbc0g,Amazon Bowling - Sumaúma Park Shopping (Boliche),"Sumaúma Park Shopping - Av. Noel Nutels, 1762 - Cidade Nova, Manaus - AM, 69095-000, Brazil",Manaus,clube de jogos de tabuleiro,1,nao,alimentos_bebidas,cocktail_bar;spanish_restaurant;sports_complex;sports_activity_location;european_restaurant;sports_club;event_venue;bar;restaurant;food;association_or_organization;point_of_interest;establishment,4.7,2715,OPERATIONAL,https://www.amazonbowling.com.br/,,https://maps.google.com/?cid=5220546531205241220&g_mp=CiVnb29nbGUubWFwcy5wbGFjZXMudjEuUGxhY2VzLkdldFBsYWNlEAIYBCAA,2026-09-16,,,,sim,não,,
ChIJEdYHiiSO9gcRsLO2OAity_8,Leitura,"Av. Daniel de La Touche, 987 - Bequimão, São Luís - MA, 65074-115, Brazil",São Luís,board game;loja de jogos de tabuleiro,1,nao,loja,book_store;store;point_of_interest;establishment,4.6,2421,OPERATIONAL,http://leitura.com/,,https://maps.google.com/?cid=18432016150766728112&g_mp=CiVnb29nbGUubWFwcy5wbGFjZXMudjEuUGxhY2VzLkdldFBsYWNlEAIYBCAA,2026-09-16,,,,sim,não,,
ChIJIZqYx38ZbJIR3IKJjBB6oto,Ri Happy,"Av. Noel Nutels, 1762 - Lj 3113 - 1º PISO - Cidade Nova, Manaus - AM, 69095-000, Brazil",Manaus,loja de jogos de tabuleiro,1,nao,loja,toy_store;store;point_of_interest;establishment,4.5,2393,OPERATIONAL,https://www.rihappy.com.br/,,https://maps.google.com/?cid=15754288657991303900&g_mp=CiVnb29nbGUubWFwcy5wbGFjZXMudjEuUGxhY2VzLkdldFBsYWNlEAIYBCAA,2026-09-16,,,,sim,não,,
ChIJi_f8EZwbbJIRYfbIVXOHPW0,Info Store Grande Circular,"Av. Autaz Mirim, 6100 - São José Operário, Manaus - AM, 69085-000, Brazil",Manaus,loja de card game,1,nao,loja,electronics_store;point_of_interest;store;establishment,4.9,1940,OPERATIONAL,https://www.infostore.com.br/,,https://maps.google.com/?cid=7871596653143717473&g_mp=CiVnb29nbGUubWFwcy5wbGFjZXMudjEuUGxhY2VzLkdldFBsYWNlEAIYBCAA,2026-09-16,,,,sim,não,,
ChIJYVdfURsbFgcRWPhO1JJLzqs,Kalunga Stationery and Computer,"Av. Tancredo Neves, 3133 Shopping - Pernambués, Salvador - BA, 41100-800, Brazil",Salvador,board game;loja de card game,1,nao,loja,store;point_of_interest;establishment,4.4,1847,OPERATIONAL,https://www.kalunga.com.br/lojas/endereco/bahia/13/horario-de-funcionamento/0179,,https://maps.google.com/?cid=12379915519687325784&g_mp=CiVnb29nbGUubWFwcy5wbGFjZXMudjEuUGxhY2VzLkdldFBsYWNlEAIYBCAA,2026-09-16,,,,sim,não,,
ChIJl04-ifFdMpIRyo0TBRDGjgs,Kalunga - Porto Velho,"Av. Rio Madeira, 3288 Shopping - Flodoaldo Pontes Pinto, Porto Velho - RO, 76820-408, Brazil",Porto Velho,loja de card game,1,nao,loja,store;point_of_interest;establishment,4.4,1710,OPERATIONAL,https://www.kalunga.com.br/lojas/endereco/rondonia/23/horario-de-funcionamento/0202,,https://maps.google.com/?cid=832820753217064394&g_mp=CiVnb29nbGUubWFwcy5wbGFjZXMudjEuUGxhY2VzLkdldFBsYWNlEAIYBCAA,2026-09-16,,,,sim,não,,
ChIJcb6iVfr_sgcRGErKGpZqH_A,Ri Happy,"Av. Nevaldo Rocha, 3775 - Piso 2 - Loja 289 - Tirol, Natal - RN, 59015-900, Brazil",Natal,loja de jogos de tabuleiro,1,nao,loja,toy_store;event_venue;store;point_of_interest;establishment,4.4,1671,OPERATIONAL,,,https://maps.google.com/?cid=17302665486307838488&g_mp=CiVnb29nbGUubWFwcy5wbGFjZXMudjEuUGxhY2VzLkdldFBsYWNlEAIYBCAA,2026-09-16,,,,sim,não,,
ChIJlfZ5m9VFAQcR2q4Jz5leh_I,Ri Happy,"Av. Comendador Gustavo Paiva, 5945 - Piso 2 - Cruz das Almas, Maceió - AL, 57038-000, Brazil",Maceió,board game;loja de card game,1,nao,loja,toy_store;store;point_of_interest;establishment,4.5,1483,OPERATIONAL,http://www.rihappy.com.br/,,https://maps.google.com/?cid=17476040893731024602&g_mp=CiVnb29nbGUubWFwcy5wbGFjZXMudjEuUGxhY2VzLkdldFBsYWNlEAIYBCAA,2026-09-16,,,,sim,não,,
ChIJ843zZFWxGgcR54AcOzfbY7g,Kalunga,"Av. Delmiro Gouveia, 400 - Coroa do Meio, Aracaju - SE, 49035-500, Brazil",Aracaju,board game;loja de card game,1,nao,loja,store;point_of_interest;establishment,4.5,1466,OPERATIONAL,https://www.kalunga.com.br/lojas/endereco/sergipe/19/horario-de-funcionamento/0183,,https://maps.google.com/?cid=13286704355934503143&g_mp=CiVnb29nbGUubWFwcy5wbGFjZXMudjEuUGxhY2VzLkdldFBsYWNlEAIYBCAA,2026-09-16,,,,sim,não,,
ChIJRcspZi_2zpQRgrUD3Gommbc,Bazaar of Baghdad,"R. Dr. Gabriel Piza, 463 - Santana, São Paulo - SP, 02036-011, Brazil",São Paulo,loja de RPG,1,nao,loja,toy_store;store;point_of_interest;establishment,4.7,1321,OPERATIONAL,http://www.bazardebagda.com.br/,,https://maps.google.com/?cid=13229647620777162114&g_mp=CiVnb29nbGUubWFwcy5wbGFjZXMudjEuUGxhY2VzLkdldFBsYWNlEAIYBCAA,2026-09-16,,,,sim,não,,
ChIJm3xrq8lcMpIR7DEbz8xF2P0,Socibra,"R. Rafael Vaz e Silva, 3091 - Liberdade, Porto Velho - RO, 76803-870, Brazil",Porto Velho,loja de card game,1,nao,loja,point_of_interest;store;establishment,4.3,1206,OPERATIONAL,https://socibra.com/,,https://maps.google.com/?cid=18291446632515580396&g_mp=CiVnb29nbGUubWFwcy5wbGFjZXMudjEuUGxhY2VzLkdldFBsYWNlEAIYBCAA,2026-09-16,,,,sim,não,,
ChIJqSx3FFPwXpMRtKEEGUlVxv0,Ri Happy Shopping Flamboyant,"Av. Dep. Jamel Cecílio, 3.300 - Piso 1 - Jardim Goiás, Goiânia - GO, 74810-907, Brazil",Goiânia,loja de jogos de tabuleiro,1,nao,loja,toy_store;store;point_of_interest;establishment,4.3,1130,OPERATIONAL,https://www.rihappy.com.br/,,https://maps.google.com/?cid=18286397109425185204&g_mp=CiVnb29nbGUubWFwcy5wbGFjZXMudjEuUGxhY2VzLkdldFBsYWNlEAIYBCAA,2026-09-16,,,,sim,não,,
ChIJlSKV4mXk3JQRuyHdf-UFbuY,Itiban Comics Shop,"Av. Silva Jardim, 845 - Rebouças, Curitiba - PR, 80230-000, Brazil",Curitiba,loja de RPG,1,nao,loja,book_store;store;point_of_interest;establishment,4.8,1050,OPERATIONAL,http://www.itibancomicshop.com.br/,,https://maps.google.com/?cid=16604215359412445627&g_mp=CiVnb29nbGUubWFwcy5wbGFjZXMudjEuUGxhY2VzLkdldFBsYWNlEAIYBCAA,2026-09-16,,,,sim,não,,
ChIJiQh2gaqxnZMRt-OlApHfz38,RI HAPPY PANTANAL,"Avenida Historiador Rubens de Mendonça, 3300 - ESC 206 - Bosque da Saúde, Cuiabá - MT, 78050-000, Brazil",Cuiabá,loja de jogos de tabuleiro,1,nao,loja,toy_store;store;point_of_interest;establishment,4.3,859,OPERATIONAL,http://www.rihappy.com.br/,,https://maps.google.com/?cid=9209825576903631799&g_mp=CiVnb29nbGUubWFwcy5wbGFjZXMudjEuUGxhY2VzLkdldFBsYWNlEAIYBCAA,2026-09-16,,,,sim,não,,
ChIJs_8kBd85AQcRwvacwfAzcvM,Lz,"Rua Radialista Alves correia, 52 - B - Benedito Bentes, Maceió - AL, 57084-648, Brazil",Maceió,loja de RPG,1,nao,loja,electronics_store;store;point_of_interest;service;establishment,4.9,845,OPERATIONAL,,,https://maps.google.com/?cid=17542140607694960322&g_mp=CiVnb29nbGUubWFwcy5wbGFjZXMudjEuUGxhY2VzLkdldFBsYWNlEAIYBCAA,2026-09-16,,,,sim,não,,
ChIJi5zbZadgzpQRIYeuK_eqQio,XPlace,"R. Jordânia, 32 - Vila Guilhermina, São Paulo - SP, 03543-000, Brazil",São Paulo,loja de card game,1,nao,loja,toy_store;store;point_of_interest;establishment,4.7,795,OPERATIONAL,http://www.xplace.com.br/,,https://maps.google.com/?cid=3045184276622378785&g_mp=CiVnb29nbGUubWFwcy5wbGFjZXMudjEuUGxhY2VzLkdldFBsYWNlEAIYBCAA,2026-09-16,,,,sim,sim,,
ChIJq5bsnkRNxwcR4RDMjUeQ5aw,Upar Computadores | PCs de Alta Performance & Exclusividades,"Pátio Arvoredo | - R. Ecilda de Queiroz, 200 - Lj 17 - Parque Dois Irmãos, Fortaleza - CE, 60761-285, Brazil",Fortaleza,board game;loja de card game,1,nao,loja,electronics_store;store;point_of_interest;establishment,4.9,743,OPERATIONAL,https://upargames.com/,,https://maps.google.com/?cid=12458522581186384097&g_mp=CiVnb29nbGUubWFwcy5wbGFjZXMudjEuUGxhY2VzLkdldFBsYWNlEAIYBCAA,2026-09-16,,,,sim,não,,
ChIJF9PByG3drAcRTTFx8ytTL_Q,RI HAPPY MANAÍRA,"S2-041 - Av. Gov. Flávio Ribeiro Coutinho, 220 - Loja S2-040 e - Manaíra, João Pessoa - PB, 58037-900, Brazil",João Pessoa,loja de jogos de tabuleiro,1,nao,loja,toy_store;store;point_of_interest;establishment,4.5,734,OPERATIONAL,http://www.rihappy.com.br/,,https://maps.google.com/?cid=17595373717392798029&g_mp=CiVnb29nbGUubWFwcy5wbGFjZXMudjEuUGxhY2VzLkdldFBsYWNlEAIYBCAA,2026-09-16,,,,sim,não,,
ChIJAdQ97DFJAQcR4CxMsMI5Qe4,Kalunga,"Av. Menino Marcelo, 3800 - Cidade Universitária, Maceió - AL, 57073-470, Brazil",Maceió,board game;loja de card game,1,nao,loja,store;point_of_interest;establishment,4.4,653,OPERATIONAL,https://www.kalunga.com.br/lojas/endereco/alagoas/21/horario-de-funcionamento/0193,,https://maps.google.com/?cid=17168066762857262304&g_mp=CiVnb29nbGUubWFwcy5wbGFjZXMudjEuUGxhY2VzLkdldFBsYWNlEAIYBCAA,2026-09-16,,,,sim,não,,
ChIJYbv1mQDj3JQRqO0bfrEP9p4,Manafix Grading System,"Av. Iguaçu, 1280 - Lj 7 - Rebouças, Curitiba - PR, 80250-190, Brazil",Curitiba,board game;loja de card game,1,nao,loja,toy_store;store;point_of_interest;establishment,4.9,599,OPERATIONAL,https://www.manafix.net/,,https://maps.google.com/?cid=11454359957262822824&g_mp=CiVnb29nbGUubWFwcy5wbGFjZXMudjEuUGxhY2VzLkdldFBsYWNlEAIYBCAA,2026-09-16,,,,sim,não,,
ChIJT4CT4mF3GZURrHdnW8nzVuE,Tutatis Loja de Quadrinhos,"Av. Assis Brasil, 582 - Passo d'Areia, Porto Alegre - RS, 91010-000, Brazil",Porto Alegre,loja de card game,1,nao,loja,book_store;store;point_of_interest;establishment,4.8,535,OPERATIONAL,http://www.lojadequadrinhos.com.br/,,https://maps.google.com/?cid=16237433552678385580&g_mp=CiVnb29nbGUubWFwcy5wbGFjZXMudjEuUGxhY2VzLkdldFBsYWNlEAIYBCAA,2026-09-16,,,,sim,não,,
ChIJC24tQaxFAQcR3D9VwZ1opYA,Blackout Informática e Lan House,"R. Delegado Nataniel Ferreira da Silva, 102 - Poço, Maceió - AL, 57025-030, Brazil",Maceió,loja de card game,1,nao,outro,internet_cafe;service;point_of_interest;establishment,4.9,530,OPERATIONAL,http://bio.site/blackoutt,,https://maps.google.com/?cid=9269930434774777820&g_mp=CiVnb29nbGUubWFwcy5wbGFjZXMudjEuUGxhY2VzLkdldFBsYWNlEAIYBCAA,2026-09-16,,,,sim,não,,
ChIJQ72BFMCNf5ERIZ0dJqpCcvA,LOJÃO DA CHINA,"R. Mal. Deodoro, 170 - Centro, Rio Branco - AC, 69900-068, Brazil",Rio Branco,loja de card game,1,nao,loja,point_of_interest;store;establishment,4.5,505,OPERATIONAL,https://instagram.com/lojaodachinaac?igshid=nf8upo7t952d,lojaodachinaac,https://maps.google.com/?cid=17325984014999067937&g_mp=CiVnb29nbGUubWFwcy5wbGFjZXMudjEuUGxhY2VzLkdldFBsYWNlEAIYBCAA,2026-09-16,,,,sim,não,,
ChIJG1R0tatQzpQRweiB3piW95s,SpellBox,"Rua Tuim, 1038 - Moema, São Paulo - SP, 04514-103, Brazil",São Paulo,loja de card game,1,nao,loja,store;point_of_interest;establishment,4.6,485,OPERATIONAL,http://www.spellbox.com.br/,,https://maps.google.com/?cid=11238616978438613185&g_mp=CiVnb29nbGUubWFwcy5wbGFjZXMudjEuUGxhY2VzLkdldFBsYWNlEAIYBCAA,2026-09-16,,,,sim,inconclusivo,sim,inconclusivo
ChIJ_cdg7SSO9gcRmrBAsjB450A,Ri Happy,"Av. Daniel de La Touche, 987 - Loja 205 - Maranhão Novo, São Luís - MA, 65074-115, Brazil",São Luís,board game;loja de jogos de tabuleiro,1,nao,loja,toy_store;store;point_of_interest;establishment,4.4,484,OPERATIONAL,http://www.rihappy.com.br/,,https://maps.google.com/?cid=4676838888591896730&g_mp=CiVnb29nbGUubWFwcy5wbGFjZXMudjEuUGxhY2VzLkdldFBsYWNlEAIYBCAA,2026-09-16,,,,sim,não,,
ChIJ8QPAEaEFbJIR3WhdsNGCB0E,Importadora MM,"R. dos Andradas, 201 - Centro, Manaus - AM, 69005-180, Brazil",Manaus,board game;loja de card game,1,nao,loja,toy_store;store;service;point_of_interest;establishment,4.5,435,OPERATIONAL,,,https://maps.google.com/?cid=4685857774420977885&g_mp=CiVnb29nbGUubWFwcy5wbGFjZXMudjEuUGxhY2VzLkdldFBsYWNlEAIYBCAA,2026-09-16,,,,sim,não,,
ChIJmSJuo3f4zpQRDHjNYLgkD6E,Mtg Brasil,"Praça Baronesa da Bocaina, 123 - Alto de Pinheiros, São Paulo - SP, 05440-030, Brazil",São Paulo,loja de jogos de tabuleiro,1,nao,loja,store;point_of_interest;establishment,4.5,431,OPERATIONAL,http://www.mtgbrasil.com.br/,,https://maps.google.com/?cid=11605535139073718284&g_mp=CiVnb29nbGUubWFwcy5wbGFjZXMudjEuUGxhY2VzLkdldFBsYWNlEAIYBCAA,2026-09-16,,,,sim,inconclusivo,sim,não
ChIJJ06a0_yN9gcR7wHiG5eLwAs,Djanira Presentes,"Rua do Arame, 13 - Vinhais, São Luís - MA, 65070-820, Brazil",São Luís,loja de jogos de tabuleiro,1,nao,loja,store;point_of_interest;establishment,4.5,331,OPERATIONAL,,,https://maps.google.com/?cid=846830211069772271&g_mp=CiVnb29nbGUubWFwcy5wbGFjZXMudjEuUGxhY2VzLkdldFBsYWNlEAIYBCAA,2026-09-16,,,,sim,não,,
ChIJDXFDTH5FAQcRQj00dGQCNyo,Atacadão Boa Vista,"R. Boa Vista, 243 - Centro, Maceió - AL, 57020-110, Brazil",Maceió,loja de card game,1,nao,loja,toy_store;home_goods_store;service;point_of_interest;store;establishment,4.5,304,OPERATIONAL,,,https://maps.google.com/?cid=3041902703781625154&g_mp=CiVnb29nbGUubWFwcy5wbGFjZXMudjEuUGxhY2VzLkdldFBsYWNlEAIYBCAA,2026-09-16,,,,sim,não,,
ChIJxUg67XIbFgcRkdXB_4Z9tuA,Brinkarr,"Alameda Euvaldo Luz - Horto Bela Vista, Salvador - BA SHOPPPING BELA VISTA - LOJA 56.1 - Bela Vista, Salvador - BA, 41098-020, Brazil",Boa Vista;Salvador,board game;loja de card game,1,nao,loja,toy_store;store;point_of_interest;establishment,5,304,OPERATIONAL,,,https://maps.google.com/?cid=16192267529027179921&g_mp=CiVnb29nbGUubWFwcy5wbGFjZXMudjEuUGxhY2VzLkdldFBsYWNlEAIYBCAA,2026-09-16,,,,sim,não,,
ChIJL2fZgtjprAcRT_93T9zIO_g,GeoMatrix,"Av. Gen. Osório, 200 - Centro, João Pessoa - PB, 58010-780, Brazil",João Pessoa,loja de card game,1,nao,loja,store;point_of_interest;establishment,4.1,268,OPERATIONAL,http://www.bombapatch.com.br/,,https://maps.google.com/?cid=17887111193583681359&g_mp=CiVnb29nbGUubWFwcy5wbGFjZXMudjEuUGxhY2VzLkdldFBsYWNlEAIYBCAA,2026-09-16,,,,sim,não,,
ChIJKy8Z1LgYqwcRbOLwDj1qVfY,Bakamoon Comic Store,"Av. Conde da Boa Vista, 50 - Boa Vista, Recife - PE, 50060-001, Brazil",Recife,board game;loja de RPG,1,nao,loja,book_store;store;point_of_interest;establishment,4.8,244,OPERATIONAL,https://www.facebook.com/bakamoonloja,,https://maps.google.com/?cid=17750210316826894956&g_mp=CiVnb29nbGUubWFwcy5wbGFjZXMudjEuUGxhY2VzLkdldFBsYWNlEAIYBCAA,2026-09-16,,,,sim,não,,
ChIJjwkSmKCzGgcRqkbyspDe4IE,Hitech Arena,"Av. Jorge Amado, 1116 - Lj 03 - Jardins, Aracaju - SE, 49025-330, Brazil",Aracaju,loja de RPG,1,nao,loja,electronics_store;point_of_interest;store;establishment,4.8,244,OPERATIONAL,https://www.hitecharena.com.br/,,https://maps.google.com/?cid=9358724738734769834&g_mp=CiVnb29nbGUubWFwcy5wbGFjZXMudjEuUGxhY2VzLkdldFBsYWNlEAIYBCAA,2026-09-16,,,,sim,não,,
ChIJv6qaRmazGgcRMXt_42QsQRM,Paraiba,"mercado Virgínia leite franco - R. João Pessoa - Centro, Aracaju - SE, 49010-130, Brazil",Aracaju,loja de card game,1,nao,loja,store;point_of_interest;establishment,3.3,244,OPERATIONAL,,,https://maps.google.com/?cid=1387438972031957809&g_mp=CiVnb29nbGUubWFwcy5wbGFjZXMudjEuUGxhY2VzLkdldFBsYWNlEAIYBCAA,2026-09-16,,,,sim,não,,
ChIJL4mbQcBFAQcRtJiMU33FNL0,Kalunga - Parque Shopping Maceió,"Av. Comendador Gustavo Paiva, 5.945 Parque Shopping - Cruz das Almas, Maceió - AL, 57038-000, Brazil",Maceió,board game;loja de card game,1,nao,loja,store;point_of_interest;establishment,4.5,242,OPERATIONAL,https://www.kalunga.com.br/lojas/endereco/alagoas/21/horario-de-funcionamento/0214,,https://maps.google.com/?cid=13633739114020640948&g_mp=CiVnb29nbGUubWFwcy5wbGFjZXMudjEuUGxhY2VzLkdldFBsYWNlEAIYBCAA,2026-09-16,,,,sim,não,,
ChIJe9btJaFZzpQRAGxgBZnQ7LA,Shinozaki,"R. Galvão Bueno, 40 - Lj 233 - Liberdade, São Paulo - SP, 01506-000, Brazil",São Paulo,loja de RPG,1,nao,loja,toy_store;store;point_of_interest;establishment,4.3,236,OPERATIONAL,https://www.shinozakistore.com.br/,,https://maps.google.com/?cid=12748794000817810432&g_mp=CiVnb29nbGUubWFwcy5wbGFjZXMudjEuUGxhY2VzLkdldFBsYWNlEAIYBCAA,2026-09-16,,,,sim,não,,
ChIJF0HFVSSxGgcR8Iy5V5cSgyc,Pbkids,"Av. Delmiro Gouveia, 400 - 2° PISO LJ 254/55/56 - Coroa do Meio, Aracaju - SE, 49035-900, Brazil",Aracaju,board game;loja de card game,1,nao,loja,toy_store;store;point_of_interest;establishment,4.4,212,OPERATIONAL,https://www.pbkids.com.br/,,https://maps.google.com/?cid=2847139830649425136&g_mp=CiVnb29nbGUubWFwcy5wbGFjZXMudjEuUGxhY2VzLkdldFBsYWNlEAIYBCAA,2026-09-16,,,,sim,não,,
ChIJORJxE81ZzpQRNp35MpSMmYM,Dragon Toys,"R. Augusta, 1524 - loja 34 - Consolação, São Paulo - SP, 01304-001, Brazil",São Paulo,loja de card game,1,nao,loja,store;point_of_interest;establishment,4.8,202,OPERATIONAL,http://www.dragontoys.com.br/,,https://maps.google.com/?cid=9482765058543557942&g_mp=CiVnb29nbGUubWFwcy5wbGFjZXMudjEuUGxhY2VzLkdldFBsYWNlEAIYBCAA,2026-09-16,,,,sim,não,,
ChIJnXTWOm1bMpIR8PKv-GyPKeI,JR Gráfica Rápida e Copiadora,"R. Plácido de Castro, 7522 - Juscelino Kubitschek, Porto Velho - RO, 76829-386, Brazil",Porto Velho,loja de card game,1,nao,loja,consultant;service;manufacturer;point_of_interest;store;establishment,4.8,198,OPERATIONAL,https://i9ei.com.br/portoprintgrafica,,https://maps.google.com/?cid=16296714424808370928&g_mp=CiVnb29nbGUubWFwcy5wbGFjZXMudjEuUGxhY2VzLkdldFBsYWNlEAIYBCAA,2026-09-16,,,,sim,não,,
ChIJcX0lfMqZpgARuKbpRaIZPtI,GOAT Gaming Center - Savassi,"R. Tomé de Souza, 810 - Savassi, Belo Horizonte - MG, 30140-131, Brazil",Belo Horizonte,loja de card game,1,nao,loja,store;point_of_interest;establishment,4.7,196,OPERATIONAL,https://goatgc.com.br/,,https://maps.google.com/?cid=15149574381269264056&g_mp=CiVnb29nbGUubWFwcy5wbGFjZXMudjEuUGxhY2VzLkdldFBsYWNlEAIYBCAA,2026-09-16,,,,sim,não,,
ChIJlRLzrLgEFgcRpiceTD5Zevw,RGR Distribuidora,"R. Boa Vista de Brotas, 7 - Boa Vista de Brotas, Salvador - BA, 40240-340, Brazil",Boa Vista;Salvador,loja de card game,1,nao,loja,toy_store;store;point_of_interest;establishment,3.5,181,OPERATIONAL,http://www.rgrdistribuidora.com.br/,,https://maps.google.com/?cid=18192951768816428966&g_mp=CiVnb29nbGUubWFwcy5wbGFjZXMudjEuUGxhY2VzLkdldFBsYWNlEAIYBCAA,2026-09-16,,,,sim,não,,
ChIJzX1WHgCzGgcRBlcpf2oa-LM,Kalunga,"Av. Ministro Geraldo Barreto Sobral, 215 - Jardins, Aracaju - SE, 49026-010, Brazil",Aracaju,loja de card game,1,nao,loja,store;point_of_interest;establishment,4.3,167,OPERATIONAL,https://www.kalunga.com.br/lojas/endereco/sergipe/19/horario-de-funcionamento/0232,,https://maps.google.com/?cid=12968144171715614470&g_mp=CiVnb29nbGUubWFwcy5wbGFjZXMudjEuUGxhY2VzLkdldFBsYWNlEAIYBCAA,2026-09-16,,,,sim,não,,
ChIJGz4yXgmR9gcRSJSFrE6y3Sk,"LOJAS WIKI - PC’s, notebook’s e celulares","Av. Jerônimo de Albuquerque, 02 - COHAB Anil I, São Luís - MA, 65050-175, Brazil",São Luís,loja de RPG,1,nao,loja,electronics_store;store;point_of_interest;service;establishment,4.2,148,OPERATIONAL,https://www.lojaswiki.com.br/,,https://maps.google.com/?cid=3016763376379728968&g_mp=CiVnb29nbGUubWFwcy5wbGFjZXMudjEuUGxhY2VzLkdldFBsYWNlEAIYBCAA,2026-09-16,,,,sim,não,,
ChIJNZfKyBPpS4oRojZ7L2_fa0Q,DOFAC Informática,"Av. Praia de Ponta Negra, 9175 - Ponta Negra, Natal - RN, 59092-100, Brazil",Natal,loja de card game,1,nao,loja,store;service;point_of_interest;establishment,4.9,148,OPERATIONAL,https://www.dofacinformatica.com.br/,,https://maps.google.com/?cid=4930279885718107810&g_mp=CiVnb29nbGUubWFwcy5wbGFjZXMudjEuUGxhY2VzLkdldFBsYWNlEAIYBCAA,2026-09-16,,,,sim,não,,
ChIJuXaHIdPl3JQRVmUY3vFFg0M,tcgBR,"Av. da República, 6464 - Guaíra, Curitiba - PR, 80630-060, Brazil",Curitiba,loja de card game,1,nao,loja,toy_store;store;point_of_interest;establishment,5,147,OPERATIONAL,https://tcgbr.com/,,https://maps.google.com/?cid=4864808927605843286&g_mp=CiVnb29nbGUubWFwcy5wbGFjZXMudjEuUGxhY2VzLkdldFBsYWNlEAIYBCAA,2026-09-16,,,,sim,não,,
ChIJdbHA1mzk3JQR6og5NL_0zss,Clube de Xadrez de Curitiba,"R. XV de Novembro, 266 - 9º andar - Centro, Curitiba - PR, 80020-919, Brazil",Curitiba,clube de jogos de tabuleiro,1,nao,outro,cultural_center;point_of_interest;association_or_organization;establishment,4.8,141,OPERATIONAL,http://www.cxc.org.br/,,https://maps.google.com/?cid=14685944536953882858&g_mp=CiVnb29nbGUubWFwcy5wbGFjZXMudjEuUGxhY2VzLkdldFBsYWNlEAIYBCAA,2026-09-16,,,,sim,não,,
ChIJDUvadU23GgcROX0k2cKyDpg,MUNDO DOS ACESSORIOS,"FEIRA DO TURISTA - Av. Santos Dumont, 1813 - PRIMEIRA LOJA ENTRADA LJ-55 - Atalaia, Aracaju - SE, 49035-785, Brazil",Aracaju,loja de card game,1,nao,loja,cell_phone_store;toy_store;consultant;service;health;point_of_interest;store;establishment,4.9,136,OPERATIONAL,http://bit.ly/Whatsapplojamacessorios,,https://maps.google.com/?cid=10956891493375442233&g_mp=CiVnb29nbGUubWFwcy5wbGFjZXMudjEuUGxhY2VzLkdldFBsYWNlEAIYBCAA,2026-09-16,,,,sim,não,,
ChIJm3tSIRcbFgcR-kMvtfMhgPA,Brinkarr Shopping Paseo,"RUA RUBENS GUELLI, 0013 SHOPPING PASEO ITAIGARA - LOJA 0131 - Itaigara, Salvador - BA, 41815-135, Brazil",Salvador,loja de card game,1,nao,loja,toy_store;store;point_of_interest;establishment,5,121,OPERATIONAL,,,https://maps.google.com/?cid=17329888696722211834&g_mp=CiVnb29nbGUubWFwcy5wbGFjZXMudjEuUGxhY2VzLkdldFBsYWNlEAIYBCAA,2026-09-16,,,,sim,não,,
ChIJ5ytVcmFcMpIRaaN80JSj0JM,Neo Zeen Cyber Lan,"R. Três e Meio, 2341 - Cohab, Porto Velho - RO, 76806-170, Brazil",Porto Velho,loja de card game,1,nao,loja,electronics_store;store;point_of_interest;establishment,4.7,118,OPERATIONAL,,,https://maps.google.com/?cid=10651192978279539561&g_mp=CiVnb29nbGUubWFwcy5wbGFjZXMudjEuUGxhY2VzLkdldFBsYWNlEAIYBCAA,2026-09-16,,,,sim,não,,
ChIJJ94z1ekFFgcR-Ew-PNxjByM,Inova Distribuidora,"Praça Barão do Rio Branco, 4 - Barris, Salvador - BA, 40070-045, Brazil",Rio Branco,loja de card game,1,nao,loja,electronics_store;store;point_of_interest;establishment,4.4,116,OPERATIONAL,https://www.instagram.com/inova_distribuidora_/,inova_distribuidora_,https://maps.google.com/?cid=2524095913719123192&g_mp=CiVnb29nbGUubWFwcy5wbGFjZXMudjEuUGxhY2VzLkdldFBsYWNlEAIYBCAA,2026-09-16,,,,sim,não,,
ChIJb4eJJP1bzpQRx71OQ_oLMGA,Dream Up TCG,"Rua Loefgren, 927 - Vila Mariana, São Paulo - SP, 04040-030, Brazil",São Paulo,loja de card game,1,nao,loja,toy_store;store;point_of_interest;establishment,4.8,114,OPERATIONAL,https://www.dreamuptcg.com.br/,,https://maps.google.com/?cid=6931052996022156743&g_mp=CiVnb29nbGUubWFwcy5wbGFjZXMudjEuUGxhY2VzLkdldFBsYWNlEAIYBCAA,2026-09-16,,,,sim,não,,
ChIJk2cz0P6ZpgARHSBEfc5JVdg,Pokémon-BH,"Av. Oiapoque, 156 - BOX 206/207/360/361 - Centro, Belo Horizonte - MG, 30111-070, Brazil",Belo Horizonte,loja de card game,1,nao,loja,electronics_store;store;point_of_interest;establishment,3.9,114,OPERATIONAL,,,https://maps.google.com/?cid=15588446836426547229&g_mp=CiVnb29nbGUubWFwcy5wbGFjZXMudjEuUGxhY2VzLkdldFBsYWNlEAIYBCAA,2026-09-16,,,,sim,não,,
ChIJS57f-D8AswcRNeYmMDROVdw,PC ML,"Tv. Camaragibe, 196 - Mãe Luíza, Natal - RN, 59014-225, Brazil",Natal,loja de card game,1,nao,loja,electronics_store;store;point_of_interest;establishment,4.8,92,OPERATIONAL,https://www.facebook.com/pcmlinfor,,https://maps.google.com/?cid=15876682047417673269&g_mp=CiVnb29nbGUubWFwcy5wbGFjZXMudjEuUGxhY2VzLkdldFBsYWNlEAIYBCAA,2026-09-16,,,,sim,não,,
ChIJxfqodPGzGgcRZ35wqWitP04,Conecte Tudo,"riomar shopping - Av. Delmiro Gouveia, 400 - loja 150 - Coroa do Meio, Aracaju - SE, 49035-500, Brazil",Aracaju,board game;loja de card game,1,nao,loja,electronics_store;store;point_of_interest;establishment,4.1,91,OPERATIONAL,http://www.conectetudoinformatica.com/,,https://maps.google.com/?cid=5638415923522076263&g_mp=CiVnb29nbGUubWFwcy5wbGFjZXMudjEuUGxhY2VzLkdldFBsYWNlEAIYBCAA,2026-09-16,,,,sim,não,,
ChIJ7V4PGvOPpJIRdHptSa-eYUM,QG Nemesis,"R. Carlos Gomes, 138 - Lj 1 - Campina, Belém - PA, 66017-080, Brazil",Belém,loja de card game,1,nao,loja,internet_cafe;service;point_of_interest;store;establishment,4.7,81,OPERATIONAL,,,https://maps.google.com/?cid=4855336348970482292&g_mp=CiVnb29nbGUubWFwcy5wbGFjZXMudjEuUGxhY2VzLkdldFBsYWNlEAIYBCAA,2026-09-16,,,,sim,não,,
ChIJGcYBKD9bMpIRKkPHoF1DamA,"Creative Lan House, Gráfica Rápida, Personalizados, Copiadora, Porto Impressos","R. Alexandre Guimarães, 8150 - Tancredo Neves, Porto Velho - RO, 76805-846, Brazil",Porto Velho,loja de card game,1,nao,loja,internet_cafe;electronics_store;store;service;point_of_interest;establishment,4.6,81,OPERATIONAL,,,https://maps.google.com/?cid=6947439444580844330&g_mp=CiVnb29nbGUubWFwcy5wbGFjZXMudjEuUGxhY2VzLkdldFBsYWNlEAIYBCAA,2026-09-16,,,,sim,não,,
ChIJZ3iFPVmDmQARXFklBGwdbKk,Tholarian,"R. João de Deus Freitas, 37 - loja1 - Barreto, Niterói - RJ, 24110-216, Brazil",Rio de Janeiro,loja de jogos de tabuleiro,1,nao,loja,toy_store;point_of_interest;store;establishment,4.8,67,OPERATIONAL,,,https://maps.google.com/?cid=12208165039657802076&g_mp=CiVnb29nbGUubWFwcy5wbGFjZXMudjEuUGxhY2VzLkdldFBsYWNlEAIYBCAA,2026-09-16,,,,sim,não,,
ChIJkVYmMsr1k5QR0TGqAKCrN7g,Geex Hobby Store,"R. Barão do Rio Branco, 1252 - Vila do Estadio, Pres. Prudente - SP, 19015-120, Brazil",Rio Branco,loja de card game,1,nao,loja,store;point_of_interest;establishment,4,66,OPERATIONAL,https://www.geexhobbystore.com.br/,,https://maps.google.com/?cid=13274267130392097233&g_mp=CiVnb29nbGUubWFwcy5wbGFjZXMudjEuUGxhY2VzLkdldFBsYWNlEAIYBCAA,2026-09-16,,,,sim,não,,
ChIJAQDcKpyzGgcRN1_G4Z0SAKU,A Fusao,"R. José Freire, 548 - Salgado Filho, Aracaju - SE, 49020-410, Brazil",Aracaju,loja de card game,1,nao,outro,point_of_interest;association_or_organization;establishment,4.8,61,OPERATIONAL,,,https://maps.google.com/?cid=11889523485565148983&g_mp=CiVnb29nbGUubWFwcy5wbGFjZXMudjEuUGxhY2VzLkdldFBsYWNlEAIYBCAA,2026-09-16,,,,sim,não,,
ChIJT3Ud_BThYY0RDxgj9z24HY8,Reabilitare Fisioterapia Especializada,"Av. Fab, 2557 - Santa Rita, Macapá - AP, 68901-259, Brazil",Macapá,loja de RPG,1,nao,outro,chiropractor;medical_clinic;point_of_interest;health;establishment,4.9,61,OPERATIONAL,https://www.fisioreabilitare.com/,,https://maps.google.com/?cid=10312601298027091983&g_mp=CiVnb29nbGUubWFwcy5wbGFjZXMudjEuUGxhY2VzLkdldFBsYWNlEAIYBCAA,2026-09-16,,,,sim,não,,
ChIJcR7EocRcMpIR7yRsYSrJHSY,MEA SOLUCOES EM INFORMATICA & CELULARES,"R. Joaquim Nabuco, 2159 - Centro, Porto Velho - RO, 76801-101, Brazil",Porto Velho,loja de card game,1,nao,loja,cell_phone_store;electronics_store;manufacturer;supplier;store;service;point_of_interest;establishment,4.4,57,OPERATIONAL,,,https://maps.google.com/?cid=2746572531626157295&g_mp=CiVnb29nbGUubWFwcy5wbGFjZXMudjEuUGxhY2VzLkdldFBsYWNlEAIYBCAA,2026-09-16,,,,sim,não,,
ChIJq6p-rQh5GZUR7QzURRGwfwA,Dream Halls (Shandalar),"Rua Garibaldi, 770 - Independência, Porto Alegre - RS, 90035-051, Brazil",Porto Alegre,board game;loja de card game,1,nao,loja,store;point_of_interest;establishment,4.7,54,OPERATIONAL,https://www.shandalar.com.br/?view=ecom/contato,,https://maps.google.com/?cid=35940910274710765&g_mp=CiVnb29nbGUubWFwcy5wbGFjZXMudjEuUGxhY2VzLkdldFBsYWNlEAIYBCAA,2026-09-16,,,,sim,inconclusivo,sim,não
ChIJNX-kYeLl3JQRMPKjRM5duAg,Gladiators TCG,"Av. Visc. de Guarapuava, 2966 - Centro, Curitiba - PR, 80010-100, Brazil",Curitiba,board game;loja de card game,1,nao,loja,toy_store;store;point_of_interest;establishment,4.7,51,OPERATIONAL,http://www.gladiatorstcg.com.br/,,https://maps.google.com/?cid=628355288514425392&g_mp=CiVnb29nbGUubWFwcy5wbGFjZXMudjEuUGxhY2VzLkdldFBsYWNlEAIYBCAA,2026-09-16,,,,sim,inconclusivo,sim,não
ChIJdc9EPmmNf5ERNz1jV9lDnJw,Brincando com Nelinha,"R. São Pedro, 113 - Sobral, Rio Branco - AC, 69911-180, Brazil",Rio Branco,board game;loja de card game,1,nao,loja,toy_store;store;point_of_interest;establishment,4.9,45,OPERATIONAL,https://www.brincandocomnelinha.com.br/,,https://maps.google.com/?cid=11284969367036706103&g_mp=CiVnb29nbGUubWFwcy5wbGFjZXMudjEuUGxhY2VzLkdldFBsYWNlEAIYBCAA,2026-09-16,,,,sim,não,,
ChIJaX8_A5-RpgARjGibZKdZR1I,Stop TCG,"R. Guarda Custódio, 618B - Ouro Preto, Belo Horizonte - MG, 31310-140, Brazil",Belo Horizonte,loja de card game,1,nao,loja,toy_store;store;point_of_interest;establishment,4.9,44,OPERATIONAL,https://stoptcg.com.br/,,https://maps.google.com/?cid=5928806009938864268&g_mp=CiVnb29nbGUubWFwcy5wbGFjZXMudjEuUGxhY2VzLkdldFBsYWNlEAIYBCAA,2026-09-16,,,,sim,não,,
ChIJbewKFIc5jgcRFh0x1jlZ4XQ,Viva - Physiotherapy Clinic,"R. Sen. Joaquim Píres, 1617 - Ininga, Teresina - PI, 64049-590, Brazil",Teresina,loja de RPG,1,nao,outro,sports_school;sports_complex;gym;medical_clinic;sports_activity_location;health;point_of_interest;establishment,5,44,OPERATIONAL,https://vivafisioterapia.com.br/,,https://maps.google.com/?cid=8422110883101089046&g_mp=CiVnb29nbGUubWFwcy5wbGFjZXMudjEuUGxhY2VzLkdldFBsYWNlEAIYBCAA,2026-09-16,,,,sim,não,,
ChIJVQecU2vjmwARwo0mrICHMHo,Zard Point,"R. Vítor Alves, 1091 - Campo Grande, Rio de Janeiro - RJ, 23080-181, Brazil",Rio de Janeiro,loja de card game,1,nao,loja,store;point_of_interest;establishment,4.9,41,OPERATIONAL,https://www.zardpoint.com.br/,,https://maps.google.com/?cid=8804686258223091138&g_mp=CiVnb29nbGUubWFwcy5wbGFjZXMudjEuUGxhY2VzLkdldFBsYWNlEAIYBCAA,2026-09-16,,,,sim,não,,
ChIJiYLfumbnhpQRqg6aAt4c8OM,Selma Collections & Miniaturas,"Rua 14 de Julho, 3351 - Lj 03 e 04 - Centro, Campo Grande - MS, 79002-333, Brazil",Campo Grande,loja de card game,1,nao,loja,store;point_of_interest;establishment,5,41,OPERATIONAL,https://www.instagram.com/p/B-oNgX6BVcu/?utm_source=ig_web_copy_link,,https://maps.google.com/?cid=16424659580872167082&g_mp=CiVnb29nbGUubWFwcy5wbGFjZXMudjEuUGxhY2VzLkdldFBsYWNlEAIYBCAA,2026-09-16,,,,sim,não,,
ChIJn2pa3cIaFgcRGS4Vz8uBFw4,Aquarios,"R. Cruz das Almas, 23 - 1°ANDAR - Resgate, Salvador - BA, 41152-070, Brazil",Salvador,loja de card game,1,nao,loja,store;point_of_interest;establishment,4.2,40,OPERATIONAL,,,https://maps.google.com/?cid=1015422953347952153&g_mp=CiVnb29nbGUubWFwcy5wbGFjZXMudjEuUGxhY2VzLkdldFBsYWNlEAIYBCAA,2026-09-16,,,,sim,não,,
ChIJ2REefzUXuAAR4zpTvPrWZhw,Tecmania Vitória,"ao lado do ze coxinha - Av. Américo Buaiz, 415 - Segundo piso - Enseada do Suá, Vitória - ES, 29050-902, Brazil",Vitória,loja de card game,1,nao,loja,toy_store;electronics_store;store;point_of_interest;establishment,4.7,38,OPERATIONAL,,,https://maps.google.com/?cid=2046559453076208355&g_mp=CiVnb29nbGUubWFwcy5wbGFjZXMudjEuUGxhY2VzLkdldFBsYWNlEAIYBCAA,2026-09-16,,,,sim,não,,
ChIJiU-vagARbJIRQhVHdRE-XRg,Lunar,"R. Visc. de Pôrto Seguro, 575 - Pq Das Laranjeiras, Manaus - AM, 69058-090, Brazil",Manaus,board game;loja de card game,1,nao,loja,internet_cafe;electronics_store;store;service;point_of_interest;establishment,5,38,OPERATIONAL,https://www.instagram.com/arenalojalunar/?igsh=MWFmcWllMjdqaWo3OQ%3D%3D,arenalojalunar,https://maps.google.com/?cid=1755627674447320386&g_mp=CiVnb29nbGUubWFwcy5wbGFjZXMudjEuUGxhY2VzLkdldFBsYWNlEAIYBCAA,2026-09-16,,,,sim,não,,
ChIJwwHtMgCR9gcRuCpWJwT7MnM,Top Deck SLZ,"Cohama, São Luís - MA, 65070-290, Brazil",São Luís,board game;loja de card game,1,nao,loja,toy_store;point_of_interest;store;establishment,5,38,OPERATIONAL,https://www.instagram.com/topdeckslz?igsh=OG5xajV0YXFhOGoz,topdeckslz,https://maps.google.com/?cid=8300973058455644856&g_mp=CiVnb29nbGUubWFwcy5wbGFjZXMudjEuUGxhY2VzLkdldFBsYWNlEAIYBCAA,2026-09-16,,,,sim,inconclusivo,sim,não
ChIJKSMtNMPDrAcRdMFmLF0FKYA,Toca Presentes,"Av. Min. José Américo de Almeida, 954 - Torre, João Pessoa - PB, 58040-300, Brazil",João Pessoa,board game;loja de card game,1,nao,loja,toy_store;store;point_of_interest;establishment,4.6,36,OPERATIONAL,https://tocadospresentes.com.br/,,https://maps.google.com/?cid=9234918408634941812&g_mp=CiVnb29nbGUubWFwcy5wbGFjZXMudjEuUGxhY2VzLkdldFBsYWNlEAIYBCAA,2026-09-16,,,,sim,não,,
ChIJwQMnTB0fqwcR0HnwKiEoY7Q,SpellGuard,"R. Padre Bernadino Pessoa, 748 - Sl 201 - Boa Viagem, Recife - PE, 51020-210, Brazil",Recife,loja de card game,1,nao,loja,toy_store;point_of_interest;store;establishment,4.9,36,OPERATIONAL,https://www.spellguard.shop/,,https://maps.google.com/?cid=12998277072440818128&g_mp=CiVnb29nbGUubWFwcy5wbGFjZXMudjEuUGxhY2VzLkdldFBsYWNlEAIYBCAA,2026-09-16,,,,sim,não,,
ChIJe4XkImBdMpIRdQX8B7uXZuQ,CAMELÔ DO HULK ACESSÓRIOS,"R. Floriano Peixoto, 785 - Centro, Porto Velho - RO, 76801-070, Brazil",Porto Velho,loja de card game,1,nao,loja,store;point_of_interest;establishment,4.7,34,OPERATIONAL,,,https://maps.google.com/?cid=16458008717820691829&g_mp=CiVnb29nbGUubWFwcy5wbGFjZXMudjEuUGxhY2VzLkdldFBsYWNlEAIYBCAA,2026-09-16,,,,sim,não,,
ChIJnWWlmeDnrAcRPdxL9fD1e7o,Messo Mix Eletrônicos e Importados,"Av. Dois de Fevereiro, 1030 - Varjão, João Pessoa - PB, 58070-000, Brazil",João Pessoa,board game;loja de card game,1,nao,loja,store;point_of_interest;establishment,4.5,34,OPERATIONAL,,,https://maps.google.com/?cid=13437604328446352445&g_mp=CiVnb29nbGUubWFwcy5wbGFjZXMudjEuUGxhY2VzLkdldFBsYWNlEAIYBCAA,2026-09-16,,,,sim,não,,
ChIJobf5VwA7WpMR0thbS61BFqc,Master Gaming Point,"SHCS CRS 504 - Asa Sul, Brasília - DF, 70331-550, Brazil",Brasília,loja de card game,1,nao,loja,store;point_of_interest;establishment,4.6,34,OPERATIONAL,https://www.mastertrades.com.br/,,https://maps.google.com/?cid=12039882866371057874&g_mp=CiVnb29nbGUubWFwcy5wbGFjZXMudjEuUGxhY2VzLkdldFBsYWNlEAIYBCAA,2026-09-16,,,,sim,inconclusivo,sim,inconclusivo
ChIJnf2GyXrLJJMR5OUqKr8Paoo,Clinica Equilibrium de Fisioterapia,"206 Sul (ARSE 22 - Alameda 10, Lote 10 - Esq. Alameda 9 - Plano Diretor Sul, Palmas - TO, 77020-526, Brazil",Palmas,loja de RPG,1,nao,outro,sports_school;sports_complex;gym;medical_clinic;sports_activity_location;health;point_of_interest;establishment,5,32,OPERATIONAL,https://www.instagram.com/equilibriumpalmas/?hl=pt-br,equilibriumpalmas,https://maps.google.com/?cid=9973801638486009316&g_mp=CiVnb29nbGUubWFwcy5wbGFjZXMudjEuUGxhY2VzLkdldFBsYWNlEAIYBCAA,2026-09-16,,,,sim,não,,
ChIJUcYeDRsFFgcRVSOtXbOWlDA,Arena CWG,"CWG Store - Rua Arthur de Azevêdo Machado, 497 - 1º Andar - Costa Azul, Salvador - BA, 41760-000, Brazil",Salvador,loja de card game,1,nao,outro,event_venue;point_of_interest;establishment,5,30,OPERATIONAL,https://www.arenacwg.com/,,https://maps.google.com/?cid=3500588507488658261&g_mp=CiVnb29nbGUubWFwcy5wbGFjZXMudjEuUGxhY2VzLkdldFBsYWNlEAIYBCAA,2026-09-16,,,,sim,inconclusivo,sim,não
ChIJeXUX0GkFFgcRRW31KrJ6cgk,aMai,"Tropical Center - R. Raul Leite, 279 - Shopping - Vila Laura, Salvador - BA, 40270-180, Brazil",Salvador,board game;loja de card game,1,nao,loja,toy_store;store;point_of_interest;establishment,4.9,29,OPERATIONAL,,,https://maps.google.com/?cid=680741399329860933&g_mp=CiVnb29nbGUubWFwcy5wbGFjZXMudjEuUGxhY2VzLkdldFBsYWNlEAIYBCAA,2026-09-16,,,,sim,não,,
ChIJqZVYvf3l3JQR3-qY-A9Eor4,ELKUBO TCG,"R. Des. Westphalen, 1108 - Centro, Curitiba - PR, 80010-010, Brazil",Curitiba,loja de card game,1,nao,loja,store;point_of_interest;establishment,4.9,28,OPERATIONAL,http://www.elkubotcg.com.br/,,https://maps.google.com/?cid=13736616648819403487&g_mp=CiVnb29nbGUubWFwcy5wbGFjZXMudjEuUGxhY2VzLkdldFBsYWNlEAIYBCAA,2026-09-16,,,,sim,não,,
ChIJ5RFkSY47WpMRCG6WKccnLKU,Smash n' Play,"SHCN CLN 103 BL B loja 62 - Asa Norte, Brasília - DF, 70732-520, Brazil",Brasília,board game;loja de card game,1,nao,loja,store;point_of_interest;establishment,4.6,27,OPERATIONAL,https://www.smashplay.com.br/,,https://maps.google.com/?cid=11901931651583077896&g_mp=CiVnb29nbGUubWFwcy5wbGFjZXMudjEuUGxhY2VzLkdldFBsYWNlEAIYBCAA,2026-09-16,,,,não,,não,
ChIJO7ePgVvzXpMRwnd9y7O_-Yc,Orgos Miniaturas,"R. Vinícius de Morais, Qd 15 - Lt 14 - Res. LIMOEIRO, Goianira - GO, 75368-149, Brazil",Goiânia,loja de RPG,1,nao,loja,toy_store;store;point_of_interest;establishment,5,27,OPERATIONAL,http://orgosminiaturas.com/,,https://maps.google.com/?cid=9798073243255273410&g_mp=CiVnb29nbGUubWFwcy5wbGFjZXMudjEuUGxhY2VzLkdldFBsYWNlEAIYBCAA,2026-09-16,,,,sim,não,,
ChIJgVx_m4mxnZMRXou3icQTe48,Clínica FITS,"R. Alm. Pedro Álvares Cabral, 181 - Jardim Cuiaba, Cuiabá - MT, 78043-210, Brazil",Cuiabá,loja de RPG,1,nao,outro,physiotherapist;medical_clinic;health;point_of_interest;establishment,5,23,OPERATIONAL,https://www.facebook.com/clinicafits/,,https://maps.google.com/?cid=10338879104404130654&g_mp=CiVnb29nbGUubWFwcy5wbGFjZXMudjEuUGxhY2VzLkdldFBsYWNlEAIYBCAA,2026-09-16,,,,sim,não,,
ChIJO4YACEqNf5ERKIsRlaX-8-M,Acre Importações,"R. Quintino Bocaiuva, 1621 - Bosque, Rio Branco - AC, 69900-070 - Bosque, Rio Branco - AC, 69900-526, Brazil",Rio Branco,loja de card game,1,nao,loja,cell_phone_store;store;point_of_interest;establishment,5,21,OPERATIONAL,,,https://maps.google.com/?cid=16425752253074344744&g_mp=CiVnb29nbGUubWFwcy5wbGFjZXMudjEuUGxhY2VzLkdldFBsYWNlEAIYBCAA,2026-09-16,,,,sim,não,,
ChIJd2aN_Y-bpgARdRZf1OnJQKE,Prisma Collections | Funko Pop! | Anime Figure | Action Figure | Carta Pokémon em Belo Horizonte,"R. Coelho de Souza, 165 - Santo Agostinho, Belo Horizonte - MG, 30170-030, Brazil",Belo Horizonte,loja de card game,1,nao,loja,toy_store;store;point_of_interest;establishment,5,19,OPERATIONAL,https://www.instagram.com/prismacollectionsstore/,prismacollectionsstore,https://maps.google.com/?cid=11619509044743444085&g_mp=CiVnb29nbGUubWFwcy5wbGFjZXMudjEuUGxhY2VzLkdldFBsYWNlEAIYBCAA,2026-09-16,,,,sim,não,,
ChIJv9yXsQ2XpgARjZJ5mLcQUwg,Casa do Xadrez,"R. Campos Elíseos, 278 - Barroca, Belo Horizonte - MG, 30431-068, Brazil",Belo Horizonte,clube de jogos de tabuleiro,1,nao,outro,school;educational_institution;point_of_interest;establishment,4.8,19,OPERATIONAL,http://www.casadoxadrez.com/,,https://maps.google.com/?cid=599841556093571725&g_mp=CiVnb29nbGUubWFwcy5wbGFjZXMudjEuUGxhY2VzLkdldFBsYWNlEAIYBCAA,2026-09-16,,,,sim,inconclusivo,sim,não
ChIJKYukDNg5jgcRiQLIusnD5Zo,Jac Play,"R. Areolino de Abreu, 1392 - Centro (Sul), Teresina - PI, 64000-180, Brazil",Teresina,loja de card game,1,nao,loja,store;point_of_interest;establishment,4.6,17,OPERATIONAL,,,https://maps.google.com/?cid=11161542522697155209&g_mp=CiVnb29nbGUubWFwcy5wbGFjZXMudjEuUGxhY2VzLkdldFBsYWNlEAIYBCAA,2026-09-16,,,,sim,não,,
ChIJ2Sc515M7J5UR5rrpbv-hoo0,Arena Prime,"R. Ver. Osvaldo Bittencourt, 637 - Carianos, Florianópolis - SC, 88047-700, Brazil",Florianópolis,loja de card game,1,nao,loja,toy_store;store;point_of_interest;establishment,5,16,OPERATIONAL,,,https://maps.google.com/?cid=10205897824024509158&g_mp=CiVnb29nbGUubWFwcy5wbGFjZXMudjEuUGxhY2VzLkdldFBsYWNlEAIYBCAA,2026-09-16,,,,sim,inconclusivo,não,não se aplica
ChIJG2bis6ubpgARjLEhwGk-mVw,Leilão Arena TCG,"R. São Roque - Sagrada Família, Belo Horizonte - MG, 31035-460, Brazil",Belo Horizonte,loja de card game,1,nao,loja,toy_store;point_of_interest;store;establishment,5,16,OPERATIONAL,,,https://maps.google.com/?cid=6672432946842022284&g_mp=CiVnb29nbGUubWFwcy5wbGFjZXMudjEuUGxhY2VzLkdldFBsYWNlEAIYBCAA,2026-09-16,,,,sim,não,,
ChIJwUt2F_NdMpIRivJWmU-KqXo,RI HAPPY PORTO VELHO,"Av. Carlos Gomes, 2471 - São Cristóvão, Porto Velho - RO, 76804-021, Brazil",Porto Velho,loja de card game,1,nao,loja,toy_store;point_of_interest;store;establishment,4,16,OPERATIONAL,https://www.rihappy.com.br/,,https://maps.google.com/?cid=8838747818170970762&g_mp=CiVnb29nbGUubWFwcy5wbGFjZXMudjEuUGxhY2VzLkdldFBsYWNlEAIYBCAA,2026-09-16,,,,sim,não,,
ChIJ2eMCGACRpgARoWEjX5VaIkI,Arcade Save Point,"Av. Sebastião de Brito, 287 - Sl 3 - Dona Clara, Belo Horizonte - MG, 31260-000, Brazil",Belo Horizonte,clube de jogos de tabuleiro,1,nao,outro,video_arcade;association_or_organization;point_of_interest;establishment,4.6,14,OPERATIONAL,,,https://maps.google.com/?cid=4765470953304187297&g_mp=CiVnb29nbGUubWFwcy5wbGFjZXMudjEuUGxhY2VzLkdldFBsYWNlEAIYBCAA,2026-09-16,,,,sim,inconclusivo,sim,sim
ChIJWdoRdIPhYY0RVPqi7sBUDtA,Studio D&T Fisioterapia e Quiropraxia,"Av. 13 de Setembro, 562 - Trem, Macapá - AP, 68901-112, Brazil",Macapá,loja de RPG,1,nao,outro,medical_clinic;health;point_of_interest;establishment,5,14,OPERATIONAL,https://linktr.ee/dtfisioterapiaequiropraxia,,https://maps.google.com/?cid=14992013397177072212&g_mp=CiVnb29nbGUubWFwcy5wbGFjZXMudjEuUGxhY2VzLkdldFBsYWNlEAIYBCAA,2026-09-16,,,,sim,não,,
ChIJl4L7Lg2DmQAR4gBZHrupFC4,TabuLoja,"R. Newton Prado, 29 - Santa Rosa, Niterói - RJ, 24240-004, Brazil",Rio de Janeiro,board game;clube de jogos de tabuleiro,1,nao,outro,point_of_interest;association_or_organization;establishment,5,12,OPERATIONAL,https://www.tabuloja.com/,,https://maps.google.com/?cid=3320465446412026082&g_mp=CiVnb29nbGUubWFwcy5wbGFjZXMudjEuUGxhY2VzLkdldFBsYWNlEAIYBCAA,2026-09-16,,,,sim,sim,,
ChIJB7U1t_4Hk40Rfs1WgilyB5w,Ammy Store,"R. Epitácio Pessoa, 119 - Mecejana, Boa Vista - RR, 69304-280, Brazil",Boa Vista,loja de RPG,1,nao,loja,manufacturer;store;health;service;point_of_interest;establishment,4.5,11,OPERATIONAL,http://www.ammystore.com/,,https://maps.google.com/?cid=11243080517359684990&g_mp=CiVnb29nbGUubWFwcy5wbGFjZXMudjEuUGxhY2VzLkdldFBsYWNlEAIYBCAA,2026-09-16,,,,sim,não,,
ChIJMaFxK48ZqwcRfYAxY_t-IXk,Poképolis,"Rua Luiz Barbalho, 225 - Apto 401 - Boa Vista, Recife - PE, 50070-120, Brazil",Recife,loja de card game,1,nao,loja,store;point_of_interest;establishment,5,11,OPERATIONAL,https://pokepolis.com.br/,,https://maps.google.com/?cid=8728397170986811517&g_mp=CiVnb29nbGUubWFwcy5wbGFjZXMudjEuUGxhY2VzLkdldFBsYWNlEAIYBCAA,2026-09-16,,,,sim,inconclusivo,sim,não
ChIJjdf6IgAFk40RarPfo8WgRPg,Roraima Mangás,"Av. Gen. Ataíde Teive, 3304 - Buritis, Boa Vista - RR, 69309-187, Brazil",Boa Vista,loja de RPG,1,nao,loja,store;point_of_interest;establishment,5,9,OPERATIONAL,,,https://maps.google.com/?cid=17889600390540800874&g_mp=CiVnb29nbGUubWFwcy5wbGFjZXMudjEuUGxhY2VzLkdldFBsYWNlEAIYBCAA,2026-09-16,,,,sim,inconclusivo,sim,não
ChIJce_iUyrhYY0R2ys9OHsXuCM,Infinity TCG,"Av. Desidério Antônio Coelho, 903 - Trem, Macapá - AP, 68901-080, Brazil",Macapá,board game;loja de card game,1,nao,loja,toy_store;store;point_of_interest;establishment,5,6,OPERATIONAL,,,https://maps.google.com/?cid=2573833005034187739&g_mp=CiVnb29nbGUubWFwcy5wbGFjZXMudjEuUGxhY2VzLkdldFBsYWNlEAIYBCAA,2026-09-16,,,,sim,inconclusivo,não,
ChIJt9Pld5NxGZURC2SdYCIU4WE,Jogakito,"R. Padre Anchieta, 520 - Nossa Sra. das Gracas, Canoas - RS, 92110-050, Brazil",Porto Alegre,clube de jogos de tabuleiro,1,nao,outro,point_of_interest;association_or_organization;establishment,5,6,OPERATIONAL,https://jogakito.com.br/,,https://maps.google.com/?cid=7052940629321278475&g_mp=CiVnb29nbGUubWFwcy5wbGFjZXMudjEuUGxhY2VzLkdldFBsYWNlEAIYBCAA,2026-09-16,,,,sim,inconclusivo,sim,não
ChIJIY43GQ5ZzpQRhs5RQNSLS7Y,Anime Rock Club,"R. Galvão Bueno, 40 - Liberdade, São Paulo - SP, 01506-000, Brazil",São Paulo,loja de RPG,1,nao,loja,store;point_of_interest;establishment,4.4,5,OPERATIONAL,https://shopee.com.br/animerockclub?smtt=0.0.9&fbclid=PAAaY456c9tkOtMSu80dEJbfw35YVn_VTuTpPFSOTv8rZ_CsT9Bi0_XBB4I7s,,https://maps.google.com/?cid=13135746481884614278&g_mp=CiVnb29nbGUubWFwcy5wbGFjZXMudjEuUGxhY2VzLkdldFBsYWNlEAIYBCAA,2026-09-16,,,,sim,não,,
ChIJVVVVKEZ7mQARHOE7roNlDKE,Bruno Poke Cartas,"Av. Vicente de Carvalho, 909 - Vila da Penha, Rio de Janeiro - RJ, 21210-623, Brazil",Rio de Janeiro,loja de card game,1,nao,loja,toy_store;store;point_of_interest;establishment,4.2,5,OPERATIONAL,http://brunopokecartas.com.br/,,https://maps.google.com/?cid=11604761956065206556&g_mp=CiVnb29nbGUubWFwcy5wbGFjZXMudjEuUGxhY2VzLkdldFBsYWNlEAIYBCAA,2026-09-16,,,,sim,inconclusivo,sim,não
ChIJu9zbOwcZqwcRuW4zJLqI_2g,STOCK NEW IMPORTS,"R. Dr. João Santos Filho, 255 - L2 - 88 - Casa Forte, Recife - PE, 52060-615, Brazil",Recife,loja de jogos de tabuleiro,1,nao,loja,store;point_of_interest;establishment,3.6,5,OPERATIONAL,,,https://maps.google.com/?cid=7565916232058367673&g_mp=CiVnb29nbGUubWFwcy5wbGFjZXMudjEuUGxhY2VzLkdldFBsYWNlEAIYBCAA,2026-09-16,,,,sim,não,,
ChIJH6oXyRobFgcR82Mn8XWzR4E,SANTOLIC,"R. João José Rescala, 326 - Imbuí, Salvador - BA, 41720-000, Brazil",Salvador,board game;loja de card game,1,nao,loja,toy_store;store;point_of_interest;establishment,5,4,OPERATIONAL,https://www.santolic.com.br/,,https://maps.google.com/?cid=9315611673377596403&g_mp=CiVnb29nbGUubWFwcy5wbGFjZXMudjEuUGxhY2VzLkdldFBsYWNlEAIYBCAA,2026-09-16,,,,não,,sim,não
ChIJOzSifSlBWpMRU7vav8j_rqU,O Duque,"Quadra - Quadra 13 Conjunto G - Sobradinho, Brasília - DF, 73040-135, Brazil",Brasília,clube de jogos de tabuleiro,1,nao,outro,association_or_organization;point_of_interest;establishment,5,4,OPERATIONAL,https://resisted-glue-130.notion.site/O-Duque-106817f8bdbd80cea686eaaeb2f8f6e1,,https://maps.google.com/?cid=11938760899883088723&g_mp=CiVnb29nbGUubWFwcy5wbGFjZXMudjEuUGxhY2VzLkdldFBsYWNlEAIYBCAA,2026-09-16,,,,não,,não,
ChIJtbZhvbzl3JQRIy6JuRK2AWQ,Toca do Corvo,"R. Chile, 1376 - Rebouças, Curitiba - PR, 80215-170, Brazil",Curitiba,clube de jogos de tabuleiro,1,nao,outro,association_or_organization;point_of_interest;establishment,5,4,OPERATIONAL,,,https://maps.google.com/?cid=7206241070307946019&g_mp=CiVnb29nbGUubWFwcy5wbGFjZXMudjEuUGxhY2VzLkdldFBsYWNlEAIYBCAA,2026-09-16,,,,não,,sim,inconclusivo
ChIJzaqb2dnbmwARBSzP3Jg42m8,Global Backgammon,"Av. Embaixador Abelardo Bueno, 3401 - Barra Olímpica, Rio de Janeiro - RJ, 22775-040, Brazil",Rio de Janeiro,clube de jogos de tabuleiro,1,nao,outro,association_or_organization;point_of_interest;establishment,5,4,OPERATIONAL,https://www.globalbackgammon.com/,,https://maps.google.com/?cid=8059816712323673093&g_mp=CiVnb29nbGUubWFwcy5wbGFjZXMudjEuUGxhY2VzLkdldFBsYWNlEAIYBCAA,2026-09-16,,,,não,,não,
ChIJ6Y5FEwB7mQAR5keMO8bZwbQ,Taverna Real,"Av. Pres. Vargas, 84 - Centro, Duque de Caxias - RJ, 25070-330, Brazil",Rio de Janeiro,clube de jogos de tabuleiro,1,nao,outro,association_or_organization;point_of_interest;establishment,3.7,3,OPERATIONAL,,,https://maps.google.com/?cid=13024931042757986278&g_mp=CiVnb29nbGUubWFwcy5wbGFjZXMudjEuUGxhY2VzLkdldFBsYWNlEAIYBCAA,2026-09-16,,,,sim,inconclusivo,sim,não
ChIJA1mO9ddbMpIRL0v4xu7Euuo,Toy Brazil,"IG Shopping - Av. Amazonas, 8338 - Tiradentes, Porto Velho - RO, 76824-652, Brazil",Porto Velho,loja de card game,1,nao,loja,toy_store;store;point_of_interest;establishment,5,3,OPERATIONAL,https://bio.site/ToyBrazilPortoVelho,,https://maps.google.com/?cid=16914047880362740527&g_mp=CiVnb29nbGUubWFwcy5wbGFjZXMudjEuUGxhY2VzLkdldFBsYWNlEAIYBCAA,2026-09-16,,,,sim,não,,
ChIJLbSfYTVNBQcRt4QDSomfglU,Fl,"Av. Gen. Euclídes Figueiredo, 2588 - Porto D'antas, Aracaju - SE, 49067-016, Brazil",Aracaju,board game;loja de card game,1,nao,loja,store;point_of_interest;establishment,5,3,OPERATIONAL,,,https://maps.google.com/?cid=6161662652197340343&g_mp=CiVnb29nbGUubWFwcy5wbGFjZXMudjEuUGxhY2VzLkdldFBsYWNlEAIYBCAA,2026-09-16,,,,não,,não,
ChIJlU5Lu-WNf5ERecngwP4r_zA,Tem de Tudo,"R. Quintino Bocaiuva - Centro, Rio Branco - AC, 69900-000, Brazil",Rio Branco,loja de card game,1,nao,loja,store;point_of_interest;establishment,5,3,OPERATIONAL,,,https://maps.google.com/?cid=3530589006039402873&g_mp=CiVnb29nbGUubWFwcy5wbGFjZXMudjEuUGxhY2VzLkdldFBsYWNlEAIYBCAA,2026-09-16,,,,sim,não,,
ChIJscjzQYPZmwARU5u5vAHiPMk,Ludus BG,"R. Tirol, 450 - apto 704 - Freguesia (Jacarepaguá), Rio de Janeiro - RJ, 22750-009, Brazil",Rio de Janeiro,loja de jogos de tabuleiro,1,nao,loja,point_of_interest;store;establishment,5,3,OPERATIONAL,https://www.ludusbg.com.br/,,https://maps.google.com/?cid=14500713397315279699&g_mp=CiVnb29nbGUubWFwcy5wbGFjZXMudjEuUGxhY2VzLkdldFBsYWNlEAIYBCAA,2026-09-16,,,,sim,inconclusivo,sim,não
ChIJa9TySIOxnZMRfCNC-iTiPpU,Nova Arctica,"Avenida Erico - Goncalves - Preza Filho, 362 - Jardim Itália, Cuiabá - MT, 78060-758, Brazil",Cuiabá,loja de card game,1,nao,loja,toy_store;store;point_of_interest;establishment,5,2,OPERATIONAL,,,https://maps.google.com/?cid=10754281608652661628&g_mp=CiVnb29nbGUubWFwcy5wbGFjZXMudjEuUGxhY2VzLkdldFBsYWNlEAIYBCAA,2026-09-16,,,,sim,inconclusivo,sim,não
ChIJf54Hr_cFk40RFym-hcaSM4k,MacuxiTCG,"R. Moisés Teixeira Hausen, 1326 - Caranã, Boa Vista - RR, 69313-582, Brazil",Boa Vista,loja de RPG,1,nao,loja,toy_store;store;point_of_interest;establishment,5,2,OPERATIONAL,,,https://maps.google.com/?cid=9886406988353382679&g_mp=CiVnb29nbGUubWFwcy5wbGFjZXMudjEuUGxhY2VzLkdldFBsYWNlEAIYBCAA,2026-09-16,,,,não,,sim,não
ChIJiYiKvXLZmwARfdAar5rQ-yo,Ludusversum,"R. Nova Colina, 88 - Taquara, Rio de Janeiro - RJ, 22723-150, Brazil",Rio de Janeiro,clube de jogos de tabuleiro,1,nao,outro,association_or_organization;point_of_interest;establishment,5,2,OPERATIONAL,https://ludusversum.com.br/,,https://maps.google.com/?cid=3097298531528659069&g_mp=CiVnb29nbGUubWFwcy5wbGFjZXMudjEuUGxhY2VzLkdldFBsYWNlEAIYBCAA,2026-09-16,,,,sim,inconclusivo,sim,não
ChIJp-Hp2KrpmwAREut6OjbYMwI,Boss TCG,"Av. das Américas, 18500 - Recreio dos Bandeirantes, Rio de Janeiro - RJ, 22790-704, Brazil",Rio de Janeiro,loja de RPG,1,nao,loja,toy_store;store;point_of_interest;establishment,5,2,OPERATIONAL,,,https://maps.google.com/?cid=158708139309067026&g_mp=CiVnb29nbGUubWFwcy5wbGFjZXMudjEuUGxhY2VzLkdldFBsYWNlEAIYBCAA,2026-09-16,,,,sim,não,,
ChIJ-WilTLrxXpMR3CWtiv8EXr8,Quadradim,"R. 9, 788 - St. Oeste, Goiânia - GO, 74110-100, Brazil",Goiânia,clube de jogos de tabuleiro,1,nao,outro,association_or_organization;point_of_interest;establishment,,0,OPERATIONAL,,,https://maps.google.com/?cid=13789464604644812252&g_mp=CiVnb29nbGUubWFwcy5wbGFjZXMudjEuUGxhY2VzLkdldFBsYWNlEAIYBCAA,2026-09-16,,,,não,,não,
ChIJCVsmhT6XpgARdaE5zOOuAWU,Oficina do Playtest BH,"Av. Amazonas, 2310 - Barro Preto, Belo Horizonte - MG, 30180-012, Brazil",Belo Horizonte,clube de jogos de tabuleiro,1,nao,outro,association_or_organization;point_of_interest;establishment,,0,OPERATIONAL,,,https://maps.google.com/?cid=7278290766214570357&g_mp=CiVnb29nbGUubWFwcy5wbGFjZXMudjEuUGxhY2VzLkdldFBsYWNlEAIYBCAA,2026-09-16,,,,não,,sim,não
ChIJFWjO2AIzWpMRj9SrTwVLlQY,Fase de Manutenção,"St. Hab. Vicente Pires Ch.54a Lote 12 - Vicente Pires, Brasília - DF, 72001-510, Brazil",Brasília,clube de jogos de tabuleiro,1,nao,outro,association_or_organization;point_of_interest;establishment,,0,OPERATIONAL,,,https://maps.google.com/?cid=474367821941036175&g_mp=CiVnb29nbGUubWFwcy5wbGFjZXMudjEuUGxhY2VzLkdldFBsYWNlEAIYBCAA,2026-09-16,,,,não,,não,
ChIJIWGq8Xt5GZURuK5FW6xiwjw,Mestre Misto,"Av. Lageado, 615 - Petrópolis, Porto Alegre - RS, 90460-110, Brazil",Porto Alegre,clube de jogos de tabuleiro,1,nao,outro,point_of_interest;association_or_organization;establishment,,0,OPERATIONAL,,,https://maps.google.com/?cid=4378170280162733752&g_mp=CiVnb29nbGUubWFwcy5wbGFjZXMudjEuUGxhY2VzLkdldFBsYWNlEAIYBCAA,2026-09-16,,,,não,,sim,não
ChIJNTkeVMx3GZURiLQ2djcIwaI,Capivara de Aço,"R. Jackson de Figueiredo, 523 - Sarandi, Porto Alegre - RS, 91120-380, Brazil",Porto Alegre,clube de jogos de tabuleiro,1,nao,outro,association_or_organization;point_of_interest;establishment,,0,OPERATIONAL,,,https://maps.google.com/?cid=11727663938949002376&g_mp=CiVnb29nbGUubWFwcy5wbGFjZXMudjEuUGxhY2VzLkdldFBsYWNlEAIYBCAA,2026-09-16,,,,não,não se aplica,não,
ChIJORUoEuqNf5ERmSLGJ7D3BUI,Decks & Dungeons,"R. das Rosas, 229 - Jardim Primavera, Rio Branco - AC, 69919-602, Brazil",Rio Branco,board game;clube de jogos de tabuleiro,1,nao,outro,point_of_interest;association_or_organization;establishment,,0,OPERATIONAL,https://mypcards.com/DeckseDungeons,,https://maps.google.com/?cid=4757480917340398233&g_mp=CiVnb29nbGUubWFwcy5wbGFjZXMudjEuUGxhY2VzLkdldFBsYWNlEAIYBCAA,2026-09-16,,,,não,não se aplica,não,
ChIJPd_-_gczWpMRVQe72rvmckk,Allkasu’s,"St. D Sul QSD 35 casa 07 - Taguatinga, Brasília - DF, 72020-350, Brazil",Brasília,clube de jogos de tabuleiro,1,nao,outro,point_of_interest;association_or_organization;establishment,,0,OPERATIONAL,https://www.twitch.tv/allkasu_s,,https://maps.google.com/?cid=5292546206616717141&g_mp=CiVnb29nbGUubWFwcy5wbGFjZXMudjEuUGxhY2VzLkdldFBsYWNlEAIYBCAA,2026-09-16,,,,não,não se aplica,não,
ChIJUWlgXM_73JQRPplZFh-VsnM,Milla Chess,"Rua Leôncio Derosso - Xaxim, Curitiba - PR, 81810-430, Brazil",Curitiba,clube de jogos de tabuleiro,1,nao,outro,association_or_organization;point_of_interest;establishment,,0,OPERATIONAL,,,https://maps.google.com/?cid=8336889820967704894&g_mp=CiVnb29nbGUubWFwcy5wbGFjZXMudjEuUGxhY2VzLkdldFBsYWNlEAIYBCAA,2026-09-16,,,,não,,não,não se aplica
ChIJf1undfOXpgARipUxXU72-2A,Xadrez de Contato,"R. Santo Onófre, 300 - Apto 604 - Manacás, Belo Horizonte - MG, 30840-670, Brazil",Belo Horizonte,clube de jogos de tabuleiro,1,nao,outro,association_or_organization;point_of_interest;establishment,,0,OPERATIONAL,,,https://maps.google.com/?cid=6988450063226869130&g_mp=CiVnb29nbGUubWFwcy5wbGFjZXMudjEuUGxhY2VzLkdldFBsYWNlEAIYBCAA,2026-09-16,,,,não,,não,
ChIJjYPfGjJNxwcR-wzaCcZ25VA,Master Poker,"R. João Gentil - Granja Lisboa, Fortaleza - CE, 60540-050, Brazil",Fortaleza,clube de jogos de tabuleiro,1,nao,outro,point_of_interest;association_or_organization;establishment,,0,OPERATIONAL,,,https://maps.google.com/?cid=5829195885641862395&g_mp=CiVnb29nbGUubWFwcy5wbGFjZXMudjEuUGxhY2VzLkdldFBsYWNlEAIYBCAA,2026-09-16,,,,não,,não,
ChIJj_MRuFqZpgARtdn9AwGCoos,Versus 1a1,"Av. Assis Chateaubriand, 197 701 - Belo Horizonte, MG, 30150-100, Brazil",Belo Horizonte,clube de jogos de tabuleiro,1,nao,outro,point_of_interest;association_or_organization;establishment,,0,OPERATIONAL,,,https://maps.google.com/?cid=10061747458372655541&g_mp=CiVnb29nbGUubWFwcy5wbGFjZXMudjEuUGxhY2VzLkdldFBsYWNlEAIYBCAA,2026-09-16,,,,não,,não,
ChIJlZWbJHUZbJIR0dZQUbkdOCM,Saffa House,"união da vitória - R. Pipira Vermelha - Tarumã Açu, Manaus - AM, 69023-045, Brazil",Manaus,clube de jogos de tabuleiro,1,nao,outro,association_or_organization;point_of_interest;establishment,,0,OPERATIONAL,http://saffa.com.br/,,https://maps.google.com/?cid=2537811071793682129&g_mp=CiVnb29nbGUubWFwcy5wbGFjZXMudjEuUGxhY2VzLkdldFBsYWNlEAIYBCAA,2026-09-16,,,,não,,não,
ChIJt5vEfAg7WpMR7aQc3PsRum0,Dark Ice Empire,"Brasilia, Brasília - Federal District, 70150-900, Brazil",Brasília,clube de jogos de tabuleiro,1,nao,outro,point_of_interest;association_or_organization;establishment,,0,OPERATIONAL,,,https://maps.google.com/?cid=7906651869229655277&g_mp=CiVnb29nbGUubWFwcy5wbGFjZXMudjEuUGxhY2VzLkdldFBsYWNlEAIYBCAA,2026-09-16,,,,não,não se aplica,não,
ChIJt8ijl0pzGZURTCdPBQTRHF8,Távola do Dragão,"R. Afonso Alves, 745 - Morada do Vale 1, Gravataí - RS, 94085-130, Brazil",Porto Alegre,clube de jogos de tabuleiro,1,nao,outro,association_or_organization;point_of_interest;establishment,,0,OPERATIONAL,https://tavoladodragao.com.br/,,https://maps.google.com/?cid=6853582548150200140&g_mp=CiVnb29nbGUubWFwcy5wbGFjZXMudjEuUGxhY2VzLkdldFBsYWNlEAIYBCAA,2026-09-16,,,,não,,não,
ChIJp6m9aU4eqwcRhgeJI1PPzxU,Atacado dos Presentes,"Av. Mal. Mascarenhas de Morais, 4075 - Imbiribeira, Recife - PE, 51150-003, Brazil",Recife,board game,0,nao,loja,store;point_of_interest;establishment,4.6,21990,OPERATIONAL,https://www.atacadodospresentes.com.br/,,https://maps.google.com/?cid=1571702750961010566&g_mp=CiVnb29nbGUubWFwcy5wbGFjZXMudjEuUGxhY2VzLkdldFBsYWNlEAIYBCAA,2026-09-16,,,,sim,não,,
ChIJp-5uoPiR9gcR-J6cSun50zc,Cantinho Doce,"Av. Daniel de La Touche, 11 - Cohama, São Luís - MA, 65073-212, Brazil",São Luís,board game,0,nao,loja,toy_store;home_goods_store;service;point_of_interest;store;establishment,4.5,7141,OPERATIONAL,https://lojascantinhodoce.com.br/,,https://maps.google.com/?cid=4022833672546459384&g_mp=CiVnb29nbGUubWFwcy5wbGFjZXMudjEuUGxhY2VzLkdldFBsYWNlEAIYBCAA,2026-09-16,,,,sim,não,,
ChIJF_QTmouOpJIRg7FX5pqL7xQ,Livraria Leitura,"Tv. Padre Eutíquio, 1078 - Batista Campos, Belém - PA, 66023-710, Brazil",Belém,board game,0,nao,loja,book_store;store;point_of_interest;establishment,4.7,5823,OPERATIONAL,http://www.leitura.com.br/,,https://maps.google.com/?cid=1508577897598136707&g_mp=CiVnb29nbGUubWFwcy5wbGFjZXMudjEuUGxhY2VzLkdldFBsYWNlEAIYBCAA,2026-09-16,,,,sim,não,,
ChIJi2FlTiPmhpQR1n5cELoitYg,Shop Tudo Papelaria,"R. Dom Aquino, 1248 - Centro, Campo Grande - MS, 79002-180, Brazil",Campo Grande,board game,0,nao,loja,store;point_of_interest;establishment,4.5,3198,OPERATIONAL,http://www.shoptudopapelaria.com.br/,,https://maps.google.com/?cid=9850817942476586710&g_mp=CiVnb29nbGUubWFwcy5wbGFjZXMudjEuUGxhY2VzLkdldFBsYWNlEAIYBCAA,2026-09-16,,,,sim,não,,
ChIJI4n9c7gXuAARZJf6Au4DxZo,Kalunga - Vitória,"Av. Americo Buaiz, 200 Shopping Vitória - Loja 247 - Enseada do Suá, Vitória - ES, 29050-902, Brazil",Vitória,board game,0,nao,loja,point_of_interest;store;establishment,4.4,3007,OPERATIONAL,https://www.kalunga.com.br/lojas/endereco/espirito-santo/15/horario-de-funcionamento/0186,,https://maps.google.com/?cid=11152324373039978340&g_mp=CiVnb29nbGUubWFwcy5wbGFjZXMudjEuUGxhY2VzLkdldFBsYWNlEAIYBCAA,2026-09-16,,,,sim,não,,
ChIJ_fTtlx_DrAcRgydgDKUjkHM,Kalunga - João Pessoa,"Av. Hilton Souto Maior, 3901 - Mangabeira, João Pessoa - PB, 58055-018, Brazil",João Pessoa,board game,0,nao,loja,store;point_of_interest;establishment,4.5,1711,OPERATIONAL,https://www.kalunga.com.br/lojas/endereco/paraiba/22/horario-de-funcionamento/0197,,https://maps.google.com/?cid=8327194902792251267&g_mp=CiVnb29nbGUubWFwcy5wbGFjZXMudjEuUGxhY2VzLkdldFBsYWNlEAIYBCAA,2026-09-16,,,,sim,não,,
ChIJd3VWAn6O9gcRrNntHLFg7VI,Leitura Sao Luis Shopping,"São Luís Shopping - Jaracaty, São Luís - MA, 65076-820, Brazil",São Luís,board game,0,nao,loja,book_store;point_of_interest;store;establishment,4.6,1649,OPERATIONAL,https://leitura.com.br/,,https://maps.google.com/?cid=5975538594401343916&g_mp=CiVnb29nbGUubWFwcy5wbGFjZXMudjEuUGxhY2VzLkdldFBsYWNlEAIYBCAA,2026-09-16,,,,sim,não,,
ChIJI790Nd8Fk40ROQOUNbs7IXw,Colegial Mega Store,"69301-250 - Av. Glaycon de Paiva, 334 - Centro, Boa Vista - RR, 69301-250, Brazil",Boa Vista,board game,0,nao,loja,book_store;association_or_organization;store;service;point_of_interest;establishment,4.5,1617,OPERATIONAL,https://linktr.ee/colegialmegastore,,https://maps.google.com/?cid=8944496010178331449&g_mp=CiVnb29nbGUubWFwcy5wbGFjZXMudjEuUGxhY2VzLkdldFBsYWNlEAIYBCAA,2026-09-16,,,,sim,não,,
ChIJzW8hTfM5jgcRYt5erv0SrJU,"Loja Margarida - Livraria, Papelaria, Gráfica e Café","Av. Nossa Sra. de Fátima, 1451 - Jóquei, Teresina - PI, 64048-180, Brazil",Teresina,board game,0,nao,alimentos_bebidas,coffee_shop;cafe;book_store;food_store;store;service;food;point_of_interest;establishment,4.3,1561,OPERATIONAL,http://www.instagram.com/margarida.the,margarida.the,https://maps.google.com/?cid=10785016088406974050&g_mp=CiVnb29nbGUubWFwcy5wbGFjZXMudjEuUGxhY2VzLkdldFBsYWNlEAIYBCAA,2026-09-16,,,,sim,não,,
ChIJU0B1BtDdrAcRVEcFJDtFfOc,Kalunga - Manaíra Shopping,"Shopping - R. Manoel Arruda Cavalcante, 805 - Manaíra, João Pessoa - PB, 58037-900, Brazil",João Pessoa,board game,0,nao,loja,store;point_of_interest;establishment,4.5,1450,OPERATIONAL,https://www.kalunga.com.br/lojas/endereco/paraiba/22/horario-de-funcionamento/0198,,https://maps.google.com/?cid=16680283240183187284&g_mp=CiVnb29nbGUubWFwcy5wbGFjZXMudjEuUGxhY2VzLkdldFBsYWNlEAIYBCAA,2026-09-16,,,,sim,não,,
ChIJi2BYlTCP9gcRZmFqgRGoIrg,Kalunga,"Av. Daniel de La Touche, 987 - Lj 313 I - Cohama, São Luís - MA, 65074-115, Brazil",São Luís,board game,0,nao,loja,store;point_of_interest;establishment,4.5,1162,OPERATIONAL,https://www.kalunga.com.br/lojas/endereco/maranhao/25/horario-de-funcionamento/0208,,https://maps.google.com/?cid=13268352245326045542&g_mp=CiVnb29nbGUubWFwcy5wbGFjZXMudjEuUGxhY2VzLkdldFBsYWNlEAIYBCAA,2026-09-16,,,,sim,não,,
ChIJf7f3h44wjgcRxdRgy2zskq8,Toinho Variedades Dirceu,"Av. José Francisco de Almeida Neto, 4295 - Itararé, Teresina - PI, 64077-185, Brazil",Teresina,board game,0,nao,loja,store;point_of_interest;establishment,4.3,1128,OPERATIONAL,http://www.lojastoinhovariedades.com.br/,,https://maps.google.com/?cid=12651434255249888453&g_mp=CiVnb29nbGUubWFwcy5wbGFjZXMudjEuUGxhY2VzLkdldFBsYWNlEAIYBCAA,2026-09-16,,,,sim,não,,
ChIJq6cAXlSMf5ERHNPzTDUIk_Q,Livraria Paim,"R. Rio Grande do Sul, 182 - Centro, Rio Branco - AC, 69900-092, Brazil",Rio Branco,board game,0,nao,loja,book_store;store;point_of_interest;establishment,4.5,983,OPERATIONAL,,,https://maps.google.com/?cid=17623438791848219420&g_mp=CiVnb29nbGUubWFwcy5wbGFjZXMudjEuUGxhY2VzLkdldFBsYWNlEAIYBCAA,2026-09-16,,,,sim,não,,
ChIJD91JKhEenpIRqEibzcYLto8,Leitura,"Amapá Garden Shopping - Rod. Josmar Chaves Pinto - Universidade, Macapá - AP, 68903-419, Brazil",Macapá,board game,0,nao,loja,book_store;store;point_of_interest;establishment,4.6,920,OPERATIONAL,http://www.leitura.com.br/,,https://maps.google.com/?cid=10355477341665970344&g_mp=CiVnb29nbGUubWFwcy5wbGFjZXMudjEuUGxhY2VzLkdldFBsYWNlEAIYBCAA,2026-09-16,,,,sim,não,,
ChIJ9ynJK7GR9gcRmdmJdeL95pg,Ri Happy Toys,"Av. São Luís Rei de França, 8 - Turu, São Luís - MA, 65065-470, Brazil",São Luís,board game,0,nao,loja,toy_store;store;point_of_interest;establishment,4.4,872,OPERATIONAL,http://www.rihappy.com.br/,,https://maps.google.com/?cid=11017772687484901785&g_mp=CiVnb29nbGUubWFwcy5wbGFjZXMudjEuUGxhY2VzLkdldFBsYWNlEAIYBCAA,2026-09-16,,,,sim,não,,
ChIJKe8Wcvk5jgcRGKpWZE546SA,Ri Happy Toys,"Avenida Raul Lopes, 1000 Mega loja 04 Pavimento superior - Av. Raul Lopes, 1000 - Mega loja 03 - Noivos, Teresina - PI, 64046-902, Brazil",Teresina,board game,0,nao,loja,toy_store;store;point_of_interest;establishment,4.4,725,OPERATIONAL,http://www.rihappy.com.br/,,https://maps.google.com/?cid=2371558956873460248&g_mp=CiVnb29nbGUubWFwcy5wbGFjZXMudjEuUGxhY2VzLkdldFBsYWNlEAIYBCAA,2026-09-16,,,,sim,não,,
ChIJy_d84Os5jgcRQ4hkx0QeDM8,Ri Happy Toys,"Av. Mar. Castelo Branco, 911 - SUC 304 B Piso L3 - Porenquanto, Teresina - PI, 64003-087, Brazil",Teresina,board game,0,nao,loja,toy_store;store;point_of_interest;establishment,4.4,638,OPERATIONAL,http://www.rihappy.com.br/,,https://maps.google.com/?cid=14919332946323474499&g_mp=CiVnb29nbGUubWFwcy5wbGFjZXMudjEuUGxhY2VzLkdldFBsYWNlEAIYBCAA,2026-09-16,,,,sim,não,,
ChIJG9hiyNdhpJIREHBjZ0m6veA,Ri Happy Toys,"Rod. Augusto Montenegro, 4300 - SUC 1005 - Parque Verde, Belém - PA, 66635-110, Brazil",Belém,board game,0,nao,loja,toy_store;store;point_of_interest;establishment,4.4,637,OPERATIONAL,http://www.rihappy.com.br/nossas-lojas,,https://maps.google.com/?cid=16194304659524120592&g_mp=CiVnb29nbGUubWFwcy5wbGFjZXMudjEuUGxhY2VzLkdldFBsYWNlEAIYBCAA,2026-09-16,,,,sim,não,,
ChIJ_4j0ObcfqwcRyYZH2o5RAKw,Techno Space Informática,"R. Ernesto de Paula Santos, 1172 - Lj02 - Boa Viagem, Recife - PE, 51021-330, Brazil",Recife,board game,0,nao,loja,electronics_store;consultant;store;service;point_of_interest;establishment,4.7,618,OPERATIONAL,https://technospace.com.br/?utm_source=google&utm_medium=gmb&utm_campaign=endpoints&utm_content=website,,https://maps.google.com/?cid=12393995848512931529&g_mp=CiVnb29nbGUubWFwcy5wbGFjZXMudjEuUGxhY2VzLkdldFBsYWNlEAIYBCAA,2026-09-16,,,,sim,não,,
ChIJ____P8OzGgcRf8ATFKLjvpk,Ri Happy Toys,"Av. Ministro Geraldo Barreto Sobral, 214 - Lj 87 - Jardins, Aracaju - SE, 49026-900, Brazil",Aracaju,board game,0,nao,loja,toy_store;store;point_of_interest;establishment,4.3,582,OPERATIONAL,http://www.rihappy.com.br/,,https://maps.google.com/?cid=11078542418639044735&g_mp=CiVnb29nbGUubWFwcy5wbGFjZXMudjEuUGxhY2VzLkdldFBsYWNlEAIYBCAA,2026-09-16,,,,sim,não,,
ChIJhfLWgNqLpJIRsVFNlpfDC14,Kalunga - Belém,"Rodovia dos Trabalhadores, s/n Parque Verde - Shopping Bosque Grão Pará - Val-de-Cans, Belém - PA, 66630-414, Brazil",Belém,board game,0,nao,loja,store;point_of_interest;establishment,4.5,517,OPERATIONAL,https://www.kalunga.com.br/lojas/endereco/para/26/horario-de-funcionamento/0221,,https://maps.google.com/?cid=6776725120138170801&g_mp=CiVnb29nbGUubWFwcy5wbGFjZXMudjEuUGxhY2VzLkdldFBsYWNlEAIYBCAA,2026-09-16,,,,sim,não,,
ChIJqe-m85eOpJIRwd3mPdxnMqI,Ri Happy,"Av. Visc. de Souza Franco, 776 - Lj 301 Boulevard Shopping - Reduto, Belém - PA, 66053-000, Brazil",Belém,board game,0,nao,loja,toy_store;store;point_of_interest;establishment,4.5,496,OPERATIONAL,http://www.rihappy.com.br/,,https://maps.google.com/?cid=11687518178608864705&g_mp=CiVnb29nbGUubWFwcy5wbGFjZXMudjEuUGxhY2VzLkdldFBsYWNlEAIYBCAA,2026-09-16,,,,sim,não,,
ChIJp6638TKM9gcRGTSt2WB_je4,Ri Happy Toys,"Av. Prof. Carlos Cunha, 1000 - Jaracaty, São Luís - MA, 65076-820, Brazil",São Luís,board game,0,nao,loja,toy_store;store;point_of_interest;establishment,4.4,468,OPERATIONAL,https://www.rihappy.com.br/nossas-lojas,,https://maps.google.com/?cid=17189535406688646169&g_mp=CiVnb29nbGUubWFwcy5wbGFjZXMudjEuUGxhY2VzLkdldFBsYWNlEAIYBCAA,2026-09-16,,,,sim,não,,
ChIJK9YInqtJxwcRvHZnQSx0hqI,Gibiteria Fanzine,"R. Barão do Rio Branco, 1687 - Centro, Fortaleza - CE, 60025-002, Brazil",Fortaleza,board game,0,nao,loja,book_store;store;point_of_interest;establishment,4.6,406,OPERATIONAL,,,https://maps.google.com/?cid=11711175614448236220&g_mp=CiVnb29nbGUubWFwcy5wbGFjZXMudjEuUGxhY2VzLkdldFBsYWNlEAIYBCAA,2026-09-16,,,,sim,não,,
ChIJY-7nbpA5jgcRXO4WpkYMQ6c,Kalunga - Teresina,"Shopping Rio Poty - Av. Mar. Castelo Branco, 911 - Porenquanto, Teresina - PI, 64003-087, Brazil",Teresina,board game,0,nao,loja,store;point_of_interest;establishment,4.5,388,OPERATIONAL,https://www.kalunga.com.br/lojas/endereco/piaui/27/horario-de-funcionamento/0223,,https://maps.google.com/?cid=12052490525347343964&g_mp=CiVnb29nbGUubWFwcy5wbGFjZXMudjEuUGxhY2VzLkdldFBsYWNlEAIYBCAA,2026-09-16,,,,sim,não,,
ChIJg4fh7tgFk40RT_1cdWmnmEE,Inforprint Hardware and Supplies,"R. Ajuricaba, 1039 - Centro, Boa Vista - RR, 69301-070, Brazil",Boa Vista,board game,0,nao,loja,electronics_store;point_of_interest;store;establishment,4.5,350,OPERATIONAL,http://www.lojasinforprint.com.br/,,https://maps.google.com/?cid=4726711880307768655&g_mp=CiVnb29nbGUubWFwcy5wbGFjZXMudjEuUGxhY2VzLkdldFBsYWNlEAIYBCAA,2026-09-16,,,,sim,não,,
ChIJ4xUr8iTxXpMRQ9f2GO5RGAI,Mandrake Comic Shop,"R. R-18, 26 - St. Oeste, Goiânia - GO, 74125-180, Brazil",Goiânia,board game,0,nao,loja,book_store;store;association_or_organization;point_of_interest;establishment,4.9,318,OPERATIONAL,http://www.mandrakecomicshop.com.br/,,https://maps.google.com/?cid=150960670579808067&g_mp=CiVnb29nbGUubWFwcy5wbGFjZXMudjEuUGxhY2VzLkdldFBsYWNlEAIYBCAA,2026-09-16,,,,sim,não,,
ChIJs7MDe6YFk40RYzQFlUwnPYw,Sukatinha Ataide Teive,"Av. Gen. Ataíde Teive, 4037 - Asa Branca, Boa Vista - RR, 69312-245, Brazil",Boa Vista,board game,0,nao,loja,toy_store;store;point_of_interest;establishment,4.5,302,OPERATIONAL,https://m.facebook.com/Sukatinha/,,https://maps.google.com/?cid=10105276348760405091&g_mp=CiVnb29nbGUubWFwcy5wbGFjZXMudjEuUGxhY2VzLkdldFBsYWNlEAIYBCAA,2026-09-16,,,,sim,não,,
ChIJucDXDigbFgcRPnD2qqxJnA4,PBKIDS,"R. dos Rodoviários, 01 - LOJA 14. PISO 1º - Cabula, Salvador - BA, 41150-125, Brazil",Boa Vista;Salvador,board game,0,nao,loja,toy_store;store;point_of_interest;establishment,4.5,285,OPERATIONAL,http://www.pbkids.com.br/,,https://maps.google.com/?cid=1052797418849333310&g_mp=CiVnb29nbGUubWFwcy5wbGFjZXMudjEuUGxhY2VzLkdldFBsYWNlEAIYBCAA,2026-09-16,,,,sim,não,,
ChIJO3EbYq0fqwcRk3TM-RXuhhk,PBKIDS,"R. Padre Carapuceiro, 777 - 1º Andar Loja 194/195 - Boa Viagem, Recife - PE, 51020-280, Brazil",Recife,board game,0,nao,loja,toy_store;store;point_of_interest;establishment,4.5,282,OPERATIONAL,http://www.pbkids.com.br/,,https://maps.google.com/?cid=1839419275980076179&g_mp=CiVnb29nbGUubWFwcy5wbGFjZXMudjEuUGxhY2VzLkdldFBsYWNlEAIYBCAA,2026-09-16,,,,sim,não,,
ChIJqUoRc_k5jgcRBRyPCkIV1Aw,Dinolândia,"Av. Raul Lopes, 1000 - Lj 181/2/3 - Noivos, Teresina - PI, 64046-902, Brazil",Teresina,board game,0,nao,loja,store;point_of_interest;establishment,4.2,238,OPERATIONAL,,,https://maps.google.com/?cid=924387196906970117&g_mp=CiVnb29nbGUubWFwcy5wbGFjZXMudjEuUGxhY2VzLkdldFBsYWNlEAIYBCAA,2026-09-16,,,,sim,não,,
ChIJtwmvCcMXuAARJ_wLc4DM6IY,Marina Presentes,"R. José Teixeira, 346 - Praia do Canto, Vitória - ES, 29055-310, Brazil",Vitória,board game,0,nao,loja,toy_store;store;point_of_interest;establishment,4.4,193,OPERATIONAL,https://marinapresentes.com.br/,,https://maps.google.com/?cid=9721244647737261095&g_mp=CiVnb29nbGUubWFwcy5wbGFjZXMudjEuUGxhY2VzLkdldFBsYWNlEAIYBCAA,2026-09-16,,,,sim,não,,
ChIJkVeLdycFk40RBRBtgrK2ViI,Kiko Variedades,"R. Tertuliano Cardoso Ramos, 1763 - Santa Luzia, Boa Vista - RR, 69316-582, Brazil",Boa Vista,board game,0,nao,loja,store;point_of_interest;establishment,4.4,178,OPERATIONAL,,,https://maps.google.com/?cid=2474365923095285765&g_mp=CiVnb29nbGUubWFwcy5wbGFjZXMudjEuUGxhY2VzLkdldFBsYWNlEAIYBCAA,2026-09-16,,,,sim,não,,
ChIJB0LBiVeMf5ERNOwFrRIjAMk,Livraria El Shaday,"Av. Nações Unidas, 336 - Bosque, Rio Branco - AC, 69900-715, Brazil",Rio Branco,board game,0,nao,loja,book_store;store;point_of_interest;establishment,4.3,168,OPERATIONAL,,,https://maps.google.com/?cid=14483614964742745140&g_mp=CiVnb29nbGUubWFwcy5wbGFjZXMudjEuUGxhY2VzLkdldFBsYWNlEAIYBCAA,2026-09-16,,,,sim,não,,
ChIJ0caB7AeNf5ERLJd-Yw-Nbrw,1000 Presentes Vip,"Av. Ceará, 877 - Base, Rio Branco - AC, 69905-066, Brazil",Rio Branco,board game,0,nao,loja,home_goods_store;store;point_of_interest;service;establishment,4.3,152,OPERATIONAL,,,https://maps.google.com/?cid=13577945023801890604&g_mp=CiVnb29nbGUubWFwcy5wbGFjZXMudjEuUGxhY2VzLkdldFBsYWNlEAIYBCAA,2026-09-16,,,,sim,não,,
ChIJSeYQWseN9gcR5EWhEXyzih4,PBKIDS . SÃO LUÍS,"Av. dos Holandeses, 5 - Calhau, São Luís - MA, 65071-380, Brazil",São Luís,board game,0,nao,loja,toy_store;store;point_of_interest;establishment,4.6,145,OPERATIONAL,http://www.pbkids.com.br/,,https://maps.google.com/?cid=2200768713377007076&g_mp=CiVnb29nbGUubWFwcy5wbGFjZXMudjEuUGxhY2VzLkdldFBsYWNlEAIYBCAA,2026-09-16,,,,sim,não,,
ChIJ4wtfShIbFgcRgInCYY_gpYM,SYSTECHinfo,"R. do Jaracatiá, 1048 - Lj B - Caminho das Árvores, Salvador - BA, 41820-665, Brazil",Salvador,board game,0,nao,loja,electronics_store;store;point_of_interest;establishment,4.3,137,OPERATIONAL,http://www.systechinfo.com.br/,,https://maps.google.com/?cid=9486235096550902144&g_mp=CiVnb29nbGUubWFwcy5wbGFjZXMudjEuUGxhY2VzLkdldFBsYWNlEAIYBCAA,2026-09-16,,,,sim,não,,
ChIJ_Z2nzoeR9gcR_JuFYSunXrE,Kalunga,"Rio Anil Shopping - Av. São Luís Rei de França, 8 - Lj 1083A - Turu, São Luís - MA, 65065-470, Brazil",São Luís,board game,0,nao,loja,store;point_of_interest;establishment,4.5,124,OPERATIONAL,https://www.kalunga.com.br/lojas/endereco/maranhao/25/horario-de-funcionamento/0234,,https://maps.google.com/?cid=12780836597285624828&g_mp=CiVnb29nbGUubWFwcy5wbGFjZXMudjEuUGxhY2VzLkdldFBsYWNlEAIYBCAA,2026-09-16,,,,sim,não,,
ChIJAVORl_PnrAcRx8xIIwOZu2U,Atacadão Primos Importados,"Av. Mandacarú, 305 - Cidade Padre Ze, João Pessoa - PB, 58025-760, Brazil",João Pessoa,board game,0,nao,loja,toy_store;store;point_of_interest;establishment,4.4,109,OPERATIONAL,https://instagram.com/atacadaoprimosimportados?igshid=YmMyMTA2M2Y=,atacadaoprimosimportados,https://maps.google.com/?cid=7330621057231539399&g_mp=CiVnb29nbGUubWFwcy5wbGFjZXMudjEuUGxhY2VzLkdldFBsYWNlEAIYBCAA,2026-09-16,,,,não,não se aplica,não,não se aplica
ChIJcXMvWLw5J5URMi14sXDeTsw,Parlenda Educational Toys,"Direto do Campo Mezanino - Av. Me. Benvenuta, 1313 - Santa Monica, Florianópolis - SC, 88035-000, Brazil",Florianópolis,board game,0,nao,loja,toy_store;store;point_of_interest;establishment,4.8,100,OPERATIONAL,https://www.parlendabrinquedos.com.br/,,https://maps.google.com/?cid=14721948807515876658&g_mp=CiVnb29nbGUubWFwcy5wbGFjZXMudjEuUGxhY2VzLkdldFBsYWNlEAIYBCAA,2026-09-16,,,,sim,não,,
ChIJWSYSTAbhYY0R6eakNIGfTyM,Magazine Fortaleza Kids,"Macapá Shopping - R. Leopoldo Machado, 2334 - Central, Macapá - AP, 68900-067, Brazil",Macapá,board game,0,nao,loja,toy_store;point_of_interest;store;establishment,4.3,76,OPERATIONAL,,,https://maps.google.com/?cid=2544427691770439401&g_mp=CiVnb29nbGUubWFwcy5wbGFjZXMudjEuUGxhY2VzLkdldFBsYWNlEAIYBCAA,2026-09-16,,,,sim,não,,
ChIJz2CeJ3SMf5ER2iBb01SF_as,Duda Presentes,"Av. Antônio da Rocha Viana, 4275 - Vila Nova, Rio Branco - AC, 69921-084, Brazil",Rio Branco,board game,0,nao,loja,gift_shop;store;point_of_interest;establishment,4.8,57,OPERATIONAL,https://www.instagram.com/duda_presentesac/,duda_presentesac,https://maps.google.com/?cid=12393208348963184858&g_mp=CiVnb29nbGUubWFwcy5wbGFjZXMudjEuUGxhY2VzLkdldFBsYWNlEAIYBCAA,2026-09-16,,,,sim,não,,
ChIJP1G0Fq1FAQcRKpLXpZdnQNM,To You Presentes - Jatiúca,"R. Profa. Maria Esther da Costa Barros, 109 - Jatiúca, Maceió - AL, 57035-180, Brazil",Maceió,board game,0,nao,loja,toy_store;point_of_interest;store;establishment,4.3,54,OPERATIONAL,https://www.instagram.com/toyoupresentes/,toyoupresentes,https://maps.google.com/?cid=15222280641532367402&g_mp=CiVnb29nbGUubWFwcy5wbGFjZXMudjEuUGxhY2VzLkdldFBsYWNlEAIYBCAA,2026-09-16,,,,sim,não,,
ChIJicQUYhsbFgcRKZ8hS0AXVrU,RI HAPPY,"Av. Tancredo Neves, 3133 - Lj 1.204 - Caminho das Árvores, Salvador - BA, 41820-021, Brazil",Salvador,board game,0,nao,loja,toy_store;point_of_interest;store;establishment,3.7,50,OPERATIONAL,http://www.rihappy.com.br/,,https://maps.google.com/?cid=13066656933767913257&g_mp=CiVnb29nbGUubWFwcy5wbGFjZXMudjEuUGxhY2VzLkdldFBsYWNlEAIYBCAA,2026-09-16,,,,sim,não,,
ChIJ____SAbhYY0RQ4c3KWejXXo,CAVERNA - COLLECTIBLE STORE,"Av. Ernestino Borges, 994f - Julião Ramos, Macapá - AP, 68908-198, Brazil",Macapá,board game,0,nao,loja,toy_store;store;point_of_interest;establishment,4.7,48,OPERATIONAL,https://www.lojascaverna.com.br/,,https://maps.google.com/?cid=8817383308929763139&g_mp=CiVnb29nbGUubWFwcy5wbGFjZXMudjEuUGxhY2VzLkdldFBsYWNlEAIYBCAA,2026-09-16,,,,sim,inconclusivo,sim,não
ChIJq8joJI6zGgcRvThchmOSbpY,Pinokio,"R. Dep. Euclídes Paes Mendonça, 102 - 13 de Julho, Aracaju - SE, 49025-000, Brazil",Aracaju,board game,0,nao,loja,toy_store;museum;manufacturer;store;point_of_interest;establishment,4.4,46,OPERATIONAL,https://meulink.com.vc/pinokio-brinquedos/,,https://maps.google.com/?cid=10839762309280970941&g_mp=CiVnb29nbGUubWFwcy5wbGFjZXMudjEuUGxhY2VzLkdldFBsYWNlEAIYBCAA,2026-09-16,,,,sim,inconclusivo,não,
ChIJl6FRe0zxXpMRzTecnTZJjHI,Mythos TCG,"R. Rio Verde, 412 - Jardim Guanabara, Goiânia - GO, 74786-395, Brazil",Goiânia,board game,0,nao,loja,toy_store;store;point_of_interest;establishment,4.8,44,OPERATIONAL,http://www.mythostcg.com.br/,,https://maps.google.com/?cid=8254052715984598989&g_mp=CiVnb29nbGUubWFwcy5wbGFjZXMudjEuUGxhY2VzLkdldFBsYWNlEAIYBCAA,2026-09-16,,,,sim,inconclusivo,sim,inconclusivo
ChIJRzrgF4cFk40RnT_HGVDoP9E,Gamingtechbv,"R. Profa. Antonia Cutrim, 1181 - Jardim Equatorial, Boa Vista - RR, 69316-755, Brazil",Boa Vista,board game,0,nao,loja,electronics_store;store;point_of_interest;establishment,5,37,OPERATIONAL,https://www.instagram.com/gamingtechbv?igsh=cGZuYnR4cWxmbmg0&utm_source=qr,gamingtechbv,https://maps.google.com/?cid=15078025508187226013&g_mp=CiVnb29nbGUubWFwcy5wbGFjZXMudjEuUGxhY2VzLkdldFBsYWNlEAIYBCAA,2026-09-16,,,,sim,não,,
ChIJgXiqqO0Fk40R97pZyQsIez4,Cris Variedades,"Av. Manoel Felipe, 2287 - Asa Branca, Boa Vista - RR, 69312-288, Brazil",Boa Vista,board game,0,nao,loja,store;point_of_interest;service;establishment,4.3,33,OPERATIONAL,,,https://maps.google.com/?cid=4502201099202706167&g_mp=CiVnb29nbGUubWFwcy5wbGFjZXMudjEuUGxhY2VzLkdldFBsYWNlEAIYBCAA,2026-09-16,,,,sim,não,,
ChIJh8fyHboYqwcRqcV2HDW3gRE,TechPrime Eletrônica,"R. Mário Campelo, 153b - Várzea, Recife - PE, 50741-430, Brazil",Recife,board game,0,nao,loja,store;point_of_interest;establishment,3.9,29,OPERATIONAL,,,https://maps.google.com/?cid=1261490809379145129&g_mp=CiVnb29nbGUubWFwcy5wbGFjZXMudjEuUGxhY2VzLkdldFBsYWNlEAIYBCAA,2026-09-16,,,,sim,inconclusivo,não,
ChIJAVLe6JMbFgcRvIe90u-2hr4,Vitoria Tendtudo Sussuarana,"Av. Ulysses Guimarães, 4300 - Novo Horizonte, Salvador - BA, 41218-700, Brazil",Vitória,board game,0,nao,loja,store;point_of_interest;establishment,4.3,25,OPERATIONAL,https://www.instagram.com/vitoriatendtudo/,vitoriatendtudo,https://maps.google.com/?cid=13728861655234611132&g_mp=CiVnb29nbGUubWFwcy5wbGFjZXMudjEuUGxhY2VzLkdldFBsYWNlEAIYBCAA,2026-09-16,,,,sim,não,,
ChIJuanmlmRJJ5URc1VBwA_dbEY,Man Cave Store - Unidade São José,"Ed. Empresarial Terra Firme - R. Domingos André Zanini, 277 - Lj 15 - Barreiros, São José - SC, 88117-907, Brazil",Florianópolis,board game,0,nao,loja,store;point_of_interest;establishment,4.7,24,OPERATIONAL,,,https://maps.google.com/?cid=5074673939859461491&g_mp=CiVnb29nbGUubWFwcy5wbGFjZXMudjEuUGxhY2VzLkdldFBsYWNlEAIYBCAA,2026-09-16,,,,sim,não,,
ChIJ_-9uwwSzGgcR7VGAawk4Pt8,Ag,"Av. Dr. José da Silva Ribeiro Filho, 18 - Siqueira Campos, Aracaju - SE, 49075-170, Brazil",Aracaju,board game,0,nao,loja,toy_store;store;point_of_interest;establishment,4.8,20,OPERATIONAL,http://www.agbrinquedos.com.br/,,https://maps.google.com/?cid=16086356532123423213&g_mp=CiVnb29nbGUubWFwcy5wbGFjZXMudjEuUGxhY2VzLkdldFBsYWNlEAIYBCAA,2026-09-16,,,,não,,não,
ChIJs1mLEhwYuAARLMxt9ng_Oqk,Casa Santa Clara,"Av. Des. Dermeval Lyrio, 640 - Mata da Praia, Vitória - ES, 29065-340, Brazil",Vitória,board game,0,nao,loja,toy_store;store;point_of_interest;establishment,5,20,OPERATIONAL,https://instagram.com/casa_santa_clara?igshid=YmMyMTA2M2Y=,casa_santa_clara,https://maps.google.com/?cid=12194128729822055468&g_mp=CiVnb29nbGUubWFwcy5wbGFjZXMudjEuUGxhY2VzLkdldFBsYWNlEAIYBCAA,2026-09-16,,,,sim,inconclusivo,sim,não
ChIJDbC4GnCzGgcRLp_J-WQBHZI,Figueiredo,"R. Santo Amaro, 196 - Centro, Aracaju - SE, 49010-290, Brazil",Aracaju,board game,0,nao,loja,toy_store;point_of_interest;store;establishment,4.3,18,OPERATIONAL,,,https://maps.google.com/?cid=10528573037061185326&g_mp=CiVnb29nbGUubWFwcy5wbGFjZXMudjEuUGxhY2VzLkdldFBsYWNlEAIYBCAA,2026-09-16,,,,sim,não,,
ChIJzfSIIQT_sgcRx98HUGGgte4,Kalunga,"Av. Sen. Salgado Filho, 1760 - Tirol, Natal - RN, 59022-000, Brazil",Natal,board game,0,nao,loja,store;point_of_interest;establishment,4.8,17,OPERATIONAL,https://www.kalunga.com.br/lojas/endereco/rio-grande-do-norte/18/horario-de-funcionamento/0215,,https://maps.google.com/?cid=17200830691626442695&g_mp=CiVnb29nbGUubWFwcy5wbGFjZXMudjEuUGxhY2VzLkdldFBsYWNlEAIYBCAA,2026-09-16,,,,sim,não,,
ChIJ_Y73NEM3jgcR5trTPurgMJQ,Dinolândia,"Av. Dom Severino, 2750 - Fátima, Teresina - PI, 64051-160, Brazil",Teresina,board game,0,nao,loja,toy_store;store;point_of_interest;establishment,4.5,14,OPERATIONAL,http://dinolandia.com.br/,,https://maps.google.com/?cid=10678282013176486630&g_mp=CiVnb29nbGUubWFwcy5wbGFjZXMudjEuUGxhY2VzLkdldFBsYWNlEAIYBCAA,2026-09-16,,,,sim,não,,
ChIJbR4fcvCN9gcRem3c3iqXjiM,Tear Store,"R. Tiracambu, 08 - Calhau, São Luís - MA, 65071-650, Brazil",São Luís,board game,0,nao,loja,toy_store;point_of_interest;store;establishment,5,14,OPERATIONAL,,,https://maps.google.com/?cid=2562151448403799418&g_mp=CiVnb29nbGUubWFwcy5wbGFjZXMudjEuUGxhY2VzLkdldFBsYWNlEAIYBCAA,2026-09-16,,,,sim,não,,
ChIJ8TTwiaazGgcRqhhXRMDd1PE,Frajola,"Av. Ministro Geraldo Barreto Sobral, 1486 - Jardins, Aracaju - SE, 49026-010, Brazil",Aracaju,board game,0,nao,loja,toy_store;point_of_interest;store;establishment,4.6,13,OPERATIONAL,https://instagram.com/frajolabrinquedos?utm_medium=copy_link,frajolabrinquedos,https://maps.google.com/?cid=17425796676053309610&g_mp=CiVnb29nbGUubWFwcy5wbGFjZXMudjEuUGxhY2VzLkdldFBsYWNlEAIYBCAA,2026-09-16,,,,sim,não,,
ChIJQb1nkDznhpQRSluY8_dwHzg,Dragons Animes,"R. Albert Sabin, 1030 - Vila Belo Horizonte, Campo Grande - MS, 79090-160, Brazil",Campo Grande,board game,0,nao,loja,store;point_of_interest;establishment,5,5,OPERATIONAL,https://dragonsanimes.smallpage.com.br/,,https://maps.google.com/?cid=4044075200648076106&g_mp=CiVnb29nbGUubWFwcy5wbGFjZXMudjEuUGxhY2VzLkdldFBsYWNlEAIYBCAA,2026-09-16,,,,sim,não,,
ChIJO5-CuLWPf5ERy2-W_UmDFps,LOJA DUO,"Estr. do Calafate, 3683 - Sl 2 - Calafete, Rio Branco - AC, 69914-320, Brazil",Rio Branco,board game,0,nao,loja,store;point_of_interest;establishment,5,2,OPERATIONAL,,,https://maps.google.com/?cid=11175263879176810443&g_mp=CiVnb29nbGUubWFwcy5wbGFjZXMudjEuUGxhY2VzLkdldFBsYWNlEAIYBCAA,2026-09-16,,,,sim,não,,
ChIJdwSwaKuP9gcRsjQilDYp6PY,Zastras São Luis,"Shopping - Av. Prof. Carlos Cunha, 1000 - Jaracaty, São Luís - MA, 65076-907, Brazil",São Luís,board game,0,nao,loja,toy_store;store;point_of_interest;establishment,5,2,OPERATIONAL,,,https://maps.google.com/?cid=17791515642317386930&g_mp=CiVnb29nbGUubWFwcy5wbGFjZXMudjEuUGxhY2VzLkdldFBsYWNlEAIYBCAA,2026-09-16,,,,sim,não,,
ChIJE9IvPYqNf5ERNjv4F--VtDw,"Cantinho Eletrônico, papelaria, artigo de presente e Lan house","Tv. Judia, 944 - Santa Inês, Rio Branco - AC, 69907-758, Brazil",Rio Branco,board game,0,nao,loja,point_of_interest;store;establishment,5,1,OPERATIONAL,https://trinta.shop/cantinhoeletronico,,https://maps.google.com/?cid=4374285992215460662&g_mp=CiVnb29nbGUubWFwcy5wbGFjZXMudjEuUGxhY2VzLkdldFBsYWNlEAIYBCAA,2026-09-16,,,,sim,não,,
ChIJM2mdl79NBQcRTG5dx_vBwOY,ESPORTE NET,"R. 146, 4 - Albano Franco, Nossa Sra. do Socorro - SE, 49153-250, Brazil",Aracaju,board game,0,nao,loja,store;point_of_interest;establishment,5,1,OPERATIONAL,,,https://maps.google.com/?cid=16627503111377612364&g_mp=CiVnb29nbGUubWFwcy5wbGFjZXMudjEuUGxhY2VzLkdldFBsYWNlEAIYBCAA,2026-09-16,,,,não,não se aplica,não,
ChIJtacvGS6zGgcR6mILAN2U66k,Cajucap,"R. José Emídio da Costa, 470 - América, Aracaju - SE, 49082-275, Brazil",Aracaju,board game,0,nao,loja,store;point_of_interest;establishment,5,1,OPERATIONAL,http://www.alampromotor.com.br/,,https://maps.google.com/?cid=12244043688846254826&g_mp=CiVnb29nbGUubWFwcy5wbGFjZXMudjEuUGxhY2VzLkdldFBsYWNlEAIYBCAA,2026-09-16,,,,sim,não,,
ChIJp9b1WCSO9gcRfrqopQWqASA,Shopping da Ilha,"Av. Daniel de La Touche, 987 - Cohama, São Luís - MA, 65061-901, Brazil",São Luís,board game;loja de RPG;loja de jogos de tabuleiro,2,sim,outro,shopping_mall;point_of_interest;establishment,4.6,35949,OPERATIONAL,http://www.shoppingdailha.com.br/,,https://maps.google.com/?cid=2306311425421261438&g_mp=CiVnb29nbGUubWFwcy5wbGFjZXMudjEuUGxhY2VzLkdldFBsYWNlEAIYBCAA,2026-09-16,,,,sim,não,,
ChIJC8k-3ZSxnZMR-AaUmrnn5ek,Shopping Popular,"Av. Manoel José de Arruda, 207 - Dom Aquino, Cuiabá - MT, 78005-500, Brazil",Cuiabá,loja de RPG;loja de jogos de tabuleiro,2,sim,outro,shopping_mall;point_of_interest;establishment,4.4,13735,OPERATIONAL,,,https://maps.google.com/?cid=16854131964852307704&g_mp=CiVnb29nbGUubWFwcy5wbGFjZXMudjEuUGxhY2VzLkdldFBsYWNlEAIYBCAA,2026-09-16,,,,sim,não,,
ChIJj2AvPX__sgcRNr1SxD-1jdU,Natal Shopping,"Avenida Senador Salgado Filho, 2234 - Av. das Brancas Dunas, 47 - Candelária, Natal - RN, 59064-900, Brazil",Natal,loja de card game,1,sim,outro,shopping_mall;point_of_interest;establishment,4.5,35838,OPERATIONAL,http://www.natalshopping.com.br/,,https://maps.google.com/?cid=15388154787276176694&g_mp=CiVnb29nbGUubWFwcy5wbGFjZXMudjEuUGxhY2VzLkdldFBsYWNlEAIYBCAA,2026-09-16,,,,sim,não,,
ChIJYelljYv_sgcR4cy4I9xeAA4,Via Direta Shopping,"Av. Sen. Salgado Filho, 2233 - Lagoa Nova, Natal - RN, 59078-000, Brazil",Natal,loja de jogos de tabuleiro,1,sim,outro,shopping_mall;point_of_interest;establishment,4.1,21790,OPERATIONAL,http://www.viadiretashopping.com.br/,,https://maps.google.com/?cid=1008910616116120801&g_mp=CiVnb29nbGUubWFwcy5wbGFjZXMudjEuUGxhY2VzLkdldFBsYWNlEAIYBCAA,2026-09-16,,,,sim,não,,
ChIJcczhkDVDMpIRHc2-kZBNycw,Havan Porto Velho,"Av. Gov. Jorge Teixeira, 2900 - Industrial, Porto Velho - RO, 76821-002, Brazil",Porto Velho,loja de card game,1,sim,loja,department_store;store;point_of_interest;establishment,4.5,11591,OPERATIONAL,https://www.havan.com.br/?utm_source=gmb&utm_medium=gmb-perfil&utm_campaign=lc_80,,https://maps.google.com/?cid=14756410937371970845&g_mp=CiVnb29nbGUubWFwcy5wbGFjZXMudjEuUGxhY2VzLkdldFBsYWNlEAIYBCAA,2026-09-16,,,,sim,não,,
ChIJkWTo6uLgYY0RMAORtzsC4FU,Villa Nova Shopping,"Av. Pres. Vargas, 341 - Centro, Macapá - AP, 68900-070, Brazil",Macapá,loja de RPG,1,sim,outro,shopping_mall;movie_theater;point_of_interest;establishment,4.4,6522,OPERATIONAL,https://macapa.movielandcinemas.com.br/,,https://maps.google.com/?cid=6187948343513121584&g_mp=CiVnb29nbGUubWFwcy5wbGFjZXMudjEuUGxhY2VzLkdldFBsYWNlEAIYBCAA,2026-09-16,,,,sim,não,,
ChIJKfNwfJSxnZMRfpBE1Onme6Y,Americanas,"R. Joaquim Murtinho, 196 - Centro Norte, Cuiabá - MT, 78005-290, Brazil",Cuiabá,loja de jogos de tabuleiro,1,sim,loja,department_store;cell_phone_store;electronics_store;clothing_store;home_goods_store;store;service;point_of_interest;establishment,4,1830,OPERATIONAL,https://www.americanas.com.br/nossas-lojas?utm_source=google&utm_medium=maps&utm_campaign=gmb_447&utm_content=mn_00_00_go_pacotelocal,,https://maps.google.com/?cid=11996435924394479742&g_mp=CiVnb29nbGUubWFwcy5wbGFjZXMudjEuUGxhY2VzLkdldFBsYWNlEAIYBCAA,2026-09-16,,,,sim,não,,
ChIJeSqczFWMf5ER4mlOg6vDcT0,Americanas,"Via Verde Shopping - Estr. da Floresta, 2320 - Floresta Sul, Rio Branco - AC, 69914-220, Brazil",Rio Branco,loja de card game,1,sim,loja,department_store;cell_phone_store;electronics_store;clothing_store;home_goods_store;store;service;point_of_interest;establishment,4,953,OPERATIONAL,https://www.americanas.com.br/nossas-lojas?utm_source=google&utm_medium=maps&utm_campaign=gmb_371&utm_content=mn_00_00_go_pacotelocal,,https://maps.google.com/?cid=4427535050091686370&g_mp=CiVnb29nbGUubWFwcy5wbGFjZXMudjEuUGxhY2VzLkdldFBsYWNlEAIYBCAA,2026-09-16,,,,sim,não,,
ChIJmWr7BqhdMpIRp3q6iQ1b1r8,Americanas,"Av. Rio Madeira, 3288 - Flodoaldo Pontes Pinto, Porto Velho - RO, 76820-408, Brazil",Porto Velho,loja de card game,1,sim,loja,department_store;cell_phone_store;electronics_store;clothing_store;home_goods_store;store;point_of_interest;service;establishment,4.1,615,OPERATIONAL,https://www.americanas.com.br/nossas-lojas?utm_source=google&utm_medium=maps&utm_campaign=gmb_321&utm_content=mn_00_00_go_pacotelocal,,https://maps.google.com/?cid=13823336219963718311&g_mp=CiVnb29nbGUubWFwcy5wbGFjZXMudjEuUGxhY2VzLkdldFBsYWNlEAIYBCAA,2026-09-16,,,,sim,não,,
ChIJfZbfeGSOpJIRWbpDnrXD7oo,Kawaii Club,"Av. Conselheiro Furtado, 3088 - Guamá, Belém - PA, 66063-060, Brazil",Belém,board game;loja de card game,1,sim,loja,gift_shop;clothing_store;store;point_of_interest;establishment,4.6,234,OPERATIONAL,https://www.facebook.com/kawaii.belem/,,https://maps.google.com/?cid=10011154206502926937&g_mp=CiVnb29nbGUubWFwcy5wbGFjZXMudjEuUGxhY2VzLkdldFBsYWNlEAIYBCAA,2026-09-16,,,,sim,não,,
ChIJm0XoJSyNf5ERmuz9HqoT63A,Americanas,"Av. Getúlio Vargas, 1348 - Bosque, Rio Branco - AC, 69940-046, Brazil",Rio Branco,loja de card game,1,sim,loja,department_store;cell_phone_store;electronics_store;clothing_store;home_goods_store;store;service;point_of_interest;establishment,4.2,225,OPERATIONAL,https://www.americanas.com.br/nossas-lojas?utm_source=google&utm_medium=maps&utm_campaign=gmb_1407&utm_content=mn_00_00_go_pacotelocal,,https://maps.google.com/?cid=8136618773160258714&g_mp=CiVnb29nbGUubWFwcy5wbGFjZXMudjEuUGxhY2VzLkdldFBsYWNlEAIYBCAA,2026-09-16,,,,sim,não,,
ChIJp8fL_CUIwQER-smXmhAbjio,Sakura Colecionáveis Eusébio,"Av. Eusébio de Queiroz, Loja PL 05 - Shopping - Tamatanduba, Eusébio - CE, 61760-000, Brazil",Fortaleza,loja de card game,1,sim,loja,locksmith;book_store;toy_store;clothing_store;service;point_of_interest;store;establishment,4.9,35,OPERATIONAL,https://pemcolecionaveis.com.br/,,https://maps.google.com/?cid=3066418154412952058&g_mp=CiVnb29nbGUubWFwcy5wbGFjZXMudjEuUGxhY2VzLkdldFBsYWNlEAIYBCAA,2026-09-16,,,,sim,não,,
ChIJ74urMl5HJ5URF27-9sgc7Ao,Decathlon Florianópolis,"SC-401, 3400 - Saco Grande, Florianópolis - SC, 88032-005, Brazil",Florianópolis,board game,0,sim,loja,sporting_goods_store;store;point_of_interest;establishment,4.5,19769,OPERATIONAL,https://www.decathlon.com.br/,,https://maps.google.com/?cid=787035684345900567&g_mp=CiVnb29nbGUubWFwcy5wbGFjZXMudjEuUGxhY2VzLkdldFBsYWNlEAIYBCAA,2026-09-16,,,,sim,não,,
ChIJsaXZ49VhpJIRfjecsk0yPHA,Havan Belém,"Rod. Augusto Montenegro, 2216 - Mangueirão, Belém - PA, 66640-000, Brazil",Belém,board game,0,sim,loja,department_store;womens_clothing_store;electronics_store;clothing_store;furniture_store;home_improvement_store;sporting_goods_store;home_goods_store;store;service;point_of_interest;establishment,4.5,5053,OPERATIONAL,https://www.havan.com.br/?utm_source=gmb&utm_medium=gmb-perfil&utm_campaign=lc_154,,https://maps.google.com/?cid=8087394340141021054&g_mp=CiVnb29nbGUubWFwcy5wbGFjZXMudjEuUGxhY2VzLkdldFBsYWNlEAIYBCAA,2026-09-16,,,,sim,não,,
ChIJRxoXyZnDrAcR2H6PXKsakLE,Havan João Pessoa,"R. Diógenes Chianca, S/N - Água Fria, João Pessoa - PB, 58053-000, Brazil",João Pessoa,board game,0,sim,loja,department_store;store;point_of_interest;establishment,4.5,4201,OPERATIONAL,https://www.havan.com.br/,,https://maps.google.com/?cid=12794755864654216920&g_mp=CiVnb29nbGUubWFwcy5wbGFjZXMudjEuUGxhY2VzLkdldFBsYWNlEAIYBCAA,2026-09-16,,,,sim,não,,
ChIJ899k6AKT9gcRVCcpeMrUdoc,Havan São Luís,"Av. Daniel de La Touche, 2 - Cohama, São Luís - MA, 65074-115, Brazil",São Luís,board game,0,sim,loja,department_store;point_of_interest;store;establishment,4.6,3126,OPERATIONAL,https://www.havan.com.br/?utm_source=gmb&utm_medium=gmb-perfil&utm_campaign=lc_187,,https://maps.google.com/?cid=9761223208436574036&g_mp=CiVnb29nbGUubWFwcy5wbGFjZXMudjEuUGxhY2VzLkdldFBsYWNlEAIYBCAA,2026-09-16,,,,sim,não,,
ChIJ9Qto49CZpgARtXGsIsbCTsM,Traquitana,"R. Raul Pompéia, 82 - São Pedro, Belo Horizonte - MG, 30330-080, Brazil",Belo Horizonte,board game,0,sim,loja,toy_store;book_store;clothing_store;store;point_of_interest;establishment,4.8,545,OPERATIONAL,https://www.traquitana.com.br/,,https://maps.google.com/?cid=14073400041820418485&g_mp=CiVnb29nbGUubWFwcy5wbGFjZXMudjEuUGxhY2VzLkdldFBsYWNlEAIYBCAA,2026-09-16,,,,sim,não,,
ChIJQaQJoHDLJJMREmjvw7DxEP4,Q Legal Utilidades Lar,"Quadra 103 Norte Rua NO 1 - Plano Diretor Norte, Palmas - TO, 77001-016, Brazil",Palmas,board game,0,sim,loja,furniture_store;home_improvement_store;home_goods_store;toy_store;store;service;point_of_interest;establishment,4.3,489,OPERATIONAL,https://www.instagram.com/qlegalpalmas?igsh=MWUyYmN0OWJsZmpwdw==,qlegalpalmas,https://maps.google.com/?cid=18307398226764851218&g_mp=CiVnb29nbGUubWFwcy5wbGFjZXMudjEuUGxhY2VzLkdldFBsYWNlEAIYBCAA,2026-09-16,,,,sim,não,,
ChIJDSja6N45jgcR0ZocNu9D8Fs,Mavelu Sports - Centro,"R. Eliseu Martins, 1198 - Centro (Sul), Teresina - PI, 64000-120, Brazil",Teresina,board game,0,sim,loja,sporting_goods_store;store;point_of_interest;establishment,4.3,421,OPERATIONAL,,,https://maps.google.com/?cid=6624869746546088657&g_mp=CiVnb29nbGUubWFwcy5wbGFjZXMudjEuUGxhY2VzLkdldFBsYWNlEAIYBCAA,2026-09-16,,,,sim,não,,
ChIJ4VyVb6iqswcR0fe5AnfoF9I,King of Sinucas,"Av. Coronel Estevam, 1329 - Alecrim, Natal - RN, 59030-000, Brazil",Natal,board game,0,sim,loja,sporting_goods_store;store;point_of_interest;establishment,4.6,57,OPERATIONAL,,,https://maps.google.com/?cid=15138824270273705937&g_mp=CiVnb29nbGUubWFwcy5wbGFjZXMudjEuUGxhY2VzLkdldFBsYWNlEAIYBCAA,2026-09-16,,,,sim,não,,
