place_id,nome,endereco,capital_endereco,origem,match_tipo,grupo_categoria,categorias_google,avaliacao_media,volume_avaliacoes,status_google,ultima_avaliacao_data,ativo_6m,site_ou_rede_social,instagram_usuario,telefone,link_google_maps,data_coleta,evidencia_espaco_jogo,relevante,politica_precificacao,modelo_alimentacao_bebidas,acervo_declarado
ChIJW3LzC-OZpgARnd4gdGxlzeA,MK Games BH,"R. da Bahia, 1032 - Sl 606 - Centro, Belo Horizonte - MG, 30160-010, Brazil",Belo Horizonte,busca_automatica,nome,loja,point_of_interest;store;establishment,4.9,3473,OPERATIONAL,,inconclusivo,http://www.mkgamesbh.com.br/,,+55 31 2527-0858,https://maps.google.com/?cid=16198714951200726685&g_mp=CiVnb29nbGUubWFwcy5wbGFjZXMudjEuUGxhY2VzLkdldFBsYWNlEAIYBCAA,2026-09-16,,,,,
ChIJtwr4B2uapgARmoNuWVdPSUY,ZEUS GAMES BH,"Av. Cristiano Machado, 1682 - Lj 12 - Cidade Nova, Belo Horizonte - MG, 31170-024, Brazil",Belo Horizonte,busca_automatica,nome,loja,store;point_of_interest;establishment,4.9,2301,OPERATIONAL,,inconclusivo,http://www.zeusgames.com.br/,,+55 31 2527-5080,https://maps.google.com/?cid=5064666492535997338&g_mp=CiVnb29nbGUubWFwcy5wbGFjZXMudjEuUGxhY2VzLkdldFBsYWNlEAIYBCAA,2026-09-16,,,,,
ChIJ6ZLMZw-XpgAR_OR6SwY5xKo,Shelf Bar e Jogos,"Av. do Contorno, 7287 - Lourdes, Belo Horizonte - MG, 30110-047, Brazil",Belo Horizonte,busca_automatica,nome,alimentos_bebidas,cocktail_bar;bar;point_of_interest;establishment,4.6,1505,OPERATIONAL,2026-06-08,sim,http://shelfbar.com.br/,,+55 31 98255-3780,https://maps.google.com/?cid=12305022781081969916&g_mp=CiVnb29nbGUubWFwcy5wbGFjZXMudjEuUGxhY2VzLkdldFBsYWNlEAIYBCAA,2026-09-01,,,,,
ChIJwaTDkNuZpgARtBvCnEZjrUY,Savassi Games,"Rua Antônio de Albuquerque, 606 - sala 203 - Praça da Savassi, Edifício Fraternia, mesmo prédio da Melissa Calçados - 2º andar - Savassi, Belo Horizonte - MG, 30112-010, Brazil",Belo Horizonte,busca_automatica,nome,loja,store;point_of_interest;establishment,4.8,1357,OPERATIONAL,2024-09-30,inconclusivo,https://savassigames.com.br/,,+55 31 99378-0001,https://maps.google.com/?cid=5092835908554726324&g_mp=CiVnb29nbGUubWFwcy5wbGFjZXMudjEuUGxhY2VzLkdldFBsYWNlEAIYBCAA,2026-09-01,,,,,
ChIJieP16UCZpgAR8zqQEUSe5oM,Stone Games,"Antônio Braga - Av. Afonso Pena, 578 - Sala 302 Ed - Centro, Belo Horizonte - MG, 30130-002, Brazil",Belo Horizonte,busca_automatica,nome,loja,store;point_of_interest;establishment,5,1318,OPERATIONAL,,inconclusivo,https://stonegamesloja.com.br/,,,https://maps.google.com/?cid=9504458078801640179&g_mp=CiVnb29nbGUubWFwcy5wbGFjZXMudjEuUGxhY2VzLkdldFBsYWNlEAIYBCAA,2026-09-16,,,,,
ChIJ-TwfHyaapgARy0qIc8g0r28,Taberna Santê,"R. Salinas, 2113 - Santa Tereza, Belo Horizonte - MG, 31015-115, Brazil",Belo Horizonte,busca_automatica,avaliacao,alimentos_bebidas,pub;brewery;bar;service;point_of_interest;manufacturer;food;establishment,4.6,1145,OPERATIONAL,2019-05-23,inconclusivo,http://www.instagram.com/tabernasante,tabernasante,+55 31 99140-9211,https://maps.google.com/?cid=8047709094670781131&g_mp=CiVnb29nbGUubWFwcy5wbGFjZXMudjEuUGxhY2VzLkdldFBsYWNlEAIYBCAA,2026-09-01,,,,,
ChIJKURw7A2apgARheRIbSu9Pgo,UGCardShop,"R. dos Pampas, 17 - Prado, Belo Horizonte - MG, 30411-073, Brazil",Belo Horizonte,busca_automatica,nome+avaliacao,loja,toy_store;store;point_of_interest;establishment,4.6,1030,OPERATIONAL,2024-07-04,inconclusivo,http://www.ugcardshop.com.br/,,+55 31 3654-9237,https://maps.google.com/?cid=738235383150077061&g_mp=CiVnb29nbGUubWFwcy5wbGFjZXMudjEuUGxhY2VzLkdldFBsYWNlEAIYBCAA,2026-09-01,,,,,
ChIJw_XYxmaZpgARvqB0k8rFBs8,Game X,"Av. Augusto de Lima, 479 - Sl 1511 - Centro, Belo Horizonte - MG, 30190-000, Brazil",Belo Horizonte,busca_automatica,nome,loja,store;point_of_interest;establishment,4.9,968,OPERATIONAL,,inconclusivo,http://www.gamexbh.com.br/,,+55 31 3646-3810,https://maps.google.com/?cid=14917828289559306430&g_mp=CiVnb29nbGUubWFwcy5wbGFjZXMudjEuUGxhY2VzLkdldFBsYWNlEAIYBCAA,2026-09-16,,,,,
ChIJAVe-obmWpgARQx8-GQoKutU,Elite Games BH,"Xingu Mall - Av. Abílio Machado, 1664 - Box 97/98 - Alípio de Melo, Belo Horizonte - MG, 30830-000, Brazil",Belo Horizonte,busca_automatica,nome,loja,electronics_store;store;point_of_interest;establishment,4.5,652,OPERATIONAL,,inconclusivo,http://www.elitegamesbh.com/,,+55 31 99131-0191,https://maps.google.com/?cid=15400632914236284739&g_mp=CiVnb29nbGUubWFwcy5wbGFjZXMudjEuUGxhY2VzLkdldFBsYWNlEAIYBCAA,2026-09-16,,,,,
ChIJDTIXkfuZpgAR4Wd-CrQu2Ik,BH Games,"R. Curvelo, 32 - Lj 15 - Floresta, Belo Horizonte - MG, 31015-172, Brazil",Belo Horizonte,busca_automatica,nome,loja,toy_store;point_of_interest;store;establishment,4.5,585,OPERATIONAL,,inconclusivo,http://www.bhgames.com.br/,,+55 31 2526-6990,https://maps.google.com/?cid=9932740328970676193&g_mp=CiVnb29nbGUubWFwcy5wbGFjZXMudjEuUGxhY2VzLkdldFBsYWNlEAIYBCAA,2026-09-16,,,,,
ChIJx5jr3zGXpgARQGx9eX7TDmY,LudoCafé,"R. Antônio Dias, 201 - Santo Antônio, Belo Horizonte - MG, 30350-150, Brazil",Belo Horizonte,busca_automatica,nome+avaliacao,alimentos_bebidas,cocktail_bar;bar;coffee_shop;food_store;cafe;store;restaurant;food;point_of_interest;establishment,4.6,585,OPERATIONAL,2026-07-07,sim,http://www.ludocafe.com.br/,,+55 31 3646-6046,https://maps.google.com/?cid=7354047781700201536&g_mp=CiVnb29nbGUubWFwcy5wbGFjZXMudjEuUGxhY2VzLkdldFBsYWNlEAIYBCAA,2026-09-01,,,,,
ChIJIcauleSZpgARDghXUEZX9gI,Taberna dos Games,"Av. Mem de Sá, 521 - Santa Efigênia, Belo Horizonte - MG, 30260-270, Brazil",Belo Horizonte,busca_automatica,nome,loja,toy_store;store;point_of_interest;establishment,4.5,378,OPERATIONAL,2021-10-13,inconclusivo,http://www.tabernadosgames.com.br/,,+55 31 3566-4705,https://maps.google.com/?cid=213453991853885454&g_mp=CiVnb29nbGUubWFwcy5wbGFjZXMudjEuUGxhY2VzLkdldFBsYWNlEAIYBCAA,2026-09-01,,,,,
ChIJrRfqRPSRpgARWfVpA_8eK7E,VAULT of cards,"Av. Augusto de Lima, 527 - Centro, Belo Horizonte - MG, 30190-000, Brazil",Belo Horizonte,busca_automatica,nome,loja,toy_store;store;point_of_interest;establishment,4.9,260,OPERATIONAL,,inconclusivo,https://www.vaultofcards.com.br/,,+55 31 3144-0311,https://maps.google.com/?cid=12766331649334572377&g_mp=CiVnb29nbGUubWFwcy5wbGFjZXMudjEuUGxhY2VzLkdldFBsYWNlEAIYBCAA,2026-09-16,,,,,
ChIJsUAT-dObpgARCT2C5QpnVKU,Garagem do Nerd,"R. Padre Júlio Maria, 93 - Vera Cruz, Belo Horizonte - MG, 30285-360, Brazil",Belo Horizonte,busca_automatica,nome+avaliacao,outro,sports_club;association_or_organization;point_of_interest;establishment,4.9,244,OPERATIONAL,2024-12-04,inconclusivo,https://garagemdonerd.com.br/,,+55 31 3452-5920,https://maps.google.com/?cid=11913260210799656201&g_mp=CiVnb29nbGUubWFwcy5wbGFjZXMudjEuUGxhY2VzLkdldFBsYWNlEAIYBCAA,2026-09-01,,,,,
ChIJpzB8zc2XpgARoJTUu90J6Pw,Comdado Bar e Jogos,"Av. Amazonas, 2310 - Santo Agostinho, Belo Horizonte - MG, 30180-012, Brazil",Belo Horizonte,busca_automatica,nome+avaliacao,alimentos_bebidas,cocktail_bar;bar;restaurant;food;store;point_of_interest;association_or_organization;establishment,4.4,158,OPERATIONAL,2025-12-07,inconclusivo,http://www.comdado.bar/?utm_source=google&utm_medium=wix_google_business_profile&utm_campaign=2515633343614986524,,+55 31 99935-2525,https://maps.google.com/?cid=18223826740098405536&g_mp=CiVnb29nbGUubWFwcy5wbGFjZXMudjEuUGxhY2VzLkdldFBsYWNlEAIYBCAA,2026-09-01,,,,,
ChIJVVWJxOaZpgARwOi0SIWndOw,Brechó Lúdico,"Av. Brasil, 1843 - Lourdes, Belo Horizonte - MG, 30140-008, Brazil",Belo Horizonte,busca_automatica,avaliacao,loja,toy_store;point_of_interest;association_or_organization;store;establishment,4.9,122,OPERATIONAL,2026-08-02,sim,https://brecholudico.com.br/,,+55 31 99386-8689,https://maps.google.com/?cid=17038427481141733568&g_mp=CiVnb29nbGUubWFwcy5wbGFjZXMudjEuUGxhY2VzLkdldFBsYWNlEAIYBCAA,2026-09-01,,,,,
ChIJv3fk2nqOpJIRhyuz_OgElJg,Oriental Video e Game,"R. dos Timbiras, 1354 - Batista Campos, Belém - PA, 66033-331, Brazil",Belém,busca_automatica,nome,loja,store;point_of_interest;establishment,4.4,622,OPERATIONAL,,inconclusivo,http://www.orientalgames.com.br/,,+55 91 3272-7670,https://maps.google.com/?cid=10994417989036747655&g_mp=CiVnb29nbGUubWFwcy5wbGFjZXMudjEuUGxhY2VzLkdldFBsYWNlEAIYBCAA,2026-09-16,,,,,
ChIJ-ZF-kTuKpJIRNW1TcmIqv1w,Play Games,"Av. Centenário, 1052 - Val-de-Cans, Belém - PA, 66617-418, Brazil",Belém,busca_automatica,nome,outro,amusement_park;amusement_center;point_of_interest;establishment,4.3,583,OPERATIONAL,2024-06-28,inconclusivo,,,+55 91 3199-3518,https://maps.google.com/?cid=6683106974354337077&g_mp=CiVnb29nbGUubWFwcy5wbGFjZXMudjEuUGxhY2VzLkdldFBsYWNlEAIYBCAA,2026-09-01,,,,,
ChIJ-97tiEeNpJIRb_eV7a-sxBs,Ludoteca Sidequest,"Av. Visc. de Souza Franco, 1313 - Umarizal, Belém - PA, 66053-000, Brazil",Belém,busca_automatica,nome+avaliacao,alimentos_bebidas,snack_bar;hamburger_restaurant;coffee_shop;cafe;meal_takeaway;food_store;american_restaurant;restaurant;food;store;point_of_interest;establishment,4.8,327,OPERATIONAL,2026-05-31,sim,https://ludotecasidequest.com.br/,,+55 91 98561-3484,https://maps.google.com/?cid=2000914006064625519&g_mp=CiVnb29nbGUubWFwcy5wbGFjZXMudjEuUGxhY2VzLkdldFBsYWNlEAIYBCAA,2026-09-01,,,,,
ChIJxdjX24uOpJIR8qZK9s7LF4s,Tsunami Games & Computers,"Galeria Center 48 - R. dos 48, 42 - Lj 4 - Batista Campos, Belém - PA, 66015-200, Brazil",Belém,busca_automatica,nome,loja,store;point_of_interest;establishment,4.2,250,OPERATIONAL,,inconclusivo,https://tsunami-games-dados-loja.netlify.app/,,,https://maps.google.com/?cid=10022703585492117234&g_mp=CiVnb29nbGUubWFwcy5wbGFjZXMudjEuUGxhY2VzLkdldFBsYWNlEAIYBCAA,2026-09-16,,,,,
ChIJ15nLgwAwWpMRY1whwD29ZSo,Ludoteca BGC,"BLOCO C - LOJA 02 - Asa Sul, Brasília - DF, 70254-530, Brazil",Brasília,busca_automatica,nome,loja,store;point_of_interest;establishment,4.7,1379,OPERATIONAL,2023-06-07,inconclusivo,http://www.ludoteca.com.br/,,+55 61 99662-7448,https://maps.google.com/?cid=3055055995154816099&g_mp=CiVnb29nbGUubWFwcy5wbGFjZXMudjEuUGxhY2VzLkdldFBsYWNlEAIYBCAA,2026-09-01,,,,,
ChIJzdFNP3AyWpMRH2P6HEuhE-I,Loja de Jogos - Asgard,"Rua 25 Sul, Lote 30 Bloco A loja 1 - Águas Claras, Brasília - DF, 71928-720, Brazil",Brasília,busca_automatica,nome+avaliacao,alimentos_bebidas,toy_store;bar;store;point_of_interest;establishment,4.7,754,OPERATIONAL,2022-10-25,inconclusivo,https://www.asgardstore.com.br/,,+55 61 3052-5345,https://maps.google.com/?cid=16290541621110006559&g_mp=CiVnb29nbGUubWFwcy5wbGFjZXMudjEuUGxhY2VzLkdldFBsYWNlEAIYBCAA,2026-09-01,,,,,
ChIJufQc34syWpMRI_AHegkG710,60 Minutos Escape Game - Píer 21,"St. de Clubes Esportivos Sul Trecho 2 - Asa Sul, Brasília - DF, 70200-002, Brazil",Brasília,busca_automatica,nome,outro,amusement_center;point_of_interest;establishment,4.8,724,OPERATIONAL,,inconclusivo,https://www.60minutosescape.com/?utm_source=google&utm_medium=wix_google_business_profile&utm_campaign=7970120473757230341,,+55 61 98135-4911,https://maps.google.com/?cid=6768635402732957731&g_mp=CiVnb29nbGUubWFwcy5wbGFjZXMudjEuUGxhY2VzLkdldFBsYWNlEAIYBCAA,2026-09-16,,,,,
ChIJdUv4La46WpMRnBvNknmOqWo,Inside Games,"SHCS CRS 513 BL B Loja 07 - Asa Sul, Brasília - DF, 70380-520, Brazil",Brasília,busca_automatica,nome+avaliacao,loja,toy_store;store;point_of_interest;establishment,4.6,640,OPERATIONAL,2026-03-22,sim,https://www.insidegamestore.com.br/,,+55 61 3551-0266,https://maps.google.com/?cid=7685830891889564572&g_mp=CiVnb29nbGUubWFwcy5wbGFjZXMudjEuUGxhY2VzLkdldFBsYWNlEAIYBCAA,2026-09-01,,,,,
ChIJk7PCx-07WpMRpKWoFqgjTgs,Toca do Tabuleiro,"SHCGN SCRN 708/709 subindo do Pão de Açúcar para o CEUB, Bloco G Loja 10 - Asa Norte, Brasília - DF, 70741-670, Brazil",Brasília,busca_automatica,nome,loja,toy_store;store;point_of_interest;establishment,4.9,634,OPERATIONAL,2026-07-06,sim,http://www.tocadotabuleiro.com/,,+55 61 92001-5615,https://maps.google.com/?cid=814627787442267556&g_mp=CiVnb29nbGUubWFwcy5wbGFjZXMudjEuUGxhY2VzLkdldFBsYWNlEAIYBCAA,2026-09-01,,,,,
ChIJye7AnK07WpMRC94S9hM95Y4,Orgutal Casa de Jogos,"CLN 205, bloco B, loja 11, 2º andar - Asa Norte, Brasília - DF, 70843-520, Brazil",Brasília,busca_automatica,nome,alimentos_bebidas,sports_bar;amusement_center;toy_store;bar;store;point_of_interest;establishment,4.7,466,OPERATIONAL,2019-12-21,inconclusivo,https://www.orgutal.com.br/,,+55 61 99699-5999,https://maps.google.com/?cid=10296703278994611723&g_mp=CiVnb29nbGUubWFwcy5wbGFjZXMudjEuUGxhY2VzLkdldFBsYWNlEAIYBCAA,2026-09-01,,,,,
ChIJ85OcFlgwWpMRk4N7_rQjh5A,TAVERNA DOS GAMES - Loja de Video Game,"Feira dos Importados - Sia Trecho 7, 438 - Bloco C - SIA, Brasília - DF, 71208-900, Brazil",Brasília,busca_automatica,nome,loja,store;point_of_interest;establishment,4.7,394,OPERATIONAL,2026-05-13,sim,https://meucomercio.com.br/tavernadosgames,,+55 61 99117-1963,https://maps.google.com/?cid=10414331923588154259&g_mp=CiVnb29nbGUubWFwcy5wbGFjZXMudjEuUGxhY2VzLkdldFBsYWNlEAIYBCAA,2026-09-01,,,,,
ChIJxe7p5Eo7WpMRd0sHLko77kU,Mercado RPG,"SCLRN 714 B. F, 34 - Asa Norte, Brasília - DF, 70760-556, Brazil",Brasília,busca_automatica,nome+avaliacao,loja,store;point_of_interest;establishment,4.9,277,OPERATIONAL,2026-08-03,sim,https://www.mercadorpg.com.br/,,+55 61 98137-4858,https://maps.google.com/?cid=5039030222860012407&g_mp=CiVnb29nbGUubWFwcy5wbGFjZXMudjEuUGxhY2VzLkdldFBsYWNlEAIYBCAA,2026-09-01,,,,,
ChIJN8BZeb85WpMRgVKT05caxB4,Utopia Games & Food,"SHCN CL QD 116 CLN 116 BLOCO I Lojas 31 e 35 subsolo - Asa Norte, Brasília - DF, 70773-590, Brazil",Brasília,busca_automatica,nome,alimentos_bebidas,pizza_restaurant;pizza_delivery;meal_delivery;toy_store;food_delivery;store;restaurant;food;point_of_interest;establishment,4.8,159,OPERATIONAL,2026-08-08,sim,https://utopiagames.com.br/,,+55 61 99966-9987,https://maps.google.com/?cid=2216926155965158017&g_mp=CiVnb29nbGUubWFwcy5wbGFjZXMudjEuUGxhY2VzLkdldFBsYWNlEAIYBCAA,2026-09-01,,,,,
ChIJ172cu2U7WpMR-GxnGmUHCkc,Gruta BSB,"SHCN CLN 406 Bloco E Lj 16/22 subsolo - Asa Norte, Brasília - DF, 70847-550, Brazil",Brasília,busca_automatica,avaliacao,loja,book_store;toy_store;store;point_of_interest;establishment,4.9,112,OPERATIONAL,2026-06-14,sim,http://www.grutabsb.com.br/,,+55 61 99880-9522,https://maps.google.com/?cid=5118912057276067064&g_mp=CiVnb29nbGUubWFwcy5wbGFjZXMudjEuUGxhY2VzLkdldFBsYWNlEAIYBCAA,2026-09-01,,,,,
ChIJyXjE650xWpMRJL-J6QbGkt4,FORTALÚDICA - BURGERS & JOGOS,"Guará II QE 26 BLOCO B Lj 31 - Guará, Brasília - DF, 71060-621, Brazil",Brasília,busca_automatica,nome+avaliacao,alimentos_bebidas,hamburger_restaurant;toy_store;american_restaurant;restaurant;food;store;point_of_interest;association_or_organization;establishment,4.8,105,OPERATIONAL,2026-07-04,sim,http://www.fortaludica.com.br/,,+55 61 98260-2566,https://maps.google.com/?cid=16038098956009979684&g_mp=CiVnb29nbGUubWFwcy5wbGFjZXMudjEuUGxhY2VzLkdldFBsYWNlEAIYBCAA,2026-09-01,,,,,
ChIJocsYG1Tl3JQR9Vyr3FONktI,Estação Games Curitiba,"Centro de Curitiba, Shopping Estação - Rebouças, Curitiba - PR, 80230-010, Brazil",Curitiba,busca_automatica,nome,loja,store;point_of_interest;establishment,4.9,2303,OPERATIONAL,,inconclusivo,http://www.estacaogamescuritiba.com.br/,,+55 41 99157-1758,https://maps.google.com/?cid=15173345485888642293&g_mp=CiVnb29nbGUubWFwcy5wbGFjZXMudjEuUGxhY2VzLkdldFBsYWNlEAIYBCAA,2026-09-16,,,,,
ChIJ0ftSGFzw3JQRtoakn1mqyOs,Geek Burguer,"Alameda Dr. Carlos de Carvalho, 805 - Centro, Curitiba - PR, 80410-180, Brazil",Curitiba,busca_automatica,nome+avaliacao,alimentos_bebidas,hamburger_restaurant;american_restaurant;restaurant;point_of_interest;food;establishment,4.4,2141,OPERATIONAL,2025-04-20,inconclusivo,https://instagram.com/geekburguer?utm_medium=copy_link,geekburguer,,https://maps.google.com/?cid=16990016896162367158&g_mp=CiVnb29nbGUubWFwcy5wbGFjZXMudjEuUGxhY2VzLkdldFBsYWNlEAIYBCAA,2026-09-01,,,,,
ChIJm6MFYxXk3JQRdlRAZV1Dtt4,XPlace Games,"R. Fernando de Noronha, 1069 - Boa Vista, Curitiba - PR, 82650-145, Brazil",Curitiba,busca_automatica,nome,loja,toy_store;store;service;point_of_interest;establishment,4.4,1161,OPERATIONAL,,inconclusivo,https://www.xplacegames.com.br/,,+55 41 3029-4900,https://maps.google.com/?cid=16048088390591075446&g_mp=CiVnb29nbGUubWFwcy5wbGFjZXMudjEuUGxhY2VzLkdldFBsYWNlEAIYBCAA,2026-09-16,,,,,
ChIJY_lqHVLl3JQRvDHacOMDKuc,BoardZ Game Pub,"R. Chile, 2077 - Rebouças, Curitiba - PR, 80220-181, Brazil",Curitiba,busca_automatica,nome+avaliacao,alimentos_bebidas,hamburger_restaurant;american_restaurant;restaurant;food;point_of_interest;establishment,4.8,776,OPERATIONAL,2024-11-09,inconclusivo,https://boardzgamepub.com.br/,,+55 41 3078-9343,https://maps.google.com/?cid=16657130447169008060&g_mp=CiVnb29nbGUubWFwcy5wbGFjZXMudjEuUGxhY2VzLkdldFBsYWNlEAIYBCAA,2026-09-01,,,,,
ChIJ1wjBJD7k3JQRQi7trfp_0aQ,Vila Celta Hobby Store - Jogos e Café,"Av. Pres. Getúlio Vargas, 659 - Rebouças, Curitiba - PR, 80240-040, Brazil",Curitiba,busca_automatica,nome,loja,toy_store;association_or_organization;store;point_of_interest;establishment,4.8,751,OPERATIONAL,2026-07-14,sim,https://reidascartinhas.com.br/,,+55 41 99228-5798,https://maps.google.com/?cid=11876414406989262402&g_mp=CiVnb29nbGUubWFwcy5wbGFjZXMudjEuUGxhY2VzLkdldFBsYWNlEAIYBCAA,2026-09-01,,,,,
ChIJv_pNE3Pl3JQRCVM-2vFQX6s,Start Games Sales and Service,"Av. Nossa Sra. de Lourdes, 63 - Centro, Curitiba - PR, 80230-010, Brazil",Curitiba,busca_automatica,nome,loja,point_of_interest;store;establishment,4.6,726,OPERATIONAL,,inconclusivo,http://www.videogamescuritiba.com.br/,,+55 41 99162-7044,https://maps.google.com/?cid=12348677702952047369&g_mp=CiVnb29nbGUubWFwcy5wbGFjZXMudjEuUGxhY2VzLkdldFBsYWNlEAIYBCAA,2026-09-16,,,,,
ChIJTdymzWTm3JQRSjlSLQyY1ts,Planeta Games,"anexo merc. atacadao - Av. Paraná, 3220 - Lj 21 - Boa Vista, Curitiba - PR, 82510-000, Brazil",Curitiba,busca_automatica,nome,loja,store;service;point_of_interest;establishment,4.9,700,OPERATIONAL,,inconclusivo,https://www.youtube.com/planetagamestv,,+55 41 3024-3013,https://maps.google.com/?cid=15841015917389691210&g_mp=CiVnb29nbGUubWFwcy5wbGFjZXMudjEuUGxhY2VzLkdldFBsYWNlEAIYBCAA,2026-09-16,,,,,
ChIJOczn8z7l3JQRNBEL_ZJ3iQo,Joyjoy Café,"Av. Presidente Affonso Camargo, 1939 - Lj 02 - Cristo Rei, Curitiba - PR, 80050-370, Brazil",Curitiba,busca_automatica,avaliacao,alimentos_bebidas,coffee_shop;cafe;association_or_organization;food_store;store;point_of_interest;food;establishment,4.8,690,OPERATIONAL,2026-06-06,sim,http://www.joyjoycafe.com.br/,,+55 41 99176-9659,https://maps.google.com/?cid=759269485382930740&g_mp=CiVnb29nbGUubWFwcy5wbGFjZXMudjEuUGxhY2VzLkdldFBsYWNlEAIYBCAA,2026-09-01,,,,,
ChIJc66HomXk3JQRNl28jz_VsPc,Taverna Game House,"R. Alferes Poli, 589 - Centro, Curitiba - PR, 80220-050, Brazil",Curitiba,busca_automatica,nome+avaliacao,loja,toy_store;point_of_interest;store;establishment,4.8,625,OPERATIONAL,2026-08-23,sim,https://www.tavernagamehouse.com.br/,,+55 41 99827-1180,https://maps.google.com/?cid=17847999792240418102&g_mp=CiVnb29nbGUubWFwcy5wbGFjZXMudjEuUGxhY2VzLkdldFBsYWNlEAIYBCAA,2026-09-01,,,,,
ChIJLVw9dV3j3JQRrIogSaHoM-c,Brasil Games,"Av. Pres. Kennedy, 4121 - L3 - Portão, Curitiba - PR, 80610-905, Brazil",Curitiba,busca_automatica,nome,loja,store;point_of_interest;establishment,4.3,617,OPERATIONAL,,inconclusivo,https://www.brasilgamescuritiba.com.br/,,+55 41 3212-3791,https://maps.google.com/?cid=16659915225987844780&g_mp=CiVnb29nbGUubWFwcy5wbGFjZXMudjEuUGxhY2VzLkdldFBsYWNlEAIYBCAA,2026-09-16,,,,,
ChIJeZDmeBzj3JQRpoWPbG-p7ek,Espião Games,"R. Prof. Pedro Viriato Parigot de Souza, 600 - Lj 2031 - Mossunguê, Curitiba - PR, 81200-100, Brazil",Curitiba,busca_automatica,nome,loja,electronics_store;store;point_of_interest;establishment,5,308,OPERATIONAL,,inconclusivo,https://www.espiaogames.com.br/,,+55 41 3019-2957,https://maps.google.com/?cid=16856315276345443750&g_mp=CiVnb29nbGUubWFwcy5wbGFjZXMudjEuUGxhY2VzLkdldFBsYWNlEAIYBCAA,2026-09-16,,,,,
ChIJ3ekLtDjl3JQRHwtNgmINgLo,Alçapão Jogos,"R. Mal. Hermes, 104 - Centro Cívico, Curitiba - PR, 80530-230, Brazil",Curitiba,busca_automatica,nome+avaliacao,loja,store;point_of_interest;establishment,5,219,OPERATIONAL,2026-06-08,sim,http://www.alcapaojogos.com.br/,,+55 41 99807-8863,https://maps.google.com/?cid=13438756004817603359&g_mp=CiVnb29nbGUubWFwcy5wbGFjZXMudjEuUGxhY2VzLkdldFBsYWNlEAIYBCAA,2026-09-01,,,,,
ChIJK5Dhtunj3JQRniPWHB3haDU,Paladino Hobbies,"R. Padre Anchieta, 2454 - Lj 24 - Bigorrilho, Curitiba - PR, 80730-000, Brazil",Curitiba,busca_automatica,avaliacao,loja,store;point_of_interest;establishment,4.8,188,OPERATIONAL,2025-03-08,inconclusivo,http://www.paladinohobbies.com.br/,,+55 41 3082-9520,https://maps.google.com/?cid=3848573396742185886&g_mp=CiVnb29nbGUubWFwcy5wbGFjZXMudjEuUGxhY2VzLkdldFBsYWNlEAIYBCAA,2026-09-01,,,,,
ChIJtUtmZB3l3JQRYb3sZEFlMXI,AC Games,"Av. Nossa Sra. de Lourdes, 63 - Lj 3C - Jardim das Américas, Curitiba - PR, 81530-020, Brazil",Curitiba,busca_automatica,nome,loja,electronics_store;store;point_of_interest;establishment,4.8,104,OPERATIONAL,,inconclusivo,http://www.acgamescuritiba.com.br/,,+55 41 98822-6161,https://maps.google.com/?cid=8228469325723123041&g_mp=CiVnb29nbGUubWFwcy5wbGFjZXMudjEuUGxhY2VzLkdldFBsYWNlEAIYBCAA,2026-09-16,,,,,
ChIJc3F7ka83J5URQZ1XTl-_iak,Chef on Play,"Rua kk - atrás do bem bolado bar - Praça Atílio ferreira, 07 - Trindade, Florianópolis - SC, 88080-701, Brazil",Florianópolis,busca_automatica,avaliacao,alimentos_bebidas,restaurant;sandwich_shop;food;point_of_interest;establishment,4.6,1204,OPERATIONAL,2026-04-19,sim,,,+55 48 3025-2433,https://maps.google.com/?cid=12216505880276344129&g_mp=CiVnb29nbGUubWFwcy5wbGFjZXMudjEuUGxhY2VzLkdldFBsYWNlEAIYBCAA,2026-09-01,,,,,
ChIJJz8-gcY3J5URYdZrEXdHaAk,Cineplay- Restaurante e Jogos,"R. Getúlio Vargas, 362 - Centro, São José - SC, 88103-400, Brazil",Florianópolis,busca_automatica,nome,alimentos_bebidas,restaurant;bar;food;point_of_interest;establishment,4.5,1154,OPERATIONAL,2026-02-22,inconclusivo,,,+55 48 99178-9013,https://maps.google.com/?cid=677870320638219873&g_mp=CiVnb29nbGUubWFwcy5wbGFjZXMudjEuUGxhY2VzLkdldFBsYWNlEAIYBCAA,2026-09-01,,,,,
ChIJ7ZioVfU3J5URMq3PGrI4mFw,Dragon's House Hobby Store,"R. Conselheiro Mafra, 246 - sobreloja - Centro, Florianópolis - SC, 88010-100, Brazil",Florianópolis,busca_automatica,avaliacao,loja,toy_store;point_of_interest;store;establishment,4.7,478,OPERATIONAL,2023-10-23,inconclusivo,https://www.dragonshouse.com.br/,,+55 48 3222-9793,https://maps.google.com/?cid=6672145185554541874&g_mp=CiVnb29nbGUubWFwcy5wbGFjZXMudjEuUGxhY2VzLkdldFBsYWNlEAIYBCAA,2026-09-01,,,,,
ChIJ62cIJ6A4J5URgMYeNA2aqJY,Game Mania,"Rod. Virgílio Várzea, 587 - Lj 2 - Saco Grande, Florianópolis - SC, 88032-005, Brazil",Florianópolis,busca_automatica,nome,loja,store;point_of_interest;establishment,4.7,400,OPERATIONAL,,inconclusivo,http://www.gamemania.com.br/,,+55 48 99692-0505,https://maps.google.com/?cid=10856096283276265088&g_mp=CiVnb29nbGUubWFwcy5wbGFjZXMudjEuUGxhY2VzLkdldFBsYWNlEAIYBCAA,2026-09-16,,,,,
ChIJk3dvafk4J5URzKOq9gwfq40,Game Mania,"Av. Me. Benvenuta, 687 - Lj 123 - Trindade, Florianópolis - SC, 88035-000, Brazil",Florianópolis,busca_automatica,nome,loja,store;point_of_interest;establishment,4.8,398,OPERATIONAL,,inconclusivo,http://www.gamemania.com.br/,,+55 48 99948-0176,https://maps.google.com/?cid=10208287120903807948&g_mp=CiVnb29nbGUubWFwcy5wbGFjZXMudjEuUGxhY2VzLkdldFBsYWNlEAIYBCAA,2026-09-16,,,,,
ChIJSRvZCyQ4J5URqYmD8UBSHUg,World Games,"lado esquerdo - R. Jerônimo Coelho, 95 - 1º andar - Centro, Florianópolis - SC, 88010-030, Brazil",Florianópolis,busca_automatica,nome,loja,cell_phone_store;toy_store;store;point_of_interest;establishment,4.3,341,OPERATIONAL,,inconclusivo,http://www.floripagames.com.br/,,+55 48 98439-9999,https://maps.google.com/?cid=5196399983938734505&g_mp=CiVnb29nbGUubWFwcy5wbGFjZXMudjEuUGxhY2VzLkdldFBsYWNlEAIYBCAA,2026-09-16,,,,,
ChIJawIVeV0JM0oR5BtnD_poQeA,CCG Floripa,"R. Lauro Linhares, 245 - Trindade, Florianópolis - SC, 88036-000, Brazil",Florianópolis,busca_automatica,avaliacao,loja,toy_store;store;point_of_interest;establishment,4.8,194,OPERATIONAL,2025-10-03,inconclusivo,http://www.grupoccg.com.br/,,,https://maps.google.com/?cid=16159312361191578596&g_mp=CiVnb29nbGUubWFwcy5wbGFjZXMudjEuUGxhY2VzLkdldFBsYWNlEAIYBCAA,2026-09-01,,,,,
ChIJISNOxQxJJ5UR1zgCl3TFoYM,Prime Games Shopping Itaguaçu,"R. Gerôncio Thives, 1079 - Barreiros, São José - SC, 88117-292, Brazil",Florianópolis,busca_automatica,nome,loja,store;point_of_interest;establishment,4.7,130,OPERATIONAL,,inconclusivo,,,+55 48 98828-4409,https://maps.google.com/?cid=9485079394759358679&g_mp=CiVnb29nbGUubWFwcy5wbGFjZXMudjEuUGxhY2VzLkdldFBsYWNlEAIYBCAA,2026-09-16,,,,,
ChIJDzdBh7JJxwcRrLtzKCo6J4Y,Smart Games,"R. Sen. Pompeu, 1099 - Centro, Fortaleza - CE, 60025-000, Brazil",Fortaleza,busca_automatica,nome,loja,store;point_of_interest;establishment,4.9,3821,OPERATIONAL,2026-02-10,inconclusivo,https://www.lojasmartgames.com.br/,,+55 85 98543-3076,https://maps.google.com/?cid=9666759077915769772&g_mp=CiVnb29nbGUubWFwcy5wbGFjZXMudjEuUGxhY2VzLkdldFBsYWNlEAIYBCAA,2026-09-01,,,,,
ChIJIXxKE9ZJxwcRJJN63tNslYg,Geek Bunker Burger (Parquelândia),"Av. Jovita Feitosa, 2802 - Parquelândia, Fortaleza - CE, 60455-410, Brazil",Fortaleza,busca_automatica,nome,alimentos_bebidas,hamburger_restaurant;american_restaurant;restaurant;food;point_of_interest;establishment,4.8,3224,OPERATIONAL,2026-07-22,sim,,,+55 85 99437-6332,https://maps.google.com/?cid=9841892217914561316&g_mp=CiVnb29nbGUubWFwcy5wbGFjZXMudjEuUGxhY2VzLkdldFBsYWNlEAIYBCAA,2026-09-01,,,,,
ChIJqYAh1TNGxwcRmyIPj0gMwpE,Game Station | Shopping RioMar Fortaleza,"R. Des. Lauro Nogueira, 1500 - Papicu, Fortaleza - CE, 60176-065, Brazil",Fortaleza,busca_automatica,nome,outro,amusement_park;shopping_mall;point_of_interest;establishment,4.4,2164,OPERATIONAL,2026-07-03,sim,https://www.gamestation.com.br/riomar-fortaleza.php,,+55 85 3234-7835,https://maps.google.com/?cid=10502970786758730395&g_mp=CiVnb29nbGUubWFwcy5wbGFjZXMudjEuUGxhY2VzLkdldFBsYWNlEAIYBCAA,2026-09-01,,,,,
ChIJvw-FWIlFxwcRSDuLMm65KxI,Power Games Matriz,"R. Dr. Gilberto Studart, 155 - Lj 26 - Cocó, Fortaleza - CE, 60190-750, Brazil",Fortaleza,busca_automatica,nome,loja,point_of_interest;store;establishment,4.9,999,OPERATIONAL,,inconclusivo,,,+55 85 98858-9832,https://maps.google.com/?cid=1309343999626787656&g_mp=CiVnb29nbGUubWFwcy5wbGFjZXMudjEuUGxhY2VzLkdldFBsYWNlEAIYBCAA,2026-09-16,,,,,
ChIJQ16a-_RFxwcRHvNLAXXnKHo,Power Games FILIAL - W.Soares,"Av. Washington Soares, 3000 - Loja 41 - Engenheiro Luciano Cavalcante, Fortaleza - CE, 60811-341, Brazil",Fortaleza,busca_automatica,nome,loja,store;point_of_interest;establishment,5,905,OPERATIONAL,,inconclusivo,,,+55 85 3273-6828,https://maps.google.com/?cid=8802539961414578974&g_mp=CiVnb29nbGUubWFwcy5wbGFjZXMudjEuUGxhY2VzLkdldFBsYWNlEAIYBCAA,2026-09-16,,,,,
ChIJ0yXbI35IxwcR0_jLi-uINUU,Balboa's Hobby Games,"R. Maria Tomásia, 208 - Aldeota, Fortaleza - CE, 60150-170, Brazil",Fortaleza,busca_automatica,nome+avaliacao,alimentos_bebidas,snack_bar;toy_store;meal_takeaway;store;restaurant;food;point_of_interest;establishment,4.8,881,OPERATIONAL,2022-10-18,inconclusivo,https://www.balboas.com.br/,,+55 85 98223-9922,https://maps.google.com/?cid=4987042707626784979&g_mp=CiVnb29nbGUubWFwcy5wbGFjZXMudjEuUGxhY2VzLkdldFBsYWNlEAIYBCAA,2026-09-01,,,,,
ChIJs9icn11JxwcR2ZrJkI7U5NY,Studio Games,"Av. Washington Soares, 85 - Edson Queiroz, Fortaleza - CE, 60811-341, Brazil",Fortaleza,busca_automatica,nome,loja,event_venue;electronics_store;sports_club;association_or_organization;point_of_interest;store;establishment,4.5,833,OPERATIONAL,,inconclusivo,https://studiogames.net.br/,,+55 85 99691-7942,https://maps.google.com/?cid=15484735127586183897&g_mp=CiVnb29nbGUubWFwcy5wbGFjZXMudjEuUGxhY2VzLkdldFBsYWNlEAIYBCAA,2026-09-16,,,,,
ChIJQURqeMZJxwcR95O-XLbS2mk,Dominaria Cards & Games,"R. Juvenal Galeno, 512 - Benfica, Fortaleza - CE, 60015-340, Brazil",Fortaleza,busca_automatica,nome+avaliacao,loja,store;point_of_interest;establishment,4.7,305,OPERATIONAL,2026-07-13,sim,http://www.dominariacg.com.br/,,+55 85 99814-8747,https://maps.google.com/?cid=7627640599587230711&g_mp=CiVnb29nbGUubWFwcy5wbGFjZXMudjEuUGxhY2VzLkdldFBsYWNlEAIYBCAA,2026-09-01,,,,,
ChIJrwA8RSpMxwcRgAAzTLpu0fo,Impacto Game Store,"Av. Benjamim Brasil, 1685 - Sl 34 - Maraponga, Fortaleza - CE, 60711-442, Brazil",Fortaleza,busca_automatica,nome,loja,store;point_of_interest;establishment,5,284,OPERATIONAL,,inconclusivo,,,+55 85 98538-5834,https://maps.google.com/?cid=18073348526035894400&g_mp=CiVnb29nbGUubWFwcy5wbGFjZXMudjEuUGxhY2VzLkdldFBsYWNlEAIYBCAA,2026-09-16,,,,,
ChIJvSrPaZ5JxwcRKAsZMUurQhA,Shark Games,"R. Padre Anchieta, 1295 - Monte Castelo, Fortaleza - CE, 60325-520, Brazil",Fortaleza,busca_automatica,nome,loja,toy_store;store;service;point_of_interest;establishment,4.5,226,OPERATIONAL,,inconclusivo,,,+55 85 3281-1405,https://maps.google.com/?cid=1171687192504372008&g_mp=CiVnb29nbGUubWFwcy5wbGFjZXMudjEuUGxhY2VzLkdldFBsYWNlEAIYBCAA,2026-09-16,,,,,
ChIJpd6kO-xIxwcRDV3Ucwnw_oc,JRGAMES,"Iguatemi - Aldeota, Fortaleza - CE, 60811-341, Brazil",Fortaleza,busca_automatica,nome,loja,store;point_of_interest;establishment,4.4,180,OPERATIONAL,,inconclusivo,http://www.jrgames.com.br/,,+55 85 3047-8283,https://maps.google.com/?cid=9799533762593447181&g_mp=CiVnb29nbGUubWFwcy5wbGFjZXMudjEuUGxhY2VzLkdldFBsYWNlEAIYBCAA,2026-09-16,,,,,
ChIJN1CQUH5JxwcR5RJbouX65_Y,Poppe Games | Loja de Videogames e Artigos de Jogos,"Av. Bezerra de Menezes, 2510 - Lj 10 - São Gerardo, Fortaleza - CE, 60325-902, Brazil",Fortaleza,busca_automatica,nome,loja,toy_store;store;point_of_interest;establishment,4.1,178,OPERATIONAL,,inconclusivo,https://www.northshoppingfortaleza.com.br/,,+55 85 98719-5642,https://maps.google.com/?cid=17791464717128766181&g_mp=CiVnb29nbGUubWFwcy5wbGFjZXMudjEuUGxhY2VzLkdldFBsYWNlEAIYBCAA,2026-09-16,,,,,
ChIJg8nBQmtJxwcRNmLMketFjys,Redzone Cards e Games,"Av. Edilson Brasil Soares, 770 - Segundo piso, Sala 3 - Edson Queiroz, Fortaleza - CE, 60821-775, Brazil",Fortaleza,busca_automatica,nome+avaliacao,loja,toy_store;store;point_of_interest;establishment,4.6,145,OPERATIONAL,2021-08-15,inconclusivo,,,+55 85 3085-2577,https://maps.google.com/?cid=3138804343366246966&g_mp=CiVnb29nbGUubWFwcy5wbGFjZXMudjEuUGxhY2VzLkdldFBsYWNlEAIYBCAA,2026-09-01,,,,,
ChIJ9QktIwBLxwcRxh5o-yafmc4,Geek Barra,"Av. Mozart Pinheiro de Lucena, 1460 - de Pinheiro, Fortaleza - CE, 60347-452, Brazil",Fortaleza,busca_automatica,nome,alimentos_bebidas,hamburger_restaurant;american_restaurant;restaurant;food;point_of_interest;establishment,4.9,134,OPERATIONAL,2026-08-04,sim,,,,https://maps.google.com/?cid=14887105033025363654&g_mp=CiVnb29nbGUubWFwcy5wbGFjZXMudjEuUGxhY2VzLkdldFBsYWNlEAIYBCAA,2026-09-01,,,,,
ChIJIWtBxwf0XpMRr8gIsppriLg,Planet games,"Av. São Paulo, 867 - St. Campinas, Goiânia - GO, 74510-030, Brazil",Goiânia,busca_automatica,nome,loja,cell_phone_store;electronics_store;store;point_of_interest;establishment,5,4096,OPERATIONAL,,inconclusivo,https://lojaplanetgames.com/,,+55 62 98644-4542,https://maps.google.com/?cid=13296996211967445167&g_mp=CiVnb29nbGUubWFwcy5wbGFjZXMudjEuUGxhY2VzLkdldFBsYWNlEAIYBCAA,2026-09-16,,,,,
ChIJXXKw4GLxXpMRKvxFi_qgAFw,MARIO GAMES,"Av. Assis Chateaubriand, 365 - St. Oeste, Goiânia - GO, 74130-010, Brazil",Goiânia,busca_automatica,nome,loja,toy_store;store;point_of_interest;establishment,4.9,1605,OPERATIONAL,,inconclusivo,,,+55 62 99263-4710,https://maps.google.com/?cid=6629475649428257834&g_mp=CiVnb29nbGUubWFwcy5wbGFjZXMudjEuUGxhY2VzLkdldFBsYWNlEAIYBCAA,2026-09-16,,,,,
ChIJ89uEICDxXpMRdaEvN0XiWK0,Paladins Game Store,"Galeria Free Shop - R. S-1, 54 - St. Bueno, Goiânia - GO, 74230-020, Brazil",Goiânia,busca_automatica,nome+avaliacao,loja,association_or_organization;store;point_of_interest;establishment,4.7,906,OPERATIONAL,2024-09-07,inconclusivo,http://www.paladinsgames.com.br/,,+55 62 98318-5020,https://maps.google.com/?cid=12490982353418559861&g_mp=CiVnb29nbGUubWFwcy5wbGFjZXMudjEuUGxhY2VzLkdldFBsYWNlEAIYBCAA,2026-09-01,,,,,
ChIJz8V7Ga3zXpMRP5m_dQimpZY,Loja Life Games,"R. 24, 802 - St. Central, Goiânia - GO, 74030-060, Brazil",Goiânia,busca_automatica,nome,loja,store;point_of_interest;establishment,4.9,815,OPERATIONAL,,inconclusivo,https://www.instagram.com/lojalifegames/,lojalifegames,+55 62 93594-8691,https://maps.google.com/?cid=10855265032111888703&g_mp=CiVnb29nbGUubWFwcy5wbGFjZXMudjEuUGxhY2VzLkdldFBsYWNlEAIYBCAA,2026-09-16,,,,,
ChIJp_9nKvvwXpMRHgJXGPtBPIo,Nitroxx Games,"Alameda João Elías da Silva Caldas, 474 - quadra 88a, lote 16 - St. Pedro Ludovico, Goiânia - GO, 74825-060, Brazil",Goiânia,busca_automatica,nome,alimentos_bebidas,hamburger_restaurant;banquet_hall;internet_cafe;electronics_store;event_venue;american_restaurant;restaurant;food;store;point_of_interest;service;establishment,4.8,525,OPERATIONAL,,inconclusivo,https://nitroxxgames.com.br/,,+55 62 3954-8168,https://maps.google.com/?cid=9960909022537646622&g_mp=CiVnb29nbGUubWFwcy5wbGFjZXMudjEuUGxhY2VzLkdldFBsYWNlEAIYBCAA,2026-09-16,,,,,
ChIJ3Z1tm_j1XpMRtMNMJofeUaA,Primo Games,"Av Anhanguera 8044 - Camelódromo de Campinas, 1 - stand 221 a 223 - St. Campinas, Goiânia - GO, 74523-605, Brazil",Goiânia,busca_automatica,nome,loja,store;point_of_interest;establishment,4.7,476,OPERATIONAL,,inconclusivo,http://www.lojaprimogames.com.br/,,+55 62 3291-3560,https://maps.google.com/?cid=11552259191226549172&g_mp=CiVnb29nbGUubWFwcy5wbGFjZXMudjEuUGxhY2VzLkdldFBsYWNlEAIYBCAA,2026-09-16,,,,,
ChIJ28YWgrb1XpMRMv6SpzX6y9s,Fire games,"Mega lojas Stand E1034/C1033 - Av. Anhanguera, quadra 83A - Campinas, Goiânia - GO, 74503-100, Brazil",Goiânia,busca_automatica,nome,loja,store;point_of_interest;establishment,4.9,314,OPERATIONAL,,inconclusivo,https://instagram.com/fiiregames?igshid=MzRlODBiNWFlZA==,fiiregames,+55 62 98319-5760,https://maps.google.com/?cid=15838027622930120242&g_mp=CiVnb29nbGUubWFwcy5wbGFjZXMudjEuUGxhY2VzLkdldFBsYWNlEAIYBCAA,2026-09-16,,,,,
ChIJsT8pxUPxXpMReGQSBqX-LSI,Solo Sacred Cards,"R. H-34, Qd 172 - Lt 2A - Conj. Estrela do Sul, Aparecida de Goiânia - GO, 74936-020, Brazil",Goiânia,busca_automatica,nome+avaliacao,loja,toy_store;store;point_of_interest;establishment,4.5,269,OPERATIONAL,2026-07-17,sim,https://solosagrado.com.br/,,+55 62 99688-2658,https://maps.google.com/?cid=2462904555966456952&g_mp=CiVnb29nbGUubWFwcy5wbGFjZXMudjEuUGxhY2VzLkdldFBsYWNlEAIYBCAA,2026-09-01,,,,,
ChIJq6rqcQf0XpMRvbIPAPinCfU,Guerra Games,"Av Anhanguera 8044, 74523-605 camelódromo de campinas 1 , Stand 128 e 129 - Coimbra, Goiânia - GO, 74523-605, Brazil",Goiânia,busca_automatica,nome,loja,store;point_of_interest;establishment,4.7,215,OPERATIONAL,,inconclusivo,https://links.guerragames.com.br/,,+55 62 99315-6585,https://maps.google.com/?cid=17656828497677497021&g_mp=CiVnb29nbGUubWFwcy5wbGFjZXMudjEuUGxhY2VzLkdldFBsYWNlEAIYBCAA,2026-09-16,,,,,
ChIJveqgLrLzXpMRCdIw_IiqVBA,Storm Acessórios,"R. Quatro, 1565 - Setor Aeroporto, Goiânia - GO, 74075-050, Brazil",Goiânia,busca_automatica,avaliacao,loja,toy_store;store;point_of_interest;establishment,4.9,165,OPERATIONAL,2026-07-24,sim,http://stormacessoriosbrasil.com.br/mini-bio-instagram,,+55 62 99282-6879,https://maps.google.com/?cid=1176752907973874185&g_mp=CiVnb29nbGUubWFwcy5wbGFjZXMudjEuUGxhY2VzLkdldFBsYWNlEAIYBCAA,2026-09-01,,,,,
ChIJvT1MC_L2XpMRCR2DAPE81YM,Bilhar Cidade,"R. Dinamarca, 701 - Qd 97 Lt 32 - Jardim Europa, Goiânia - GO, 74330-050, Brazil",Goiânia,busca_automatica,avaliacao,loja,sports_complex;event_venue;sporting_goods_store;sports_activity_location;point_of_interest;store;establishment,4.4,109,OPERATIONAL,2022-01-21,inconclusivo,https://www.bilharcidade.com.br/,,+55 62 3287-5588,https://maps.google.com/?cid=9499565994801306889&g_mp=CiVnb29nbGUubWFwcy5wbGFjZXMudjEuUGxhY2VzLkdldFBsYWNlEAIYBCAA,2026-09-01,,,,,
ChIJ5XUdKqYabJIRR6AMN_zwMQA,Livraria Leitura Amazonas,"Amazonas Shopping LOJA 420 PQR 2 PISO 482 - Av. Djalma Batista - Parque Dez de Novembro, Manaus - AM, 69055-038, Brazil",Manaus,busca_automatica,avaliacao,loja,book_store;point_of_interest;store;establishment,4.7,5271,OPERATIONAL,2025-02-09,inconclusivo,https://www.leitura.com.br/,,+55 92 3236-4901,https://maps.google.com/?cid=14057239904821319&g_mp=CiVnb29nbGUubWFwcy5wbGFjZXMudjEuUGxhY2VzLkdldFBsYWNlEAIYBCAA,2026-09-01,,,,,
ChIJryYmaX0FbJIRY1Msjnb-rVE,Beco Mágico Manaus,"R. Rio Purús, 629 - Nossa Sra. das Gracas, Manaus - AM, 69053-050, Brazil",Manaus,busca_automatica,nome,alimentos_bebidas,hamburger_restaurant;american_restaurant;restaurant;point_of_interest;food;establishment,4.9,1241,OPERATIONAL,2026-06-01,sim,https://becomagico.com.br/manaus/?utm_source=ig&utm_medium=social&utm_content=link_in_bio&fbclid=PAdGRleAQm1xFleHRuA2FlbQIxMQBzcnRjBmFwcF9pZA8xMjQwMjQ1NzQyODc0MTQAAaePqm5i5QCY0b0YEBsRtyDqFwL3WJf9kC4TCpUvZ-TvJPujzocBmmlORpzMAg_aem_RlyMgypZdVZ8z6bkoynZ1Q,,+55 92 98129-8347,https://maps.google.com/?cid=5885640073187971939&g_mp=CiVnb29nbGUubWFwcy5wbGFjZXMudjEuUGxhY2VzLkdldFBsYWNlEAIYBCAA,2026-09-01,,,,,
ChIJweOclBAQbJIRztG7ZblPNSk,Tetris Game Burger,"Av. Djalma Batista, 31 - Chapada, Manaus - AM, 69053-000, Brazil",Manaus,busca_automatica,nome,alimentos_bebidas,hamburger_restaurant;fast_food_restaurant;american_restaurant;restaurant;food;point_of_interest;establishment,4.4,821,OPERATIONAL,2023-03-12,inconclusivo,https://abre.ai/ifoodpedidosdelivery,,+55 92 99277-6544,https://maps.google.com/?cid=2969367187015061966&g_mp=CiVnb29nbGUubWFwcy5wbGFjZXMudjEuUGxhY2VzLkdldFBsYWNlEAIYBCAA,2026-09-01,,,,,
ChIJcwXuqGQFbJIRGz1gIKriRCA,Player Games,"Av. Getúlio Vargas, 219 - Centro, Manaus - AM, 69020-010, Brazil",Manaus,busca_automatica,nome,loja,internet_cafe;electronics_store;store;service;point_of_interest;establishment,4.9,361,OPERATIONAL,,inconclusivo,https://www.playergames.com.br/,,+55 800 245 0060,https://maps.google.com/?cid=2325232527945514267&g_mp=CiVnb29nbGUubWFwcy5wbGFjZXMudjEuUGxhY2VzLkdldFBsYWNlEAIYBCAA,2026-09-16,,,,,
ChIJE1I36GEFbJIRMxvlDnsif8U,Loja Calabouço,"R. 7 Cj. Shangrila IV, 21 - Quadra 7 - Parque 10 de Novembro, Manaus - AM, 69054-738, Brazil",Manaus,busca_automatica,avaliacao,loja,toy_store;store;point_of_interest;establishment,4.7,284,OPERATIONAL,2025-12-11,inconclusivo,https://www.lojacalabouco.com.br/,,+55 92 3029-8300,https://maps.google.com/?cid=14231131259440274227&g_mp=CiVnb29nbGUubWFwcy5wbGFjZXMudjEuUGxhY2VzLkdldFBsYWNlEAIYBCAA,2026-09-01,,,,,
ChIJpwS271sbbJIRDzSHeBJFQbg,KAZUMA GAMES,"R. Des. Filismino Soares, 50 B - Colônia Oliveira Machado, Manaus - AM, 69070-620, Brazil",Manaus,busca_automatica,nome,loja,electronics_store;store;point_of_interest;establishment,4.7,211,OPERATIONAL,,inconclusivo,,,+55 92 99240-0175,https://maps.google.com/?cid=13276969122098787343&g_mp=CiVnb29nbGUubWFwcy5wbGFjZXMudjEuUGxhY2VzLkdldFBsYWNlEAIYBCAA,2026-09-16,,,,,
ChIJg0IM1HgbbJIRlRhtjzrsm0M,Player Games,"Av. Djalma Batista, 1929 - Lj 10 - Chapada, Manaus - AM, 69050-010, Brazil",Manaus,busca_automatica,nome,loja,internet_cafe;electronics_store;service;point_of_interest;store;establishment,4.8,174,OPERATIONAL,,inconclusivo,http://www.playergames.com.br/,,+55 800 245 0060,https://maps.google.com/?cid=4871747158189873301&g_mp=CiVnb29nbGUubWFwcy5wbGFjZXMudjEuUGxhY2VzLkdldFBsYWNlEAIYBCAA,2026-09-16,,,,,
ChIJMZANeqQabJIRWOafgRjXIMM,Loja Daisuki Card Game Shop,"R. Wilson de Castro, 42 - Conjunto Eldorado, Manaus - AM, 69050-160, Brazil",Manaus,busca_automatica,nome+avaliacao,loja,toy_store;point_of_interest;store;establishment,4.7,106,OPERATIONAL,2025-12-05,inconclusivo,https://www.lojadaisuki.com.br/,,+55 92 99982-1251,https://maps.google.com/?cid=14060474536904615512&g_mp=CiVnb29nbGUubWFwcy5wbGFjZXMudjEuUGxhY2VzLkdldFBsYWNlEAIYBCAA,2026-09-01,,,,,
ChIJc6LYVAd5GZURtPeFIuwNdAg,Nerdz,"R. Sarmento Leite, 627 - Centro Histórico, Porto Alegre - RS, 90050-170, Brazil",Porto Alegre,busca_automatica,nome+avaliacao,loja,toy_store;book_store;association_or_organization;store;point_of_interest;establishment,4.8,2180,OPERATIONAL,2022-12-12,inconclusivo,https://lojanerdz.com.br/,,+55 51 3028-1426,https://maps.google.com/?cid=609127157444507572&g_mp=CiVnb29nbGUubWFwcy5wbGFjZXMudjEuUGxhY2VzLkdldFBsYWNlEAIYBCAA,2026-09-01,,,,,
ChIJsQAebvp4GZURq9U8W7FqO1c,Ri Happy Toys,"Av. Borges de Medeiros, 1181 - Piso 1 - Praia de Belas, Porto Alegre - RS, 90110-001, Brazil",Porto Alegre,busca_automatica,avaliacao,loja,toy_store;store;point_of_interest;establishment,4.4,1308,OPERATIONAL,2023-08-08,inconclusivo,http://rihappy.com.br/,,+55 51 3084-5499,https://maps.google.com/?cid=6285735014898128299&g_mp=CiVnb29nbGUubWFwcy5wbGFjZXMudjEuUGxhY2VzLkdldFBsYWNlEAIYBCAA,2026-09-01,,,,,
ChIJHSDPTgF5GZURKmSqKITyoGM,Arcadea Gaming Pub,"R. Gen. Neto, 440 - Moinhos de Vento, Porto Alegre - RS, 90560-020, Brazil",Porto Alegre,busca_automatica,avaliacao,alimentos_bebidas,bar;point_of_interest;establishment,4.2,1087,OPERATIONAL,2026-02-07,inconclusivo,https://arcadeapub.com.br/,,+55 51 99652-4436,https://maps.google.com/?cid=7179004455460430890&g_mp=CiVnb29nbGUubWFwcy5wbGFjZXMudjEuUGxhY2VzLkdldFBsYWNlEAIYBCAA,2026-09-01,,,,,
ChIJMxLojXp3GZURO6vAFudn0Xk,Tondin Games,"Av. Assis Brasil, 3535 - Sl 1215 - Jardim Lindóia, Porto Alegre - RS, 91010-007, Brazil",Porto Alegre,busca_automatica,nome,loja,store;point_of_interest;establishment,4.9,455,OPERATIONAL,,inconclusivo,http://www.tondingames.com.br/,,+55 51 98596-2603,https://maps.google.com/?cid=8777911390938639163&g_mp=CiVnb29nbGUubWFwcy5wbGFjZXMudjEuUGxhY2VzLkdldFBsYWNlEAIYBCAA,2026-09-16,,,,,
ChIJV8oXhgV5GZURziXuQ4QUGCg,Ilusões Industriais,"R. Riachuelo, 1334 - Lj 6 - Centro Histórico, Porto Alegre - RS, 90010-273, Brazil",Porto Alegre,busca_automatica,avaliacao,loja,store;point_of_interest;establishment,4.5,434,OPERATIONAL,2026-07-28,sim,https://www.lojailusoes.com.br/,,+55 51 3212-7657,https://maps.google.com/?cid=2889081719266092494&g_mp=CiVnb29nbGUubWFwcy5wbGFjZXMudjEuUGxhY2VzLkdldFBsYWNlEAIYBCAA,2026-09-01,,,,,
ChIJMyZxrKuDGZURY4QmuB42th4,B&B Games,"R. Cel. Aparício Borges, 250 - Teresópolis, Porto Alegre - RS, 90680-570, Brazil",Porto Alegre,busca_automatica,nome,loja,electronics_store;point_of_interest;store;establishment,4.6,341,OPERATIONAL,,inconclusivo,http://instagram.com/bebgamesteresopolis,bebgamesteresopolis,+55 51 99650-0829,https://maps.google.com/?cid=2213015772465628259&g_mp=CiVnb29nbGUubWFwcy5wbGFjZXMudjEuUGxhY2VzLkdldFBsYWNlEAIYBCAA,2026-09-16,,,,,
ChIJZeaWMGaCGZURbQaAIwBfxus,FM games,"Av. da Cavalhada, 2360 - Lj 105 - Cavalhada, Porto Alegre - RS, 91740-000, Brazil",Porto Alegre,busca_automatica,nome,loja,store;point_of_interest;establishment,4.8,319,OPERATIONAL,,inconclusivo,https://instagram.com/_fmgames?igshid=MzNlNGNkZWQ4Mg==,_fmgames,+55 51 99963-9229,https://maps.google.com/?cid=16989371098502006381&g_mp=CiVnb29nbGUubWFwcy5wbGFjZXMudjEuUGxhY2VzLkdldFBsYWNlEAIYBCAA,2026-09-16,,,,,
ChIJ4d68w215GZURtJ7UClWQ4o4,BeB Games Shop,"Av. Diário de Notícias, 300 - Cristal, Porto Alegre - RS, 90810-080, Brazil",Porto Alegre,busca_automatica,nome,loja,cell_phone_store;electronics_store;service;point_of_interest;store;establishment,4.8,305,OPERATIONAL,,inconclusivo,http://www.bebshop.com.br/,,+55 51 3276-4476,https://maps.google.com/?cid=10295950393050701492&g_mp=CiVnb29nbGUubWFwcy5wbGFjZXMudjEuUGxhY2VzLkdldFBsYWNlEAIYBCAA,2026-09-16,,,,,
ChIJN76CzJ53GZURfenXtnLLbOw,Checkpoint Games,"Bourbon Shopping Country - Av. Túlio de Rose, 80 - 77 - Passo d'Areia, Porto Alegre - RS, 91340-080, Brazil",Porto Alegre,busca_automatica,nome,loja,store;point_of_interest;establishment,4.5,298,OPERATIONAL,,inconclusivo,,,+55 51 3311-0109,https://maps.google.com/?cid=17036215183990057341&g_mp=CiVnb29nbGUubWFwcy5wbGFjZXMudjEuUGxhY2VzLkdldFBsYWNlEAIYBCAA,2026-09-16,,,,,
ChIJMaUOsUCCGZUR5eX8QrUL7Io,DM Games,"Rua Victor Silva, 229 - Lj 05 - Camaquã, Porto Alegre - RS, 91920-530, Brazil",Porto Alegre,busca_automatica,nome,loja,store;point_of_interest;establishment,4.8,160,OPERATIONAL,,inconclusivo,,,+55 51 99161-2686,https://maps.google.com/?cid=10010388944878626277&g_mp=CiVnb29nbGUubWFwcy5wbGFjZXMudjEuUGxhY2VzLkdldFBsYWNlEAIYBCAA,2026-09-16,,,,,
ChIJQZTAXgh5GZUREobgHwJtGJ4,Vídeo Game Porto Alegre,"Av. Alberto Bins, 308 - Sl 12 - Centro Histórico, Porto Alegre - RS, 90030-140, Brazil",Porto Alegre,busca_automatica,nome,loja,store;point_of_interest;establishment,4.5,156,OPERATIONAL,,inconclusivo,https://www.videogameportoalegre.com.br/,,+55 51 98299-2876,https://maps.google.com/?cid=11391975113325839890&g_mp=CiVnb29nbGUubWFwcy5wbGFjZXMudjEuUGxhY2VzLkdldFBsYWNlEAIYBCAA,2026-09-16,,,,,
ChIJi8IQud95GZURGnZXARGazCw,LS Gamestore,"R. Riachuelo, 1038 - Sl 705 - Centro Histórico, Porto Alegre - RS, 90010-272, Brazil",Porto Alegre,busca_automatica,nome,loja,electronics_store;cell_phone_store;toy_store;store;point_of_interest;establishment,4.9,149,OPERATIONAL,,inconclusivo,,,+55 51 99167-6603,https://maps.google.com/?cid=3228124430745433626&g_mp=CiVnb29nbGUubWFwcy5wbGFjZXMudjEuUGxhY2VzLkdldFBsYWNlEAIYBCAA,2026-09-16,,,,,
ChIJk41d7DsfqwcR5-mZtALjDGI,Game Station - RioMar Shopping,"Av. República do Líbano, 251 - Pina, Recife - PE, 51110-160, Brazil",Recife,busca_automatica,nome,loja,video_arcade;bowling_alley;department_store;amusement_park;park;sports_complex;amusement_center;store;sports_activity_location;point_of_interest;establishment,4.4,3301,OPERATIONAL,2022-08-19,inconclusivo,http://gamestation.com.br/bowling.php,,+55 81 3032-3981,https://maps.google.com/?cid=7065271516196891111&g_mp=CiVnb29nbGUubWFwcy5wbGFjZXMudjEuUGxhY2VzLkdldFBsYWNlEAIYBCAA,2026-09-01,,,,,
ChIJNeYc0h4fqwcR4F0JqfKlFeI,Game Station - Shopping Recife,"R. Padre Carapuceiro, 777 - Boa Viagem, Recife - PE, 51020-900, Brazil",Recife,busca_automatica,nome,outro,shopping_mall;amusement_center;point_of_interest;establishment,4.4,2505,OPERATIONAL,2024-12-01,inconclusivo,http://www.shoppingrecife.com.br/,,+55 81 3326-8420,https://maps.google.com/?cid=16291109688719269344&g_mp=CiVnb29nbGUubWFwcy5wbGFjZXMudjEuUGxhY2VzLkdldFBsYWNlEAIYBCAA,2026-09-01,,,,,
ChIJrU2D9bkYqwcRMw5QIH_W93Y,Doutor Game,"R. Ijuí, 293 - Torrões, Recife - PE, 50640-070, Brazil",Recife,busca_automatica,nome,loja,electronics_store;store;service;point_of_interest;establishment,4.8,1369,OPERATIONAL,,inconclusivo,http://www.doutorgame.com.br/,,+55 81 98676-3169,https://maps.google.com/?cid=8572556257214336563&g_mp=CiVnb29nbGUubWFwcy5wbGFjZXMudjEuUGxhY2VzLkdldFBsYWNlEAIYBCAA,2026-09-16,,,,,
ChIJeSyfsJEYqwcR69zU77zoFkE,Magic Center Recife,"Condomínio do Edificio Pessoa de Melo - Av. Conde da Boa Vista, 50 - Sl 105 - Boa Vista, Recife - PE, 50060-004, Brazil",Recife,busca_automatica,nome,loja,movie_rental;book_store;toy_store;clothing_store;service;point_of_interest;store;establishment,4.1,415,OPERATIONAL,,inconclusivo,https://www.instagram.com/magiccenterrecife/,magiccenterrecife,+55 81 98470-3176,https://maps.google.com/?cid=4690191960128150763&g_mp=CiVnb29nbGUubWFwcy5wbGFjZXMudjEuUGxhY2VzLkdldFBsYWNlEAIYBCAA,2026-09-16,,,,,
ChIJSTIV-KIfqwcROAjEHdlnidY,UNIGAMES,"R. Padre Carapuceiro, 777 - Lj PC159 - Boa Viagem, Recife - PE, 51020-280, Brazil",Recife,busca_automatica,nome,loja,electronics_store;store;point_of_interest;establishment,4.6,376,OPERATIONAL,,inconclusivo,https://lojasunigames.com.br/lojas-fisicas/,,+55 81 98891-2358,https://maps.google.com/?cid=15459001378130888760&g_mp=CiVnb29nbGUubWFwcy5wbGFjZXMudjEuUGxhY2VzLkdldFBsYWNlEAIYBCAA,2026-09-16,,,,,
ChIJlcJzpK0ZqwcRsxKaaA1uaek,UNIGAMES TACARUNA,"Av. Gov. Agamenon Magalhães, 153 - Lj 346A - Santo Amaro, Recife - PE, 50110-000, Brazil",Recife,busca_automatica,nome,loja,store;point_of_interest;establishment,4.6,354,OPERATIONAL,,inconclusivo,http://instagram.com/unigames_lojas/,unigames_lojas,+55 81 3221-0255,https://maps.google.com/?cid=16819095287260385971&g_mp=CiVnb29nbGUubWFwcy5wbGFjZXMudjEuUGxhY2VzLkdldFBsYWNlEAIYBCAA,2026-09-16,,,,,
ChIJ-wTWYac9qwcRyXowXrwQI8U,UNIGAMES PATTEO,"R. Carmelita Muniz de Araújo, 225 - Lj 1085 - Casa Caiada, Olinda - PE, 53130-645, Brazil",Recife,busca_automatica,nome,loja,cell_phone_store;electronics_store;store;point_of_interest;service;establishment,4.4,243,OPERATIONAL,,inconclusivo,https://lojasunigames.com.br/,,+55 81 3431-1481,https://maps.google.com/?cid=14205216050876807881&g_mp=CiVnb29nbGUubWFwcy5wbGFjZXMudjEuUGxhY2VzLkdldFBsYWNlEAIYBCAA,2026-09-16,,,,,
ChIJq6qRzLnhqgcRSK28MQl1DPU,Unigames Guararapes,"Av. Barreto de Menezes, 800 - 240 - Piedade, Jaboatão dos Guararapes - PE, 54410-100, Brazil",Recife,busca_automatica,nome,loja,store;point_of_interest;establishment,4.5,213,OPERATIONAL,,inconclusivo,http://lojasunigames.com.br/,,+55 81 3080-2343,https://maps.google.com/?cid=17657616921362476360&g_mp=CiVnb29nbGUubWFwcy5wbGFjZXMudjEuUGxhY2VzLkdldFBsYWNlEAIYBCAA,2026-09-16,,,,,
ChIJXTlPZ08aqwcRxSWVMwAP0ug,Império dos Games,"Av. Dr. Belminio Correia, 924 - Bairro Novo do Carmelo, Camaragibe - PE, 54762-303, Brazil",Recife,busca_automatica,nome,loja,store;point_of_interest;establishment,4.3,211,OPERATIONAL,,inconclusivo,,,+55 81 3456-1291,https://maps.google.com/?cid=16776488055448348101&g_mp=CiVnb29nbGUubWFwcy5wbGFjZXMudjEuUGxhY2VzLkdldFBsYWNlEAIYBCAA,2026-09-16,,,,,
ChIJRUjwU66WoGgRzc9yJU7jkwM,Nala Land - Bar de Jogos de Tabuleiro em Recife,"R. Raul Pompéia, 271 - Arruda, Recife - PE, 52120-150, Brazil",Recife,busca_automatica,nome+avaliacao,alimentos_bebidas,hamburger_restaurant;snack_bar;meal_takeaway;american_restaurant;restaurant;food;point_of_interest;association_or_organization;establishment,4.9,206,OPERATIONAL,2026-04-05,sim,https://nala.lends.com.br/,,+55 81 99626-1703,https://maps.google.com/?cid=257799528465485773&g_mp=CiVnb29nbGUubWFwcy5wbGFjZXMudjEuUGxhY2VzLkdldFBsYWNlEAIYBCAA,2026-09-01,,,,,
ChIJJ216gWsbqwcRgjCwj5wYp-0,Mochila Geek,"Av. Dr. Belmino Correia, 2318 - Timbi, Camaragibe - PE, 54762-303, Brazil",Recife,busca_automatica,nome,loja,toy_store;store;point_of_interest;establishment,4.9,147,OPERATIONAL,2026-05-19,sim,http://www.mochilageek.com.br/,,+55 81 99798-2885,https://maps.google.com/?cid=17124683168804253826&g_mp=CiVnb29nbGUubWFwcy5wbGFjZXMudjEuUGxhY2VzLkdldFBsYWNlEAIYBCAA,2026-09-01,,,,,
ChIJeUSEjrkYqwcRl3gXQXsmECQ,Top Games,"R. Camboa do Carmo, 43 - Santo Antônio, Recife - PE, 50010-390, Brazil",Recife,busca_automatica,nome,loja,store;service;point_of_interest;establishment,4.1,141,OPERATIONAL,,inconclusivo,,,+55 81 3037-0224,https://maps.google.com/?cid=2598619295807666327&g_mp=CiVnb29nbGUubWFwcy5wbGFjZXMudjEuUGxhY2VzLkdldFBsYWNlEAIYBCAA,2026-09-16,,,,,
ChIJ3aOySD8fqwcRM5jPRigh9jk,L.B GAMES,"R. Padre Carapuceiro, 800 - Boa Viagem, Recife - PE, 51020-000, Brazil",Recife,busca_automatica,nome,loja,store;point_of_interest;establishment,4.5,112,OPERATIONAL,,inconclusivo,https://www.instagram.com/l_b_games?igsh=MXRyZnp6a3Vza3pteg==,l_b_games,+55 81 99926-2692,https://maps.google.com/?cid=4176562161303132211&g_mp=CiVnb29nbGUubWFwcy5wbGFjZXMudjEuUGxhY2VzLkdldFBsYWNlEAIYBCAA,2026-09-16,,,,,
ChIJu1yUroF_mQAR7qxqAfxKSw4,Game Of Boards,"Rua da Passagem, 142 - Botafogo, Rio de Janeiro - RJ, 22290-031, Brazil",Rio de Janeiro,ambas,nome+avaliacao,loja,store;point_of_interest;establishment,4.7,1077,OPERATIONAL,2026-03-06,inconclusivo,http://www.gameofboards.com.br/,,+55 21 2557-7277,https://maps.google.com/?cid=1029999386000272622&g_mp=CiVnb29nbGUubWFwcy5wbGFjZXMudjEuUGxhY2VzLkdldFBsYWNlEAIYBCAA,2026-09-01,,,,,
ChIJ1SAzAGF_mQARQgP-yrPBxbQ,RED jogos,"Av. Treze de Maio, 23 - sala 533 - Centro, Rio de Janeiro - RJ, 20031-902, Brazil",Rio de Janeiro,ambas,nome+avaliacao,loja,point_of_interest;association_or_organization;store;establishment,4.7,800,OPERATIONAL,2025-10-01,inconclusivo,http://www.redjogos.com.br/,,+55 21 3174-2222,https://maps.google.com/?cid=13026030475187979074&g_mp=CiVnb29nbGUubWFwcy5wbGFjZXMudjEuUGxhY2VzLkdldFBsYWNlEAIYBCAA,2026-09-01,,,,,
ChIJ_cv0FwB_mQARkbW8bdLx99w,Vinoteca do Visconde Restaurante,"R. Visc. de Caravelas, 121 - Botafogo, Rio de Janeiro - RJ, 22271-041, Brazil",Rio de Janeiro,busca_automatica,avaliacao,alimentos_bebidas,restaurant;food;point_of_interest;establishment,4.9,546,OPERATIONAL,2026-08-08,sim,http://www.vinotecadovisconde.com.br/,,+55 21 97447-4565,https://maps.google.com/?cid=15922460893678187921&g_mp=CiVnb29nbGUubWFwcy5wbGFjZXMudjEuUGxhY2VzLkdldFBsYWNlEAIYBCAA,2026-09-01,,,,,
ChIJP3B-ZrJkmQARg8kuYENy-5c,CARDS OF PARADISE,"Av. Meriti, 908 - Vila da Penha, Rio de Janeiro - RJ, 21211-006, Brazil",Rio de Janeiro,busca_automatica,nome,loja,toy_store;store;point_of_interest;establishment,4.7,507,OPERATIONAL,2025-04-01,inconclusivo,https://www.cardsofparadise.com.br/,,+55 21 99985-8001,https://maps.google.com/?cid=10951472552583547267&g_mp=CiVnb29nbGUubWFwcy5wbGFjZXMudjEuUGxhY2VzLkdldFBsYWNlEAIYBCAA,2026-09-01,,,,,
ChIJYzHxUhR-mQARpqVtYD9th0c,Magic Store Brazil,"R. Teodoro da Silva, 240 - Vila Isabel, Rio de Janeiro - RJ, 20520-051, Brazil",Rio de Janeiro,busca_automatica,nome,loja,book_store;toy_store;point_of_interest;store;establishment,4.7,465,OPERATIONAL,,inconclusivo,http://www.magicstorebrasil.com.br/,,+55 21 3570-0076,https://maps.google.com/?cid=5154208417516987814&g_mp=CiVnb29nbGUubWFwcy5wbGFjZXMudjEuUGxhY2VzLkdldFBsYWNlEAIYBCAA,2026-09-16,,,,,
ChIJvW6OLYR_mQARfQmlE90hmt0,ANCIENT GAMES,"STAND 3 & 4 - Av. Rio Branco, 156 - 2° ANDAR LOJA 221 - Centro, Rio de Janeiro - RJ, 20040-003, Brazil",Rio de Janeiro,busca_automatica,nome,loja,electronics_store;point_of_interest;store;establishment,5,225,OPERATIONAL,,inconclusivo,,,+55 21 97721-4286,https://maps.google.com/?cid=15968112662196586877&g_mp=CiVnb29nbGUubWFwcy5wbGFjZXMudjEuUGxhY2VzLkdldFBsYWNlEAIYBCAA,2026-09-16,,,,,
ChIJA7jlA899mQARAEFLCN4b2oI,Bolsa do Infinito,"Rua Conde de Bonfim, 685 - Lj D Galeria - Tijuca, Rio de Janeiro - RJ, 20520-052, Brazil",Rio de Janeiro,lista_manual,,loja,store;point_of_interest;establishment,4.8,221,OPERATIONAL,2026-03-22,sim,http://www.bolsadoinfinito.com.br/,,+55 21 3082-5091,https://maps.google.com/?cid=9428879410289393920&g_mp=CiVnb29nbGUubWFwcy5wbGFjZXMudjEuUGxhY2VzLkdldFBsYWNlEAIYBCAA,2026-09-01,,,,,
ChIJ90Gs_9rVmwAReA7MnIyPLTE,Luderia Carioca,"R. do Catete, 62 - Catete, Rio de Janeiro - RJ, 22220-000, Brazil",Rio de Janeiro,busca_automatica,nome,loja,point_of_interest;store;establishment,4.7,212,OPERATIONAL,2026-07-19,sim,http://www.luderiacarioca.com/,,+55 21 97354-8602,https://maps.google.com/?cid=3543646315899260536&g_mp=CiVnb29nbGUubWFwcy5wbGFjZXMudjEuUGxhY2VzLkdldFBsYWNlEAIYBCAA,2026-09-01,,,,,
ChIJR027YxB-mQARNQF8yHujAtI,Point HQ,"Rua Conde de Bonfim, 685 - Sl 214 - Tijuca, Rio de Janeiro - RJ, 20520-052, Brazil",Rio de Janeiro,busca_automatica,avaliacao,loja,book_store;store;point_of_interest;establishment,4.5,203,OPERATIONAL,2026-03-17,sim,,,+55 21 99437-0280,https://maps.google.com/?cid=15132837449958162741&g_mp=CiVnb29nbGUubWFwcy5wbGFjZXMudjEuUGxhY2VzLkdldFBsYWNlEAIYBCAA,2026-09-01,,,,,
ChIJ-Ycyz4V_mQARA1w6hmRwoYs,Gamelândia,"Laranjeiras Mall - R. das Laranjeiras, 29 - 109 - Laranjeiras, Rio de Janeiro - RJ, 22240-000, Brazil",Rio de Janeiro,busca_automatica,nome,loja,toy_store;store;point_of_interest;establishment,3.3,135,OPERATIONAL,,inconclusivo,,,+55 21 2225-5909,https://maps.google.com/?cid=10061446619573410819&g_mp=CiVnb29nbGUubWFwcy5wbGFjZXMudjEuUGxhY2VzLkdldFBsYWNlEAIYBCAA,2026-09-16,,,,,
ChIJacpesF1_mQARYkxnwkecPwQ,Jiraya Games - Animes & Colecionáveis,"Mercado Popular Uruguaiana - R. Uruguaiana, S/N - Quadra B, BOX-103 - Centro, Rio de Janeiro - RJ, 20050-094, Brazil",Rio de Janeiro,busca_automatica,nome,loja,toy_store;store;point_of_interest;establishment,4.8,101,OPERATIONAL,,inconclusivo,https://www.instagram.com/jiraya_games/,jiraya_games,+55 21 98524-5207,https://maps.google.com/?cid=306135131702643810&g_mp=CiVnb29nbGUubWFwcy5wbGFjZXMudjEuUGxhY2VzLkdldFBsYWNlEAIYBCAA,2026-09-16,,,,,
ChIJWaZ0iVobFgcRHQqoOsbwU7A,LR Games - Especialista em Desbloqueio de Switch,"Centro Empresarial Imbui - R. Padre Casemiro Quiroga, 236 - BOX 1 - Imbuí, Salvador - BA, 41720-400, Brazil",Salvador,busca_automatica,nome,loja,store;point_of_interest;establishment,5,2124,OPERATIONAL,,inconclusivo,https://www.lrgames.com.br/ba,,+55 11 99258-2556,https://maps.google.com/?cid=12705763707920583197&g_mp=CiVnb29nbGUubWFwcy5wbGFjZXMudjEuUGxhY2VzLkdldFBsYWNlEAIYBCAA,2026-09-16,,,,,
ChIJwSZdhRwbFgcRLKgYBABeJEQ,Game Station,"Av. Tancredo Neves, 3133 - Loja 3001, Piso L3 - Caminho das Árvores, Salvador - BA, 41820-021, Brazil",Salvador,busca_automatica,nome,outro,amusement_park;point_of_interest;establishment,4.2,1219,OPERATIONAL,,inconclusivo,https://www.gamestation.com.br/,,+55 71 3342-7691,https://maps.google.com/?cid=4910152847902418988&g_mp=CiVnb29nbGUubWFwcy5wbGFjZXMudjEuUGxhY2VzLkdldFBsYWNlEAIYBCAA,2026-09-16,,,,,
ChIJI4Fkbz0bFgcRokxrQ1W40FI,Bahia Games,"Av. Tancredo Neves, 274 - Bloco A Sala 209 - Caminho das Árvores, Salvador - BA, 41820-020, Brazil",Salvador,busca_automatica,nome,loja,store;service;point_of_interest;establishment,4.5,1068,OPERATIONAL,,inconclusivo,http://bahiagames.com.br/,,+55 71 98270-7021,https://maps.google.com/?cid=5967472182608743586&g_mp=CiVnb29nbGUubWFwcy5wbGFjZXMudjEuUGxhY2VzLkdldFBsYWNlEAIYBCAA,2026-09-16,,,,,
ChIJoTlvBfMbFgcRHvuCKHBQrXQ,São Jogue - Bela Vista,"Alameda Euvaldo Luz, 92 - Pernambués, Salvador - BA, 41098-020, Brazil",Salvador,busca_automatica,nome+avaliacao,alimentos_bebidas,snack_bar;meal_takeaway;restaurant;food;store;point_of_interest;establishment,4.8,787,OPERATIONAL,2019-12-09,inconclusivo,https://saojogue.com.br/,,+55 71 99298-5046,https://maps.google.com/?cid=8407464522016815902&g_mp=CiVnb29nbGUubWFwcy5wbGFjZXMudjEuUGxhY2VzLkdldFBsYWNlEAIYBCAA,2026-09-01,,,,,
ChIJRwi-IMcEFgcR2QL8OciGdQ0,PlayGround Game Store,"Shopping Boulevard das Orquídeas - Av. Paulo VI, 1535 - Lj 101 - Pituba, Salvador - BA, 41810-000, Brazil",Salvador,busca_automatica,nome+avaliacao,loja,toy_store;store;point_of_interest;establishment,4.6,358,OPERATIONAL,2023-07-06,inconclusivo,http://www.playgroundgames.com.br/,,+55 71 99988-8871,https://maps.google.com/?cid=969829489292608217&g_mp=CiVnb29nbGUubWFwcy5wbGFjZXMudjEuUGxhY2VzLkdldFBsYWNlEAIYBCAA,2026-09-01,,,,,
ChIJV1s3wNMaFgcRYPQGS1HoO9Y,Soft & Games,"R. Marquês de Maricá - Pau Miúdo, Salvador - BA, 40310-000, Brazil",Salvador,busca_automatica,nome,loja,store;point_of_interest;establishment,4.7,247,OPERATIONAL,,inconclusivo,https://www.instagram.com/softgamesba/,softgamesba,+55 71 99201-5686,https://maps.google.com/?cid=15437187583591248992&g_mp=CiVnb29nbGUubWFwcy5wbGFjZXMudjEuUGxhY2VzLkdldFBsYWNlEAIYBCAA,2026-09-16,,,,,
ChIJ_YOROK8QFgcR4-vk3gUcjaw,Gamepólitan,"Av. Luís Viana Filho, 1590 - Itapuã, Salvador - BA, 41730-101, Brazil",Salvador,busca_automatica,nome,outro,event_venue;hotel;lodging;point_of_interest;establishment,4.2,222,OPERATIONAL,2018-12-27,inconclusivo,http://gamepolitan.com.br/,,+55 71 98815-8997,https://maps.google.com/?cid=12433624957779766243&g_mp=CiVnb29nbGUubWFwcy5wbGFjZXMudjEuUGxhY2VzLkdldFBsYWNlEAIYBCAA,2026-09-01,,,,,
ChIJTaG5ALpZzpQRUDErQ-RkfTs,Ludus Luderia,"R. Treze de Maio, 972 - Bela Vista, São Paulo - SP, 01327-000, Brazil",São Paulo,busca_automatica,nome+avaliacao,alimentos_bebidas,bar;sports_bar;association_or_organization;restaurant;food;point_of_interest;establishment,4.6,5137,OPERATIONAL,2026-05-12,sim,http://ludusluderia.com.br/,,+55 11 99241-2211,https://maps.google.com/?cid=4286693351868805456&g_mp=CiVnb29nbGUubWFwcy5wbGFjZXMudjEuUGxhY2VzLkdldFBsYWNlEAIYBCAA,2026-09-01,,,,,
ChIJN3xqoKlZzpQR-64Cv9fqOdo,Epic Game,"R. da Glória, 117 - Liberdade, São Paulo - SP, 01510-001, Brazil",São Paulo,busca_automatica,nome+avaliacao,loja,toy_store;store;association_or_organization;point_of_interest;establishment,4.5,3460,OPERATIONAL,2026-01-18,inconclusivo,http://www.epicgame.com.br/,,+55 11 3101-5259,https://maps.google.com/?cid=15724857786284289787&g_mp=CiVnb29nbGUubWFwcy5wbGFjZXMudjEuUGxhY2VzLkdldFBsYWNlEAIYBCAA,2026-09-01,,,,,
ChIJKeHwNv5ZzpQRlmzx9rCTWdM,Bodogami Restaurante e Cafeteria,"Av. da Liberdade, 456 - Liberdade, São Paulo - SP, 01502-001, Brazil",São Paulo,busca_automatica,nome+avaliacao,alimentos_bebidas,restaurant;coffee_shop;bar;food_store;cafe;food;point_of_interest;store;establishment,4.6,3386,OPERATIONAL,2026-08-07,sim,https://www.bodogami.com.br/,,+55 11 97702-8516,https://maps.google.com/?cid=15229366003196587158&g_mp=CiVnb29nbGUubWFwcy5wbGFjZXMudjEuUGxhY2VzLkdldFBsYWNlEAIYBCAA,2026-09-01,,,,,
ChIJ_aN4OAxXzpQR0UH63sAeVCA,Fan Hour Games and Burgers,"R. Artur de Azevedo, 898 - Pinheiros, São Paulo - SP, 05404-002, Brazil",São Paulo,busca_automatica,nome,alimentos_bebidas,hamburger_restaurant;american_restaurant;restaurant;food;point_of_interest;establishment,4.5,2363,OPERATIONAL,2026-02-27,inconclusivo,http://www.fanhour.com.br/,,+55 11 3063-2070,https://maps.google.com/?cid=2329520720980885969&g_mp=CiVnb29nbGUubWFwcy5wbGFjZXMudjEuUGxhY2VzLkdldFBsYWNlEAIYBCAA,2026-09-01,,,,,
ChIJ3SSHFIVZzpQROFCQyQ174H0,Domain Games,"R. Domingos de Morais, 1837 - Vila Mariana, São Paulo - SP, 04009-003, Brazil",São Paulo,busca_automatica,nome+avaliacao,loja,toy_store;store;point_of_interest;establishment,4.4,2052,OPERATIONAL,2022-10-03,inconclusivo,http://www.magicdomain.com.br/,,+55 11 5084-9864,https://maps.google.com/?cid=9070384948670648376&g_mp=CiVnb29nbGUubWFwcy5wbGFjZXMudjEuUGxhY2VzLkdldFBsYWNlEAIYBCAA,2026-09-01,,,,,
ChIJ__9TTnxCzpQRwVSzrOijkRY,Bravo Jogos,"Rua Coronel Alfredo Flaquer, 411 - Centro, Santo André - SP, 09020-030, Brazil",São Paulo,busca_automatica,nome,loja,toy_store;store;point_of_interest;establishment,4.9,1719,OPERATIONAL,2025-09-07,inconclusivo,https://bravojogos.com.br/,,+55 11 4427-1724,https://maps.google.com/?cid=1626261160182633665&g_mp=CiVnb29nbGUubWFwcy5wbGFjZXMudjEuUGxhY2VzLkdldFBsYWNlEAIYBCAA,2026-09-01,,,,,
ChIJ7_DDAlH1zpQRJVJ0UHnItH8,Covil Game Bar,"Rua do Saboó, 12 - Jardim Barbosa, Guarulhos - SP, 07111-030, Brazil",São Paulo,busca_automatica,nome,alimentos_bebidas,bar;point_of_interest;establishment,4.6,1714,OPERATIONAL,2024-07-15,inconclusivo,https://www.facebook.com/covilgb/,,+55 11 95021-1461,https://maps.google.com/?cid=9202200361991164453&g_mp=CiVnb29nbGUubWFwcy5wbGFjZXMudjEuUGxhY2VzLkdldFBsYWNlEAIYBCAA,2026-09-01,,,,,
ChIJE43rt29ZzpQRnvADt6pXfto,OMNIVERSE,"Rua Comendador Eduardo Saccab, 180 - Brooklin, São Paulo - SP, 04601-070, Brazil",São Paulo,busca_automatica,avaliacao,loja,book_store;store;point_of_interest;establishment,4.8,1145,OPERATIONAL,2026-01-30,inconclusivo,https://www.omniverse.com.br/,,+55 11 93028-2784,https://maps.google.com/?cid=15744117738060378270&g_mp=CiVnb29nbGUubWFwcy5wbGFjZXMudjEuUGxhY2VzLkdldFBsYWNlEAIYBCAA,2026-09-01,,,,,
ChIJZz29dnVXzpQRvRh7_YKyUN4,Encounter | Jogos de Tabuleiro | Board Games,"Av. dos Eucaliptos, 204 - Moema, São Paulo - SP, 04517-050, Brazil",São Paulo,busca_automatica,nome+avaliacao,alimentos_bebidas,association_or_organization;restaurant;food;point_of_interest;establishment,4.8,1123,OPERATIONAL,2026-06-29,sim,https://www.instagram.com/encounter.bg/,encounter.bg,+55 11 97225-4090,https://maps.google.com/?cid=16019500150225049789&g_mp=CiVnb29nbGUubWFwcy5wbGFjZXMudjEuUGxhY2VzLkdldFBsYWNlEAIYBCAA,2026-09-01,,,,,
ChIJU4gvvaJXzpQR1SPX6E4t1jQ,Good Game E-Sports Bar,"R. Mourato Coelho, 992 - Pinheiros, São Paulo - SP, 05417-001, Brazil",São Paulo,busca_automatica,nome,alimentos_bebidas,sports_bar;juice_shop;hookah_bar;hamburger_restaurant;car_repair;american_restaurant;bar;restaurant;service;store;point_of_interest;food;establishment,4.2,1104,OPERATIONAL,2023-09-01,inconclusivo,http://www.ggesportsbar.com.br/,,+55 11 99933-2828,https://maps.google.com/?cid=3807280351925445589&g_mp=CiVnb29nbGUubWFwcy5wbGFjZXMudjEuUGxhY2VzLkdldFBsYWNlEAIYBCAA,2026-09-01,,,,,
ChIJNcHw7jNYzpQRKRHPOrb4jEw,Play Easy,"R. Pedro Taques, 47 - Cerqueira César, São Paulo - SP, 01415-010, Brazil",São Paulo,busca_automatica,avaliacao,loja,association_or_organization;toy_store;store;point_of_interest;establishment,4.7,1002,OPERATIONAL,2026-05-01,sim,https://playeasy.com.br/,,+55 11 2594-9933,https://maps.google.com/?cid=5516057105176400169&g_mp=CiVnb29nbGUubWFwcy5wbGFjZXMudjEuUGxhY2VzLkdldFBsYWNlEAIYBCAA,2026-09-01,,,,,
ChIJP8bhwsRZzpQRO4LP-se7Y6k,Barba Games,"Av. Paulista, 726 - Sl 1202 - Bela Vista, São Paulo - SP, 01310-910, Brazil",São Paulo,busca_automatica,nome,loja,point_of_interest;store;establishment,4.9,831,OPERATIONAL,,inconclusivo,https://barbagames.com/,,+55 53 99924-2158,https://maps.google.com/?cid=12205805882684965435&g_mp=CiVnb29nbGUubWFwcy5wbGFjZXMudjEuUGxhY2VzLkdldFBsYWNlEAIYBCAA,2026-09-16,,,,,
ChIJi5zbZadgzpQRIYeuK_eqQio,XPlace,"R. Jordânia, 32 - Vila Guilhermina, São Paulo - SP, 03543-000, Brazil",São Paulo,triagem_manual,,loja,toy_store;store;point_of_interest;establishment,4.7,795,OPERATIONAL,,inconclusivo,http://www.xplace.com.br/,,+55 11 3798-0230,https://maps.google.com/?cid=3045184276622378785&g_mp=CiVnb29nbGUubWFwcy5wbGFjZXMudjEuUGxhY2VzLkdldFBsYWNlEAIYBCAA,2026-09-16,sim,,,,
ChIJo-6lZMlezpQRmgUpUPfmRIs,Pitta's Board Games,"R. Paraupava, 80 - Belenzinho, São Paulo - SP, 03171-060, Brazil",São Paulo,busca_automatica,nome+avaliacao,loja,toy_store;store;point_of_interest;association_or_organization;establishment,4.9,663,OPERATIONAL,2026-02-08,inconclusivo,http://www.pittasstore.com.br/,,+55 11 94784-2874,https://maps.google.com/?cid=10035399819564483994&g_mp=CiVnb29nbGUubWFwcy5wbGFjZXMudjEuUGxhY2VzLkdldFBsYWNlEAIYBCAA,2026-09-01,,,,,
ChIJbZRHQPRfzpQRz97-ZOg0yXA,Castelos Bar & Boardgames,"R. Serra de Botucatu, 995 - Vila Gomes Cardim, São Paulo - SP, 03317-000, Brazil",São Paulo,busca_automatica,nome+avaliacao,alimentos_bebidas,bar;association_or_organization;point_of_interest;establishment,4.6,617,OPERATIONAL,2024-08-15,inconclusivo,http://www.castelosbar.com.br/,,+55 11 3564-0577,https://maps.google.com/?cid=8127085175298252495&g_mp=CiVnb29nbGUubWFwcy5wbGFjZXMudjEuUGxhY2VzLkdldFBsYWNlEAIYBCAA,2026-09-01,,,,,
ChIJ9SkRAaNZzpQRvKN5crM-sQk,Duel Shop Games,"R. Castro Alves, 31 - Loja14 - Liberdade, São Paulo - SP, 01532-000, Brazil",São Paulo,busca_automatica,nome,loja,toy_store;store;point_of_interest;establishment,4.4,605,OPERATIONAL,,inconclusivo,http://duelshop.com.br/,,+55 11 2495-8207,https://maps.google.com/?cid=698408357659780028&g_mp=CiVnb29nbGUubWFwcy5wbGFjZXMudjEuUGxhY2VzLkdldFBsYWNlEAIYBCAA,2026-09-16,,,,,
ChIJkWsGmd1czpQRGLydxc29vbw,Place Games,"R. Martim Francisco, 554 - Santa Paula, São Caetano do Sul - SP, 09541-330, Brazil",São Paulo,busca_automatica,nome+avaliacao,alimentos_bebidas,hamburger_restaurant;barbecue_restaurant;american_restaurant;restaurant;point_of_interest;association_or_organization;store;food;establishment,4.8,572,OPERATIONAL,2026-07-17,sim,http://www.placegames.com.br/,,+55 11 2311-2231,https://maps.google.com/?cid=13600235141210160152&g_mp=CiVnb29nbGUubWFwcy5wbGFjZXMudjEuUGxhY2VzLkdldFBsYWNlEAIYBCAA,2026-09-01,,,,,
ChIJa3UsDhRczpQRPPSuDl6acO8,"Flow Games - Burgers, Cards & Comunidade","Rua Dona Genoveva D'Ascoli, 17 - Vila Prudente, São Paulo - SP, 03132-070, Brazil",São Paulo,busca_automatica,nome+avaliacao,alimentos_bebidas,hamburger_restaurant;american_restaurant;toy_store;restaurant;point_of_interest;association_or_organization;store;food;establishment,4.6,503,OPERATIONAL,2024-03-20,inconclusivo,https://www.flowstore.com.br/,,+55 11 91475-3637,https://maps.google.com/?cid=17253459901220320316&g_mp=CiVnb29nbGUubWFwcy5wbGFjZXMudjEuUGxhY2VzLkdldFBsYWNlEAIYBCAA,2026-09-01,,,,,
ChIJF9j3OCRbzpQRkk74_QtOk_0,Coletivo Geek,"Alameda dos Nhambiquaras, 2013 - Moema, São Paulo - SP, 04090-013, Brazil",São Paulo,busca_automatica,nome+avaliacao,alimentos_bebidas,business_center;hamburger_restaurant;cocktail_bar;coffee_shop;cafe;bar;food_store;american_restaurant;restaurant;food;store;point_of_interest;service;establishment,4.7,477,OPERATIONAL,2024-11-30,inconclusivo,https://linktr.ee/coletivogeekbr,,+55 11 91332-5962,https://maps.google.com/?cid=18272033926584749714&g_mp=CiVnb29nbGUubWFwcy5wbGFjZXMudjEuUGxhY2VzLkdldFBsYWNlEAIYBCAA,2026-09-01,,,,,
ChIJn7uU0RNbzpQRI4GI9KHOo_s,Jogasampa,"Alameda dos Anapurus, 1664 - Moema, São Paulo - SP, 04087-006, Brazil",São Paulo,busca_automatica,avaliacao,loja,store;point_of_interest;establishment,4.7,402,OPERATIONAL,2026-07-20,sim,https://www.jogasampa.com.br/,,+55 11 5096-6548,https://maps.google.com/?cid=18132563719711392035&g_mp=CiVnb29nbGUubWFwcy5wbGFjZXMudjEuUGxhY2VzLkdldFBsYWNlEAIYBCAA,2026-09-01,,,,,
ChIJCx56LglXzpQRjsVd_C36FN4,UZ Games,"Av. Rebouças, 3970 - Pinheiros, São Paulo - SP, 05402-600, Brazil",São Paulo,busca_automatica,nome,loja,store;point_of_interest;establishment,4.1,251,OPERATIONAL,,inconclusivo,,,+55 11 3031-2721,https://maps.google.com/?cid=16002690451368691086&g_mp=CiVnb29nbGUubWFwcy5wbGFjZXMudjEuUGxhY2VzLkdldFBsYWNlEAIYBCAA,2026-09-16,,,,,
ChIJrT_EWwBZzpQRGAZzptZbtsY,Cartola Luderia Bar,"R. Dr. Siqueira Campos, 42 - Liberdade, São Paulo - SP, 01153-000, Brazil",São Paulo,busca_automatica,nome+avaliacao,alimentos_bebidas,bar;point_of_interest;establishment,4.7,242,OPERATIONAL,2026-08-04,sim,,,+55 11 98818-6051,https://maps.google.com/?cid=14318733042744755736&g_mp=CiVnb29nbGUubWFwcy5wbGFjZXMudjEuUGxhY2VzLkdldFBsYWNlEAIYBCAA,2026-09-01,,,,,
ChIJiZJ_DnIDz5QRaVafFCXGkUE,Dungeon Games Store,"R. Duque de Caxias, 317 - Loja 4, 2º Subsolo - Centro, Barueri - SP, 06401-010, Brazil",São Paulo,busca_automatica,nome,alimentos_bebidas,hamburger_restaurant;toy_store;coffee_shop;cafe;food_store;american_restaurant;restaurant;food;store;point_of_interest;association_or_organization;establishment,4.9,217,OPERATIONAL,,inconclusivo,https://www.dungeongamesstore.com.br/,,+55 11 97062-0040,https://maps.google.com/?cid=4724775346650437225&g_mp=CiVnb29nbGUubWFwcy5wbGFjZXMudjEuUGxhY2VzLkdldFBsYWNlEAIYBCAA,2026-09-16,,,,,
ChIJXbP37X1RzpQRZPCh6OsX9IM,"Expresso Board Games | Jogos de Tabuleiro - Board Games, Card Games & Acessórios","Rua Euclides Stoffel de Lima, 56 - Vila Cruzeiro, São Paulo - SP, 04726-050, Brazil",São Paulo,busca_automatica,nome,loja,association_or_organization;store;point_of_interest;establishment,5,208,OPERATIONAL,2024-11-22,inconclusivo,https://www.expressoboardgames.com.br/,,+55 11 99293-0446,https://maps.google.com/?cid=9508251015273640036&g_mp=CiVnb29nbGUubWFwcy5wbGFjZXMudjEuUGxhY2VzLkdldFBsYWNlEAIYBCAA,2026-09-01,,,,,
ChIJYWaY5qhZzpQRmmO3L2JjaoE,Hotyugioh Cards & Toys,"R. Galvão Bueno, 40/44 - Lj 220 - Liberdade, São Paulo - SP, 01506-000, Brazil",São Paulo,busca_automatica,nome,loja,toy_store;store;point_of_interest;establishment,4.3,206,OPERATIONAL,,inconclusivo,https://www.instagram.com/lojahotyugioh?igsh=aTkyeWxscGt1eWoy,lojahotyugioh,+55 11 98352-0667,https://maps.google.com/?cid=9325375251782525850&g_mp=CiVnb29nbGUubWFwcy5wbGFjZXMudjEuUGxhY2VzLkdldFBsYWNlEAIYBCAA,2026-09-16,,,,,
ChIJO7xc2qZbzpQRfyZR6yK538I,Polar Jogos,"Alameda dos Nhambiquaras, 2013 - Moema, São Paulo - SP, 04090-013, Brazil",São Paulo,busca_automatica,nome+avaliacao,loja,toy_store;event_venue;service;store;point_of_interest;establishment,4.8,189,OPERATIONAL,2026-04-17,sim,http://polarjogos.com.br/,,+55 11 97677-7824,https://maps.google.com/?cid=14042145722792486527&g_mp=CiVnb29nbGUubWFwcy5wbGFjZXMudjEuUGxhY2VzLkdldFBsYWNlEAIYBCAA,2026-09-01,,,,,
ChIJYTHwWgBbzpQRFenbJdM5cxU,Arena BG | Jogos de Tabuleiro | Hamburgueria,"R. Lino Coutinho, 1791 - Ipiranga, São Paulo - SP, 04207-002, Brazil",São Paulo,busca_automatica,nome+avaliacao,alimentos_bebidas,hamburger_restaurant;cocktail_bar;bar;american_restaurant;restaurant;point_of_interest;association_or_organization;store;food;establishment,4.8,145,OPERATIONAL,2026-08-08,sim,https://arenabg.com.br/,,+55 11 91504-1212,https://maps.google.com/?cid=1545642676154263829&g_mp=CiVnb29nbGUubWFwcy5wbGFjZXMudjEuUGxhY2VzLkdldFBsYWNlEAIYBCAA,2026-09-01,,,,,
ChIJAfog1rL5zpQRrkw6_F9zX3k,MTG Cards Games,"R. Valentim de Barros, 142 - Freguesia do Ó, São Paulo - SP, 02733-070, Brazil",São Paulo,busca_automatica,nome,loja,toy_store;store;point_of_interest;establishment,4.6,138,OPERATIONAL,,inconclusivo,https://www.mtgcardsgames.com.br/,,+55 11 2614-4238,https://maps.google.com/?cid=8745835857467559086&g_mp=CiVnb29nbGUubWFwcy5wbGFjZXMudjEuUGxhY2VzLkdldFBsYWNlEAIYBCAA,2026-09-16,,,,,
ChIJH_2Y3hhZzpQRugQWaocGzpU,MainDeck Card Games e Acessórios,"R. Galvão Bueno, 714 - 2º Andar - Liberdade, São Paulo - SP, 01506-000, Brazil",São Paulo,busca_automatica,nome,loja,toy_store;store;point_of_interest;establishment,4.7,137,OPERATIONAL,,inconclusivo,http://www.maindeck.com.br/,,+55 11 3796-6913,https://maps.google.com/?cid=10794572535523837114&g_mp=CiVnb29nbGUubWFwcy5wbGFjZXMudjEuUGxhY2VzLkdldFBsYWNlEAIYBCAA,2026-09-16,,,,,
ChIJ7_r9xnMZuAARN1VAw1KnCcI,Machado Games,"Ed. Tropical Center, Torre B - Av. Des. Dermeval Lyrio, 640 - Sala 210 - Mata da Praia, Vitória - ES, 29065-340, Brazil",Vitória,busca_automatica,nome,loja,toy_store;electronics_store;store;point_of_interest;establishment,5,497,OPERATIONAL,,inconclusivo,http://www.machadogames.com.br/,,+55 27 98158-1200,https://maps.google.com/?cid=13981890492053345591&g_mp=CiVnb29nbGUubWFwcy5wbGFjZXMudjEuUGxhY2VzLkdldFBsYWNlEAIYBCAA,2026-09-16,,,,,
ChIJ9_R9fMQXuAAROpd9sDcyE9k,MR Games Technical Assistance,"Avenida Nossa Senhora da Penha, 356 - Loja 11 - Piso 1 - Praia do Canto, Vitória - ES, 29055-131, Brazil",Vitória,busca_automatica,nome,loja,store;point_of_interest;service;establishment,4.6,296,OPERATIONAL,,inconclusivo,http://wa.me/5527988483506,,+55 27 3019-6299,https://maps.google.com/?cid=15641901145553475386&g_mp=CiVnb29nbGUubWFwcy5wbGFjZXMudjEuUGxhY2VzLkdldFBsYWNlEAIYBCAA,2026-09-16,,,,,
ChIJ9_R9fMQXuAARxW6KKJ-e1AU,Mario Games e Celulares,"Shopping Boulevard da Praia - Av. Nossa Sra. da Penha, 356 - Lj 35 Terreo - Praia do Canto, Vitória - ES, 29055-131, Brazil",Vitória,busca_automatica,nome,loja,electronics_store;store;point_of_interest;establishment,4.4,234,OPERATIONAL,,inconclusivo,http://www.olx.com.br/perfil/mario-games-blvd-7bbf3fb6,,+55 27 99271-9386,https://maps.google.com/?cid=420135071669448389&g_mp=CiVnb29nbGUubWFwcy5wbGFjZXMudjEuUGxhY2VzLkdldFBsYWNlEAIYBCAA,2026-09-16,,,,,
ChIJ2Rw1_KI9uAARzFm94YVkElk,Vitória Games,"Av. Jerônimo Monteiro, 793 - Centro, Vitória - ES, 29010-004, Brazil",Vitória,busca_automatica,nome,loja,store;point_of_interest;establishment,3.8,174,OPERATIONAL,,inconclusivo,https://vitoriagames.com.br/,,+55 27 3025-2146,https://maps.google.com/?cid=6418302945137088972&g_mp=CiVnb29nbGUubWFwcy5wbGFjZXMudjEuUGxhY2VzLkdldFBsYWNlEAIYBCAA,2026-09-16,,,,,
ChIJwdTqoR8YuAARAAa5RuP5_dM,Power Games Ltd.,"R. Cândido Ramos, 30 - Lj 03 - Jardim da Penha, Vitória - ES, 29060-090, Brazil",Vitória,busca_automatica,nome,loja,store;point_of_interest;establishment,4.3,167,OPERATIONAL,,inconclusivo,https://www.instagram.com/powershakeclub/,powershakeclub,+55 27 98822-6181,https://maps.google.com/?cid=15275640265650013696&g_mp=CiVnb29nbGUubWFwcy5wbGFjZXMudjEuUGxhY2VzLkdldFBsYWNlEAIYBCAA,2026-09-16,,,,,
ChIJfyav9YI9uAARjwbBqcRm2_k,Café Geek Cafeteria e Ludoteca,"R. São Marcos, 127 - Santa Inês, Vila Velha - ES, 29108-050, Brazil",Vitória,busca_automatica,nome,alimentos_bebidas,coffee_shop;cafe;food_store;food;store;point_of_interest;establishment,5,148,OPERATIONAL,2026-03-06,inconclusivo,,,+55 27 99283-8020,https://maps.google.com/?cid=18004096930191312527&g_mp=CiVnb29nbGUubWFwcy5wbGFjZXMudjEuUGxhY2VzLkdldFBsYWNlEAIYBCAA,2026-09-01,,,,,
